source,target,weight
0,4,80
0,13,45
0,16,60
0,26,89
0,33,24
0,36,89
0,41,28
0,44,63
0,47,74
0,49,58
0,53,72
0,57,37
0,70,12
0,71,90
0,72,3
0,76,76
0,86,99
0,98,45
0,103,45
0,105,5
0,106,61
0,110,10
0,111,50
0,113,85
0,118,32
0,125,66
0,126,57
0,128,23
0,129,92
0,130,34
0,133,75
0,135,2
0,136,76
0,137,96
0,140,23
0,142,54
0,143,29
0,145,90
0,150,9
0,153,81
0,157,81
0,160,6
0,168,77
0,170,65
0,173,26
0,174,59
0,175,15
0,178,24
0,187,85
0,188,33
0,190,81
0,200,25
0,202,3
0,203,68
0,215,45
0,218,46
0,224,12
0,226,57
0,229,25
0,230,98
0,233,69
0,235,67
0,238,66
0,239,15
0,243,77
0,248,100
0,249,100
0,250,48
0,256,3
0,265,65
0,267,20
0,268,20
0,274,68
0,275,7
0,277,20
0,280,40
0,282,48
0,283,79
0,284,67
0,286,46
0,290,80
0,307,93
0,308,14
0,310,27
0,311,84
0,321,58
0,325,27
0,331,79
0,333,52
0,334,93
0,336,7
0,337,23
0,338,40
0,341,52
0,344,97
0,354,72
0,356,14
0,361,37
0,362,20
0,363,11
0,369,26
0,370,76
0,372,75
0,373,65
0,374,9
0,375,36
0,378,26
0,379,22
0,392,40
0,403,43
0,404,17
0,406,15
0,407,12
0,413,33
0,415,13
0,416,54
0,418,69
0,419,9
0,425,84
0,430,82
0,432,89
0,433,88
0,436,81
0,447,9
0,451,26
0,460,84
0,466,84
0,467,85
0,474,40
0,475,31
0,482,25
0,488,17
0,491,67
0,494,58
0,498,2
0,499,46
0,501,95
0,503,1
0,506,84
0,508,57
0,509,96
0,1,95
0,511,63
1,2,68
1,3,71
1,5,18
1,8,46
1,9,67
1,12,32
1,16,17
1,20,37
1,22,75
1,24,48
1,29,83
1,31,21
1,33,58
1,34,23
1,35,11
1,36,91
1,37,2
1,41,28
1,44,30
1,48,56
1,53,80
1,54,43
1,58,42
1,66,51
1,69,12
1,73,100
1,74,41
1,77,89
1,78,94
1,82,41
1,87,64
1,89,99
1,91,7
1,93,57
1,94,75
1,98,16
1,99,42
1,100,47
1,104,71
1,109,50
1,111,38
1,113,13
1,123,94
1,126,98
1,130,39
1,139,48
1,142,27
1,144,45
1,147,91
1,149,14
1,154,49
1,155,47
1,161,12
1,163,66
1,164,15
1,167,92
1,174,98
1,181,27
1,182,17
1,185,22
1,187,2
1,188,26
1,189,29
1,190,59
1,192,50
1,197,76
1,210,97
1,211,61
1,212,68
1,213,21
1,214,80
1,216,11
1,224,38
1,230,17
1,231,68
1,233,30
1,235,61
1,236,25
1,241,9
1,244,64
1,246,20
1,249,74
1,253,95
1,254,91
1,255,91
1,260,10
1,264,63
1,265,39
1,267,81
1,273,88
1,275,28
1,276,18
1,280,64
1,281,43
1,282,59
1,284,44
1,286,19
1,287,8
1,293,92
1,295,50
1,301,53
1,303,96
1,306,33
1,308,33
1,309,52
1,314,18
1,315,61
1,319,89
1,325,7
1,333,56
1,338,40
1,339,5
1,347,53
1,353,86
1,354,56
1,361,48
1,367,75
1,368,76
1,370,94
1,371,70
1,372,8
1,374,76
1,375,31
1,379,81
1,382,42
1,388,46
1,393,78
1,397,87
1,398,91
1,402,51
1,406,21
1,407,73
1,409,80
1,412,36
1,413,49
1,418,6
1,420,84
1,423,2
1,425,63
1,426,75
1,427,71
1,428,49
1,429,97
1,433,90
1,442,43
1,448,97
1,450,31
1,454,10
1,456,45
1,461,78
1,474,69
1,484,62
1,485,33
1,486,16
1,487,56
1,495,68
1,499,13
1,500,3
1,502,50
1,503,46
1,508,41
1,509,84
2,8,16
2,13,14
2,23,30
2,24,6
2,32,3
2,34,44
2,37,73
2,45,5
2,50,60
2,54,95
2,55,91
2,56,56
2,57,16
2,64,63
2,67,54
2,70,66
2,73,68
2,76,13
2,77,7
2,78,1
2,80,3
2,88,92
2,93,100
2,94,28
2,95,53
2,99,98
2,101,94
2,108,19
2,111,93
2,112,95
2,114,44
2,115,46
2,118,70
2,121,81
2,124,53
2,127,12
2,130,7
2,132,32
2,141,51
2,149,24
2,151,90
2,153,50
2,155,15
2,157,27
2,160,40
2,165,80
2,166,88
2,174,52
2,176,5
2,179,23
2,181,8
2,184,28
2,189,63
2,190,100
2,194,68
2,196,51
2,201,78
2,204,65
2,205,39
2,207,70
2,209,6
2,210,45
2,213,73
2,220,92
2,221,80
2,222,49
2,223,77
2,224,96
2,225,33
2,229,93
2,231,90
2,233,25
2,237,41
2,240,93
2,242,1
2,247,63
2,251,67
2,252,46
2,255,43
2,262,9
2,271,48
2,274,60
2,275,98
2,279,59
2,281,1
2,283,91
2,290,69
2,295,99
2,303,46
2,305,4
2,307,78
2,309,71
2,312,63
2,315,22
2,317,53
2,320,96
2,326,83
2,327,42
2,328,46
2,336,40
2,359,79
2,360,98
2,367,83
2,370,47
2,375,81
2,379,73
2,382,71
2,388,53
2,391,2
2,397,5
2,400,51
2,401,91
2,407,11
2,413,69
2,418,97
2,420,33
2,423,93
2,424,11
2,425,73
2,429,72
2,430,61
2,431,81
2,432,33
2,434,32
2,437,57
2,439,15
2,449,5
2,450,33
2,451,11
2,454,85
2,459,59
2,461,92
2,465,89
2,472,54
2,487,83
2,490,100
2,491,83
2,494,20
2,507,66
2,510,44
2,3,59
3,6,94
3,7,32
3,8,70
3,10,98
3,13,79
3,14,97
3,16,96
3,17,10
3,20,49
3,22,53
3,23,60
3,26,100
3,27,3
3,28,34
3,36,94
3,43,32
3,46,80
3,53,32
3,55,53
3,56,62
3,58,63
3,68,58
3,69,37
3,72,80
3,74,100
3,79,8
3,81,57
3,82,82
3,88,40
3,89,35
3,93,71
3,94,68
3,101,41
3,110,25
3,119,18
3,121,30
3,125,15
3,126,41
3,127,24
3,130,90
3,140,57
3,148,88
3,157,98
3,158,35
3,163,88
3,164,57
3,166,86
3,171,39
3,174,23
3,180,53
3,182,9
3,185,21
3,186,94
3,188,9
3,190,53
3,195,95
3,196,14
3,197,8
3,200,100
3,205,4
3,211,1
3,213,4
3,214,64
3,219,40
3,224,29
3,226,9
3,234,75
3,252,59
3,257,21
3,260,82
3,263,81
3,268,47
3,270,90
3,271,85
3,280,51
3,283,65
3,284,37
3,287,60
3,290,37
3,296,88
3,300,31
3,305,28
3,310,69
3,313,42
3,316,68
3,321,31
3,324,78
3,325,22
3,326,79
3,330,96
3,334,80
3,335,48
3,337,82
3,339,56
3,340,12
3,341,41
3,346,12
3,350,47
3,351,24
3,353,42
3,360,22
3,361,1
3,363,7
3,366,86
3,367,77
3,368,17
3,370,69
3,375,16
3,381,27
3,382,97
3,383,19
3,384,98
3,387,26
3,392,25
3,395,50
3,396,31
3,402,19
3,406,61
3,411,89
3,423,34
3,424,33
3,438,37
3,442,14
3,443,38
3,444,22
3,445,73
3,447,34
3,450,9
3,451,30
3,455,43
3,457,75
3,471,65
3,474,55
3,476,60
3,477,23
3,478,51
3,486,55
3,488,10
3,499,86
3,502,57
3,507,52
3,509,29
3,510,80
3,511,30
3,4,72
4,8,61
4,14,84
4,20,71
4,22,65
4,27,43
4,28,4
4,29,66
4,31,56
4,32,14
4,38,44
4,42,70
4,45,61
4,54,13
4,57,29
4,59,69
4,60,58
4,64,72
4,65,66
4,67,77
4,69,90
4,71,86
4,72,71
4,73,51
4,78,80
4,82,90
4,84,83
4,86,47
4,90,87
4,96,3
4,97,50
4,101,47
4,102,80
4,103,42
4,119,54
4,124,73
4,125,5
4,126,46
4,131,59
4,132,7
4,135,66
4,136,57
4,140,71
4,142,29
4,149,85
4,150,41
4,154,32
4,156,95
4,164,57
4,174,6
4,175,82
4,181,99
4,185,71
4,190,30
4,197,5
4,199,12
4,205,96
4,208,68
4,210,59
4,220,31
4,221,35
4,230,42
4,235,86
4,242,32
4,244,46
4,248,85
4,251,99
4,257,86
4,258,43
4,261,77
4,262,48
4,263,53
4,267,50
4,268,52
4,272,37
4,274,88
4,277,14
4,279,44
4,286,42
4,287,82
4,288,9
4,290,13
4,291,43
4,293,25
4,295,3
4,296,79
4,299,40
4,303,54
4,305,83
4,308,18
4,310,78
4,314,46
4,323,51
4,324,3
4,332,19
4,335,70
4,336,66
4,343,83
4,345,71
4,348,71
4,349,17
4,350,24
4,356,27
4,357,81
4,359,58
4,360,93
4,361,39
4,367,4
4,371,26
4,374,23
4,379,2
4,380,35
4,381,11
4,385,25
4,391,2
4,392,53
4,396,4
4,397,68
4,399,70
4,400,43
4,401,60
4,405,96
4,411,51
4,417,19
4,419,11
4,424,96
4,425,57
4,427,59
4,428,74
4,430,25
4,435,53
4,437,56
4,440,15
4,441,67
4,442,4
4,447,32
4,451,96
4,460,90
4,461,28
4,464,65
4,466,41
4,470,95
4,471,66
4,472,3
4,478,84
4,480,58
4,484,2
4,485,15
4,486,6
4,489,45
4,491,53
4,503,52
4,506,79
4,5,88
5,8,84
5,10,33
5,16,86
5,17,99
5,18,29
5,20,68
5,24,81
5,27,30
5,28,87
5,32,71
5,33,64
5,39,78
5,41,86
5,53,81
5,58,53
5,60,73
5,61,14
5,68,94
5,69,39
5,70,7
5,73,27
5,80,100
5,81,94
5,84,14
5,87,30
5,90,7
5,94,54
5,95,46
5,97,13
5,101,24
5,102,78
5,106,78
5,117,56
5,124,81
5,125,4
5,126,21
5,130,1
5,135,10
5,136,44
5,139,7
5,144,37
5,149,50
5,151,66
5,158,29
5,159,49
5,160,19
5,164,10
5,172,80
5,173,1
5,180,70
5,186,37
5,201,29
5,202,79
5,205,8
5,206,75
5,210,38
5,213,22
5,214,99
5,216,97
5,218,69
5,224,60
5,227,18
5,230,54
5,231,18
5,233,83
5,236,47
5,240,32
5,243,51
5,247,49
5,250,38
5,253,44
5,254,22
5,255,42
5,256,94
5,260,85
5,261,33
5,265,99
5,266,79
5,268,1
5,272,72
5,278,16
5,282,69
5,284,10
5,286,78
5,295,33
5,297,94
5,301,66
5,304,26
5,305,79
5,309,63
5,310,10
5,313,54
5,317,10
5,322,18
5,324,19
5,325,49
5,326,28
5,327,64
5,329,29
5,336,43
5,341,49
5,344,23
5,349,97
5,351,90
5,356,92
5,360,96
5,361,59
5,367,8
5,368,7
5,372,80
5,374,88
5,387,95
5,399,67
5,401,19
5,405,100
5,411,85
5,412,43
5,415,13
5,418,1
5,419,21
5,420,80
5,421,88
5,427,91
5,429,99
5,430,83
5,432,52
5,442,85
5,445,48
5,455,72
5,457,90
5,460,6
5,461,80
5,464,78
5,469,74
5,482,58
5,485,72
5,487,15
5,488,64
5,491,23
5,495,32
5,497,92
5,503,96
5,511,59
5,6,38
6,8,87
6,12,61
6,16,53
6,17,18
6,18,49
6,20,31
6,23,18
6,28,80
6,32,41
6,34,42
6,37,90
6,43,41
6,46,22
6,49,47
6,53,16
6,55,15
6,59,42
6,60,1
6,64,7
6,65,92
6,67,98
6,79,30
6,80,100
6,82,19
6,89,97
6,94,76
6,98,40
6,101,7
6,103,98
6,104,97
6,105,11
6,114,29
6,115,33
6,118,85
6,119,96
6,123,41
6,124,65
6,133,53
6,138,17
6,141,73
6,143,57
6,144,95
6,146,11
6,162,77
6,169,85
6,174,41
6,175,35
6,180,4
6,188,24
6,190,15
6,193,14
6,198,59
6,202,4
6,204,98
6,206,97
6,208,79
6,211,72
6,214,19
6,216,92
6,217,83
6,219,80
6,221,63
6,223,21
6,227,97
6,231,23
6,232,99
6,235,65
6,236,97
6,238,47
6,241,56
6,243,54
6,251,73
6,260,100
6,262,58
6,267,20
6,279,63
6,280,75
6,282,49
6,285,60
6,294,99
6,298,54
6,305,83
6,308,66
6,313,80
6,314,48
6,319,65
6,322,91
6,327,34
6,342,92
6,343,69
6,345,89
6,351,79
6,355,58
6,361,56
6,364,94
6,371,20
6,376,14
6,379,24
6,380,72
6,381,86
6,387,8
6,397,15
6,399,17
6,403,41
6,410,32
6,411,94
6,415,27
6,419,67
6,420,63
6,421,48
6,426,67
6,430,34
6,443,96
6,445,18
6,446,16
6,447,20
6,448,96
6,452,56
6,455,3
6,473,4
6,475,91
6,478,39
6,479,87
6,480,70
6,481,47
6,487,28
6,490,47
6,491,41
6,499,12
6,502,48
6,504,73
6,508,97
6,510,13
6,7,11
7,8,25
7,11,69
7,12,87
7,15,61
7,17,91
7,19,56
7,21,45
7,23,54
7,28,100
7,30,8
7,33,9
7,35,88
7,40,28
7,43,9
7,46,7
7,51,2
7,57,90
7,58,28
7,60,71
7,62,33
7,63,44
7,65,70
7,66,3
7,76,2
7,78,71
7,82,35
7,86,52
7,90,54
7,92,6
7,93,85
7,96,96
7,100,20
7,105,37
7,107,62
7,108,22
7,110,93
7,112,50
7,120,18
7,129,89
7,135,71
7,140,61
7,142,80
7,143,79
7,144,5
7,146,11
7,148,98
7,149,29
7,151,55
7,158,12
7,162,65
7,164,60
7,166,69
7,169,47
7,184,84
7,185,87
7,186,5
7,187,61
7,188,20
7,189,94
7,196,21
7,202,88
7,211,66
7,220,3
7,236,49
7,242,21
7,246,16
7,256,69
7,258,75
7,260,28
7,265,52
7,266,4
7,270,45
7,272,24
7,273,90
7,274,92
7,277,33
7,279,53
7,280,23
7,287,86
7,292,6
7,294,89
7,295,58
7,296,61
7,297,85
7,299,75
7,301,71
7,309,92
7,315,15
7,316,15
7,317,37
7,321,20
7,322,63
7,326,42
7,332,54
7,334,55
7,337,4
7,340,96
7,346,98
7,352,86
7,353,88
7,357,59
7,361,96
7,365,88
7,366,11
7,369,43
7,370,44
7,373,72
7,381,82
7,382,100
7,386,5
7,395,82
7,396,93
7,397,34
7,398,25
7,399,77
7,401,74
7,402,54
7,404,77
7,406,42
7,408,45
7,412,11
7,413,67
7,418,38
7,419,71
7,420,25
7,427,26
7,440,51
7,442,43
7,444,86
7,446,7
7,447,3
7,448,78
7,454,69
7,456,75
7,458,61
7,463,61
7,464,41
7,467,80
7,468,14
7,483,6
7,489,90
7,493,91
7,500,94
7,503,60
7,504,63
7,506,51
7,507,23
7,508,65
7,509,64
7,510,92
8,11,34
8,12,25
8,14,95
8,15,38
8,16,39
8,17,69
8,24,9
8,25,65
8,28,21
8,35,36
8,44,23
8,45,7
8,48,66
8,57,99
8,59,52
8,62,57
8,66,67
8,69,71
8,70,7
8,71,92
8,74,56
8,75,35
8,78,7
8,82,41
8,87,43
8,95,59
8,96,49
8,98,53
8,100,6
8,101,95
8,103,26
8,104,71
8,106,33
8,109,87
8,111,31
8,113,45
8,114,42
8,116,30
8,120,35
8,122,88
8,123,42
8,124,23
8,126,57
8,128,89
8,137,29
8,144,21
8,148,97
8,149,1
8,151,84
8,155,80
8,158,95
8,159,11
8,168,17
8,170,77
8,176,97
8,181,21
8,184,62
8,185,85
8,186,2
8,187,28
8,188,83
8,191,5
8,192,73
8,195,66
8,196,50
8,200,77
8,203,51
8,206,59
8,215,71
8,225,28
8,227,68
8,233,28
8,240,20
8,241,63
8,243,95
8,244,57
8,247,3
8,258,94
8,260,49
8,267,56
8,271,1
8,272,81
8,273,91
8,276,30
8,279,42
8,280,17
8,284,68
8,286,60
8,287,18
8,296,28
8,298,14
8,300,32
8,302,45
8,306,6
8,321,1
8,323,21
8,331,97
8,333,89
8,336,82
8,338,4
8,339,91
8,344,92
8,347,54
8,348,97
8,356,32
8,359,4
8,363,96
8,364,24
8,366,40
8,367,39
8,374,73
8,381,90
8,382,88
8,386,65
8,390,24
8,391,25
8,397,70
8,405,45
8,410,27
8,413,92
8,414,69
8,415,93
8,417,80
8,418,7
8,419,16
8,422,52
8,423,62
8,424,39
8,427,93
8,430,62
8,431,50
8,432,71
8,433,35
8,436,44
8,444,92
8,445,33
8,446,6
8,447,23
8,448,38
8,449,87
8,452,25
8,458,17
8,466,88
8,467,15
8,473,11
8,476,95
8,477,100
8,482,59
8,485,37
8,490,68
8,494,7
8,497,56
8,498,46
8,499,88
8,500,55
8,511,34
8,9,11
9,15,49
9,18,65
9,20,6
9,21,35
9,23,10
9,24,33
9,33,15
9,34,40
9,40,4
9,41,20
9,44,81
9,47,64
9,49,40
9,51,5
9,52,47
9,53,66
9,57,90
9,61,20
9,65,91
9,67,10
9,68,56
9,69,48
9,72,76
9,73,28
9,74,34
9,77,20
9,86,32
9,88,22
9,89,81
9,90,70
9,91,100
9,92,76
9,96,2
9,98,79
9,100,64
9,101,63
9,103,6
9,104,94
9,110,6
9,111,70
9,112,5
9,114,73
9,118,27
9,119,24
9,120,86
9,123,92
9,128,94
9,129,20
9,130,87
9,134,22
9,138,95
9,140,79
9,142,25
9,145,74
9,146,27
9,149,24
9,153,88
9,176,48
9,182,47
9,186,10
9,188,88
9,189,16
9,193,62
9,197,61
9,198,67
9,205,5
9,207,62
9,212,37
9,217,1
9,219,3
9,221,35
9,226,22
9,228,30
9,229,75
9,230,99
9,235,97
9,238,39
9,250,75
9,251,32
9,258,87
9,259,90
9,270,87
9,271,99
9,273,53
9,283,39
9,284,89
9,287,54
9,293,19
9,297,23
9,312,29
9,313,77
9,322,37
9,331,45
9,334,10
9,335,88
9,345,85
9,346,65
9,347,76
9,348,77
9,350,91
9,351,86
9,355,89
9,357,61
9,363,64
9,366,47
9,373,43
9,376,87
9,379,93
9,381,8
9,385,75
9,389,12
9,393,85
9,394,37
9,398,76
9,403,74
9,407,4
9,417,22
9,420,82
9,422,94
9,423,50
9,426,92
9,430,83
9,440,51
9,441,51
9,447,52
9,451,3
9,453,36
9,454,66
9,456,25
9,458,100
9,462,45
9,465,18
9,468,72
9,470,93
9,474,32
9,480,4
9,489,95
9,490,56
9,491,26
9,493,89
9,499,46
9,510,45
9,10,51
10,16,5
10,23,34
10,25,71
10,29,74
10,31,11
10,36,86
10,41,41
10,42,51
10,58,64
10,60,84
10,64,93
10,66,29
10,68,57
10,73,93
10,75,8
10,80,23
10,89,59
10,92,48
10,94,83
10,95,29
10,96,21
10,100,49
10,102,41
10,103,26
10,108,67
10,109,78
10,111,25
10,115,58
10,117,72
10,125,44
10,126,36
10,127,30
10,132,94
10,133,2
10,139,41
10,140,46
10,141,85
10,142,94
10,143,29
10,145,37
10,146,42
10,150,85
10,152,78
10,156,84
10,157,28
10,158,40
10,163,92
10,164,26
10,170,31
10,171,42
10,174,32
10,178,29
10,179,5
10,182,97
10,195,58
10,200,52
10,213,59
10,217,36
10,224,18
10,237,42
10,240,5
10,244,51
10,247,49
10,251,55
10,259,2
10,263,99
10,264,85
10,266,20
10,270,18
10,271,87
10,274,72
10,275,20
10,278,66
10,279,19
10,280,92
10,281,28
10,283,26
10,289,95
10,296,33
10,299,46
10,300,86
10,301,47
10,302,58
10,307,88
10,311,85
10,312,15
10,316,17
10,317,46
10,320,17
10,323,80
10,325,12
10,326,66
10,328,15
10,331,20
10,335,50
10,337,45
10,338,48
10,339,72
10,344,29
10,359,22
10,361,38
10,362,87
10,369,53
10,370,26
10,373,79
10,380,91
10,383,4
10,384,51
10,387,26
10,394,73
10,400,89
10,401,47
10,403,1
10,404,19
10,405,36
10,406,68
10,411,87
10,413,63
10,414,59
10,424,68
10,426,43
10,427,22
10,431,54
10,434,24
10,438,7
10,449,44
10,450,28
10,451,12
10,452,71
10,455,1
10,457,35
10,470,98
10,472,87
10,474,68
10,479,1
10,480,3
10,481,31
10,482,97
10,484,86
10,488,44
10,491,27
10,494,20
10,502,35
10,506,18
10,11,73
11,14,85
11,16,4
11,17,31
11,19,73
11,20,87
11,22,20
11,30,74
11,39,34
11,45,23
11,46,70
11,49,26
11,53,39
11,54,67
11,64,69
11,70,49
11,73,6
11,76,13
11,77,71
11,78,22
11,84,92
11,89,69
11,90,10
11,91,74
11,105,54
11,106,75
11,111,7
11,112,29
11,118,77
11,123,63
11,128,46
11,129,28
11,130,88
11,139,56
11,141,76
11,147,94
11,149,46
11,151,2
11,166,33
11,170,76
11,171,31
11,176,20
11,180,74
11,182,91
11,185,44
11,188,95
11,193,30
11,200,13
11,201,82
11,204,95
11,205,66
11,208,37
11,211,29
11,215,88
11,216,19
11,225,33
11,227,35
11,228,49
11,230,50
11,240,23
11,242,64
11,243,18
11,246,84
11,250,95
11,251,36
11,252,35
11,254,58
11,257,88
11,258,57
11,259,90
11,264,45
11,267,16
11,268,21
11,269,84
11,279,70
11,282,55
11,283,99
11,284,61
11,285,6
11,289,83
11,298,99
11,305,84
11,307,24
11,309,60
11,310,47
11,312,52
11,316,88
11,320,87
11,321,4
11,322,9
11,323,89
11,337,77
11,341,60
11,346,94
11,348,96
11,352,77
11,353,26
11,356,21
11,359,24
11,369,97
11,379,52
11,381,85
11,385,14
11,386,29
11,387,72
11,389,70
11,390,37
11,392,92
11,394,19
11,395,28
11,396,13
11,397,79
11,398,17
11,404,20
11,405,78
11,407,76
11,408,96
11,409,68
11,415,18
11,416,74
11,418,52
11,421,42
11,424,80
11,433,12
11,434,3
11,438,87
11,439,100
11,442,20
11,443,67
11,445,4
11,446,58
11,447,11
11,456,46
11,457,34
11,458,55
11,465,73
11,468,64
11,469,66
11,481,49
11,490,10
11,498,55
11,500,52
11,501,38
11,502,27
11,505,71
11,507,18
11,12,48
12,16,6
12,20,82
12,23,99
12,25,52
12,27,53
12,28,25
12,29,38
12,31,92
12,32,79
12,34,94
12,40,61
12,47,10
12,49,32
12,51,92
12,54,34
12,56,11
12,61,27
12,64,37
12,65,56
12,67,31
12,69,45
12,70,4
12,71,90
12,72,78
12,73,97
12,81,5
12,87,76
12,90,55
12,95,25
12,101,44
12,103,96
12,105,35
12,111,43
12,117,16
12,128,55
12,131,25
12,138,71
12,140,98
12,142,15
12,144,41
12,147,93
12,148,60
12,153,64
12,157,42
12,159,82
12,162,56
12,164,14
12,165,96
12,170,21
12,173,82
12,177,27
12,178,51
12,180,18
12,181,54
12,183,81
12,186,18
12,188,26
12,191,41
12,192,70
12,194,68
12,195,87
12,197,1
12,200,31
12,205,42
12,209,33
12,216,87
12,218,49
12,222,47
12,234,82
12,236,80
12,238,36
12,239,5
12,242,9
12,243,51
12,246,25
12,247,80
12,254,90
12,258,81
12,260,27
12,261,66
12,262,91
12,266,19
12,271,65
12,272,40
12,274,31
12,278,99
12,279,2
12,282,77
12,283,43
12,285,61
12,294,69
12,297,19
12,298,88
12,301,10
12,305,25
12,307,17
12,313,68
12,314,3
12,315,33
12,316,88
12,317,92
12,318,80
12,321,32
12,322,29
12,324,88
12,325,67
12,328,39
12,329,11
12,334,84
12,338,59
12,343,62
12,344,35
12,358,18
12,363,72
12,372,61
12,375,46
12,379,74
12,380,70
12,381,16
12,400,20
12,401,11
12,402,82
12,404,88
12,406,70
12,408,61
12,409,76
12,411,3
12,412,81
12,416,79
12,418,45
12,421,70
12,423,83
12,429,4
12,434,26
12,436,49
12,437,54
12,438,68
12,439,39
12,440,52
12,441,64
12,448,3
12,450,71
12,451,24
12,453,38
12,459,3
12,464,20
12,465,53
12,476,78
12,481,14
12,485,7
12,491,43
12,493,14
12,502,98
12,510,30
12,13,58
13,14,97
13,22,21
13,25,57
13,28,26
13,30,2
13,34,81
13,43,84
13,44,68
13,52,39
13,54,33
13,55,2
13,58,18
13,69,49
13,71,12
13,77,52
13,87,64
13,92,85
13,99,34
13,100,58
13,101,42
13,102,56
13,103,91
13,114,6
13,115,69
13,117,74
13,118,36
13,119,46
13,125,8
13,127,31
13,129,100
13,131,3
13,136,51
13,137,34
13,145,76
13,155,66
13,159,79
13,165,30
13,168,29
13,169,43
13,171,64
13,178,81
13,180,57
13,181,77
13,191,16
13,192,22
13,206,40
13,208,3
13,213,79
13,218,8
13,222,94
13,223,83
13,228,35
13,229,15
13,233,49
13,237,60
13,242,49
13,244,97
13,257,68
13,259,76
13,263,89
13,269,9
13,270,47
13,271,31
13,272,8
13,274,74
13,276,4
13,280,62
13,283,74
13,292,19
13,293,32
13,304,46
13,308,93
13,309,8
13,313,62
13,319,27
13,322,22
13,325,41
13,326,76
13,328,64
13,331,30
13,333,41
13,335,14
13,341,17
13,343,13
13,344,20
13,345,32
13,347,39
13,349,50
13,353,95
13,354,48
13,355,100
13,360,45
13,364,42
13,373,67
13,375,46
13,376,44
13,380,58
13,383,47
13,384,28
13,385,95
13,388,7
13,395,54
13,406,83
13,413,39
13,416,92
13,420,91
13,429,59
13,432,35
13,433,25
13,435,62
13,437,89
13,441,86
13,444,4
13,445,13
13,446,23
13,448,4
13,456,47
13,463,93
13,465,57
13,470,55
13,472,83
13,479,35
13,485,95
13,487,76
13,489,8
13,496,64
13,502,9
13,503,55
13,504,12
13,506,49
13,511,44
14,17,79
14,21,70
14,22,70
14,23,1
14,30,32
14,35,24
14,36,26
14,37,33
14,40,18
14,43,25
14,44,83
14,46,49
14,48,45
14,50,86
14,52,39
14,53,16
14,55,46
14,62,45
14,66,34
14,68,98
14,77,82
14,79,6
14,80,20
14,84,20
14,85,90
14,87,37
14,96,89
14,97,97
14,99,79
14,101,1
14,108,56
14,109,66
14,115,3
14,118,83
14,120,65
14,121,60
14,122,54
14,125,37
14,126,21
14,128,45
14,129,87
14,132,37
14,141,97
14,146,72
14,150,62
14,154,60
14,155,11
14,156,93
14,161,86
14,170,26
14,171,39
14,175,75
14,179,90
14,181,65
14,183,75
14,190,86
14,192,60
14,195,43
14,199,27
14,206,52
14,207,81
14,213,1
14,214,79
14,232,78
14,233,74
14,234,65
14,235,15
14,236,48
14,239,51
14,241,95
14,249,32
14,251,55
14,252,38
14,255,98
14,259,53
14,267,14
14,270,9
14,275,26
14,277,47
14,280,13
14,283,5
14,288,34
14,291,68
14,293,49
14,294,96
14,295,22
14,297,19
14,301,20
14,304,76
14,307,85
14,308,70
14,311,83
14,315,10
14,317,55
14,319,30
14,323,88
14,326,63
14,331,27
14,333,82
14,334,91
14,338,8
14,342,88
14,343,76
14,346,78
14,347,12
14,348,58
14,350,35
14,355,36
14,357,50
14,362,96
14,363,27
14,369,10
14,372,53
14,373,79
14,376,35
14,378,65
14,384,28
14,386,1
14,388,69
14,394,3
14,398,31
14,400,24
14,401,27
14,402,83
14,404,90
14,410,2
14,420,93
14,424,72
14,425,41
14,426,68
14,431,84
14,436,65
14,437,93
14,438,85
14,439,1
14,444,99
14,445,14
14,449,59
14,450,47
14,452,83
14,454,15
14,469,8
14,473,64
14,476,87
14,484,39
14,490,86
14,493,46
14,500,35
14,511,10
14,15,58
15,17,44
15,24,4
15,26,52
15,28,15
15,30,43
15,36,69
15,37,5
15,38,2
15,39,21
15,43,69
15,44,60
15,46,79
15,48,97
15,51,38
15,54,50
15,55,79
15,56,10
15,58,82
15,59,33
15,61,58
15,64,39
15,68,75
15,73,84
15,74,76
15,75,100
15,84,13
15,94,77
15,96,65
15,99,48
15,100,53
15,102,27
15,109,15
15,110,20
15,114,23
15,116,73
15,118,52
15,121,63
15,122,1
15,124,31
15,127,54
15,128,57
15,133,7
15,135,12
15,137,16
15,140,83
15,143,5
15,146,37
15,148,1
15,156,61
15,157,9
15,161,1
15,162,81
15,163,14
15,164,83
15,166,25
15,167,61
15,171,90
15,176,86
15,179,55
15,180,62
15,181,100
15,182,46
15,186,80
15,189,78
15,199,90
15,201,55
15,203,91
15,205,57
15,213,4
15,214,66
15,216,88
15,217,85
15,223,61
15,227,4
15,229,81
15,231,84
15,238,76
15,242,47
15,243,69
15,245,76
15,250,93
15,252,91
15,257,93
15,258,62
15,261,69
15,262,47
15,265,59
15,266,91
15,276,13
15,284,14
15,291,49
15,295,78
15,303,71
15,305,48
15,306,24
15,308,11
15,314,84
15,315,77
15,318,80
15,320,82
15,321,67
15,324,80
15,329,89
15,330,78
15,334,97
15,336,41
15,340,9
15,343,35
15,347,94
15,352,78
15,355,45
15,358,10
15,360,76
15,365,98
15,367,100
15,368,94
15,370,22
15,371,99
15,372,21
15,375,23
15,376,38
15,378,44
15,381,58
15,387,35
15,388,28
15,393,1
15,397,76
15,403,32
15,404,57
15,405,17
15,406,37
15,409,31
15,411,39
15,415,83
15,416,42
15,417,68
15,418,69
15,426,48
15,427,76
15,428,31
15,439,54
15,443,68
15,445,8
15,447,55
15,449,59
15,451,26
15,456,80
15,458,23
15,459,35
15,464,73
15,472,25
15,474,94
15,477,63
15,478,23
15,484,39
15,496,87
15,505,4
15,511,59
15,16,69
16,17,33
16,27,99
16,30,94
16,32,82
16,33,81
16,38,39
16,40,64
16,46,74
16,52,35
16,53,18
16,55,99
16,57,97
16,59,90
16,61,78
16,63,46
16,69,74
16,71,50
16,77,61
16,80,80
16,81,42
16,84,67
16,89,80
16,90,43
16,91,1
16,105,34
16,111,4
16,112,85
16,116,75
16,117,26
16,119,81
16,121,7
16,127,14
16,128,39
16,134,31
16,139,46
16,141,22
16,142,21
16,143,39
16,154,82
16,167,67
16,168,95
16,169,95
16,172,68
16,174,11
16,181,91
16,182,80
16,189,94
16,191,96
16,197,79
16,200,84
16,202,84
16,218,14
16,219,28
16,221,41
16,224,7
16,228,62
16,229,66
16,230,47
16,234,82
16,236,7
16,238,91
16,241,20
16,242,60
16,243,60
16,244,74
16,245,71
16,247,14
16,248,89
16,250,53
16,264,23
16,266,46
16,267,38
16,270,2
16,274,6
16,275,55
16,277,19
16,283,84
16,287,54
16,288,62
16,289,46
16,295,58
16,298,96
16,308,91
16,310,23
16,311,53
16,313,43
16,321,50
16,322,90
16,323,58
16,324,41
16,327,21
16,330,70
16,332,81
16,337,42
16,340,70
16,346,77
16,350,14
16,351,5
16,356,1
16,363,93
16,364,68
16,368,64
16,370,9
16,380,61
16,381,30
16,387,22
16,388,59
16,389,97
16,390,9
16,391,37
16,393,72
16,400,45
16,405,23
16,406,60
16,408,53
16,413,30
16,416,28
16,427,1
16,431,70
16,433,85
16,442,68
16,445,32
16,450,78
16,451,52
16,454,88
16,456,35
16,459,74
16,464,18
16,467,62
16,471,35
16,472,43
16,479,31
16,484,53
16,485,96
16,486,72
16,487,87
16,490,85
16,492,6
16,501,40
16,503,60
16,504,84
16,505,76
17,22,41
17,23,50
17,26,1
17,31,72
17,39,93
17,44,6
17,45,24
17,46,6
17,50,27
17,53,5
17,63,85
17,67,92
17,77,39
17,78,1
17,79,84
17,82,13
17,86,23
17,89,7
17,92,60
17,94,8
17,97,96
17,101,55
17,103,85
17,106,24
17,108,16
17,115,16
17,118,12
17,122,29
17,127,17
17,128,37
17,130,40
17,135,29
17,136,76
17,137,87
17,138,42
17,139,76
17,140,19
17,143,10
17,146,42
17,148,92
17,151,7
17,153,69
17,159,20
17,160,85
17,164,48
17,169,100
17,170,7
17,174,18
17,176,61
17,187,92
17,193,79
17,201,42
17,203,3
17,204,3
17,207,21
17,212,79
17,215,41
17,216,95
17,220,1
17,223,28
17,224,82
17,225,98
17,226,83
17,227,11
17,228,24
17,230,55
17,232,89
17,242,24
17,247,70
17,253,69
17,258,93
17,261,60
17,263,14
17,264,20
17,266,16
17,267,92
17,269,49
17,271,48
17,274,82
17,275,9
17,277,95
17,279,29
17,283,75
17,284,76
17,287,95
17,288,99
17,289,44
17,292,20
17,293,1
17,294,74
17,297,97
17,299,24
17,300,85
17,303,63
17,305,61
17,306,98
17,308,99
17,316,16
17,319,55
17,324,43
17,325,81
17,326,65
17,328,96
17,335,57
17,336,68
17,340,18
17,343,29
17,355,1
17,356,39
17,360,11
17,363,35
17,367,68
17,370,82
17,371,88
17,373,74
17,377,10
17,379,18
17,385,79
17,388,83
17,390,65
17,393,21
17,396,60
17,405,82
17,407,20
17,411,87
17,413,60
17,415,30
17,417,58
17,419,7
17,422,35
17,442,75
17,448,65
17,455,92
17,456,91
17,457,86
17,466,41
17,467,64
17,469,94
17,470,74
17,474,96
17,478,50
17,479,7
17,481,45
17,482,72
17,485,23
17,486,52
17,492,96
17,496,57
17,497,77
17,500,13
17,501,79
17,503,6
17,507,100
17,511,25
17,18,49
18,19,20
18,22,81
18,23,69
18,24,33
18,25,76
18,26,11
18,30,97
18,31,27
18,34,83
18,37,62
18,39,69
18,47,9
18,49,57
18,54,82
18,55,32
18,58,99
18,59,81
18,63,70
18,64,82
18,68,13
18,69,9
18,71,56
18,72,89
18,73,12
18,79,97
18,80,1
18,82,53
18,87,47
18,88,56
18,89,24
18,92,17
18,94,21
18,95,29
18,96,60
18,98,98
18,101,41
18,104,33
18,105,25
18,107,75
18,108,20
18,112,1
18,126,71
18,127,69
18,129,42
18,132,55
18,136,48
18,139,40
18,142,38
18,149,50
18,150,25
18,154,21
18,155,95
18,156,13
18,158,71
18,161,67
18,162,10
18,165,20
18,166,52
18,167,94
18,172,91
18,174,33
18,175,73
18,181,47
18,189,92
18,192,43
18,194,17
18,195,29
18,199,12
18,203,56
18,204,58
18,206,70
18,209,51
18,215,38
18,216,12
18,219,37
18,224,19
18,230,5
18,237,70
18,238,85
18,239,71
18,244,7
18,248,54
18,259,34
18,261,39
18,270,65
18,271,82
18,272,72
18,275,44
18,276,9
18,282,98
18,286,30
18,287,8
18,289,43
18,292,44
18,293,53
18,299,49
18,300,6
18,302,36
18,305,47
18,307,17
18,313,90
18,315,23
18,320,27
18,322,59
18,327,5
18,329,17
18,334,29
18,338,60
18,342,24
18,344,33
18,345,36
18,346,56
18,347,72
18,348,49
18,349,26
18,351,89
18,354,12
18,356,29
18,361,14
18,363,29
18,365,17
18,367,8
18,371,42
18,372,11
18,373,53
18,387,56
18,388,40
18,390,83
18,391,23
18,398,44
18,401,17
18,410,58
18,411,74
18,413,15
18,415,13
18,418,27
18,419,70
18,422,44
18,427,43
18,429,7
18,441,18
18,446,56
18,447,12
18,450,97
18,451,16
18,453,3
18,455,34
18,456,40
18,465,57
18,470,22
18,471,69
18,473,22
18,478,38
18,480,29
18,481,60
18,482,7
18,483,99
18,487,1
18,490,31
18,493,39
18,496,33
18,500,81
18,507,79
18,510,63
19,23,60
19,29,70
19,32,29
19,33,98
19,37,95
19,42,43
19,45,65
19,49,68
19,58,63
19,59,42
19,60,6
19,62,4
19,76,22
19,80,24
19,85,49
19,86,4
19,89,14
19,93,60
19,96,93
19,106,44
19,108,4
19,110,69
19,112,30
19,114,74
19,119,67
19,123,16
19,134,96
19,135,75
19,137,48
19,144,71
19,145,25
19,146,85
19,150,42
19,155,54
19,158,72
19,162,13
19,163,99
19,164,83
19,165,50
19,166,6
19,168,20
19,176,76
19,178,32
19,179,43
19,180,73
19,185,89
19,197,21
19,198,34
19,200,69
19,202,77
19,203,64
19,211,1
19,212,51
19,214,65
19,217,78
19,222,62
19,223,51
19,225,7
19,229,99
19,231,84
19,233,9
19,234,55
19,237,34
19,242,92
19,243,27
19,244,49
19,245,4
19,247,62
19,248,10
19,249,67
19,256,3
19,258,17
19,268,74
19,271,69
19,273,29
19,274,97
19,284,4
19,285,83
19,289,3
19,290,68
19,291,21
19,293,70
19,294,85
19,295,52
19,296,55
19,302,49
19,305,81
19,306,73
19,307,16
19,309,21
19,311,42
19,316,65
19,320,43
19,322,32
19,323,40
19,324,24
19,326,50
19,328,42
19,329,8
19,335,20
19,336,98
19,338,58
19,339,44
19,341,96
19,343,23
19,344,3
19,351,94
19,352,98
19,356,73
19,364,1
19,365,7
19,366,78
19,370,39
19,373,15
19,375,49
19,376,86
19,380,13
19,383,96
19,387,61
19,398,17
19,401,99
19,404,75
19,406,40
19,416,9
19,417,84
19,426,35
19,428,41
19,429,83
19,431,84
19,433,22
19,437,92
19,439,55
19,441,30
19,450,27
19,452,78
19,455,43
19,461,22
19,463,54
19,466,29
19,468,4
19,469,72
19,471,55
19,472,59
19,474,38
19,475,39
19,485,9
19,488,59
19,489,43
19,490,85
19,491,16
19,493,50
19,495,54
19,502,64
19,504,85
19,511,48
19,20,40
20,27,3
20,36,65
20,37,95
20,38,98
20,39,32
20,44,9
20,51,82
20,53,46
20,56,17
20,62,65
20,63,34
20,72,46
20,75,76
20,76,53
20,87,26
20,88,66
20,89,40
20,91,64
20,93,72
20,106,40
20,107,15
20,108,8
20,109,34
20,110,23
20,111,14
20,117,85
20,125,4
20,126,56
20,128,71
20,130,92
20,133,89
20,134,45
20,138,80
20,139,73
20,147,96
20,148,89
20,150,10
20,154,58
20,155,51
20,160,84
20,174,1
20,177,72
20,178,46
20,181,65
20,189,78
20,192,12
20,197,4
20,198,82
20,201,76
20,205,76
20,207,49
20,208,71
20,210,43
20,213,49
20,215,27
20,216,59
20,217,23
20,223,80
20,228,4
20,230,77
20,232,68
20,234,71
20,235,82
20,237,13
20,238,94
20,242,47
20,243,78
20,249,47
20,257,89
20,263,23
20,269,33
20,270,69
20,272,14
20,279,13
20,280,23
20,282,26
20,283,77
20,284,77
20,290,25
20,295,89
20,296,17
20,297,74
20,301,5
20,310,40
20,324,45
20,330,95
20,334,7
20,339,44
20,340,55
20,343,16
20,352,47
20,358,4
20,362,5
20,366,26
20,368,48
20,370,30
20,372,22
20,379,82
20,387,93
20,390,49
20,397,45
20,398,53
20,399,52
20,403,64
20,405,17
20,408,68
20,414,12
20,418,50
20,420,87
20,422,72
20,423,78
20,427,24
20,428,54
20,429,88
20,433,12
20,443,51
20,446,53
20,454,51
20,458,10
20,459,70
20,461,86
20,465,80
20,466,76
20,469,96
20,476,54
20,477,73
20,480,100
20,483,30
20,488,7
20,494,90
20,496,34
20,498,47
20,499,80
20,506,8
20,508,16
20,509,41
20,510,74
20,21,21
21,23,91
21,24,12
21,27,58
21,29,100
21,39,63
21,45,62
21,52,11
21,54,85
21,56,37
21,57,62
21,60,58
21,63,97
21,77,58
21,79,56
21,86,57
21,93,42
21,95,45
21,97,97
21,98,75
21,100,67
21,103,21
21,105,6
21,112,19
21,113,17
21,116,5
21,124,24
21,126,8
21,127,77
21,134,76
21,141,51
21,142,56
21,143,70
21,146,46
21,147,31
21,151,77
21,153,64
21,160,12
21,163,86
21,166,70
21,168,99
21,169,29
21,171,48
21,175,1
21,176,18
21,177,74
21,178,60
21,180,3
21,182,96
21,185,93
21,186,86
21,187,95
21,190,15
21,195,86
21,206,64
21,207,17
21,209,56
21,211,99
21,213,93
21,214,63
21,217,64
21,218,90
21,219,55
21,223,73
21,227,60
21,238,52
21,239,73
21,243,56
21,250,64
21,252,66
21,255,62
21,257,90
21,258,23
21,259,64
21,261,100
21,266,95
21,272,77
21,279,36
21,283,60
21,286,26
21,296,52
21,298,21
21,300,66
21,302,85
21,304,24
21,306,81
21,309,79
21,310,90
21,312,38
21,314,3
21,319,43
21,325,7
21,329,76
21,332,83
21,333,26
21,338,76
21,339,29
21,341,51
21,343,57
21,347,66
21,355,36
21,359,67
21,361,41
21,362,13
21,363,26
21,364,56
21,367,32
21,371,98
21,378,13
21,380,66
21,385,49
21,396,40
21,398,2
21,399,27
21,402,63
21,405,100
21,408,15
21,411,53
21,421,45
21,422,76
21,423,51
21,428,29
21,429,24
21,433,37
21,435,6
21,438,81
21,440,56
21,445,44
21,446,80
21,452,80
21,453,23
21,458,91
21,459,48
21,460,95
21,466,45
21,467,43
21,469,23
21,473,85
21,477,7
21,479,34
21,485,38
21,492,78
21,495,39
21,497,47
21,500,10
21,501,12
21,502,58
21,508,93
21,22,25
22,33,91
22,34,33
22,36,23
22,37,9
22,38,8
22,44,30
22,48,40
22,66,73
22,71,81
22,72,34
22,73,13
22,84,6
22,87,20
22,89,30
22,93,92
22,98,28
22,99,47
22,101,18
22,105,15
22,111,47
22,114,64
22,117,7
22,119,76
22,123,78
22,126,20
22,127,62
22,129,77
22,131,28
22,138,31
22,140,26
22,142,59
22,145,52
22,151,48
22,155,58
22,159,75
22,161,98
22,163,50
22,164,67
22,165,93
22,169,52
22,170,20
22,171,98
22,177,52
22,178,85
22,179,33
22,184,16
22,186,95
22,188,46
22,189,94
22,191,15
22,195,5
22,197,62
22,200,88
22,202,7
22,204,60
22,209,83
22,210,90
22,212,79
22,217,54
22,223,86
22,233,42
22,245,94
22,252,63
22,254,91
22,258,14
22,264,46
22,271,54
22,273,30
22,277,82
22,280,16
22,284,3
22,286,75
22,287,31
22,288,82
22,291,54
22,293,2
22,294,51
22,295,64
22,296,92
22,304,76
22,305,87
22,306,4
22,312,29
22,313,24
22,318,53
22,320,17
22,324,74
22,325,70
22,327,82
22,329,22
22,336,26
22,337,76
22,343,15
22,347,38
22,350,21
22,352,80
22,353,89
22,356,42
22,357,67
22,360,70
22,361,25
22,365,70
22,369,15
22,372,92
22,377,64
22,378,77
22,383,10
22,389,37
22,398,97
22,404,9
22,413,35
22,414,34
22,415,91
22,418,1
22,423,64
22,424,2
22,428,33
22,431,13
22,437,61
22,439,40
22,442,83
22,443,38
22,444,78
22,447,36
22,448,64
22,452,57
22,456,61
22,462,58
22,463,29
22,469,55
22,472,100
22,473,25
22,476,87
22,479,41
22,480,82
22,483,97
22,485,83
22,486,73
22,487,15
22,495,15
22,496,17
22,498,78
22,501,7
22,503,91
22,505,39
22,508,68
22,23,55
23,24,95
23,31,38
23,32,54
23,33,36
23,36,15
23,37,52
23,39,6
23,40,61
23,41,85
23,42,55
23,43,51
23,46,34
23,50,33
23,55,8
23,56,20
23,58,36
23,60,78
23,61,76
23,65,63
23,66,88
23,69,71
23,74,1
23,79,7
23,85,17
23,86,27
23,87,98
23,93,9
23,98,50
23,99,30
23,100,73
23,104,16
23,105,36
23,106,89
23,107,31
23,112,19
23,114,38
23,116,42
23,120,76
23,122,55
23,127,67
23,129,47
23,131,33
23,133,74
23,136,20
23,141,41
23,144,26
23,145,39
23,146,94
23,147,87
23,148,71
23,151,73
23,152,57
23,155,71
23,156,97
23,159,16
23,160,46
23,161,94
23,167,24
23,168,22
23,172,99
23,173,18
23,175,89
23,178,53
23,180,15
23,182,44
23,190,5
23,197,37
23,198,73
23,199,80
23,200,92
23,202,92
23,204,54
23,208,11
23,211,51
23,212,54
23,214,33
23,218,100
23,219,65
23,220,41
23,223,20
23,224,11
23,225,88
23,226,12
23,228,39
23,233,90
23,241,97
23,252,42
23,254,23
23,260,1
23,266,41
23,268,36
23,269,14
23,273,25
23,274,94
23,275,100
23,276,34
23,277,59
23,281,52
23,289,9
23,294,77
23,295,65
23,296,96
23,299,11
23,305,86
23,307,5
23,309,49
23,312,54
23,316,80
23,318,1
23,319,3
23,321,30
23,323,14
23,324,83
23,326,14
23,329,93
23,330,97
23,335,87
23,337,64
23,338,5
23,340,59
23,342,63
23,344,40
23,345,77
23,350,92
23,354,30
23,357,19
23,364,44
23,365,38
23,372,48
23,377,83
23,383,61
23,385,51
23,390,85
23,391,88
23,393,52
23,400,63
23,401,1
23,404,6
23,414,41
23,418,97
23,419,7
23,420,86
23,428,85
23,430,51
23,432,43
23,437,33
23,440,74
23,447,71
23,449,70
23,463,5
23,468,64
23,472,45
23,473,1
23,476,3
23,483,92
23,495,4
23,498,42
23,500,73
23,504,20
23,506,28
23,508,55
23,509,23
24,25,51
24,27,92
24,28,41
24,29,46
24,32,60
24,35,61
24,37,37
24,39,18
24,44,94
24,47,9
24,49,37
24,50,86
24,52,76
24,53,34
24,56,73
24,64,44
24,65,58
24,70,72
24,72,50
24,73,75
24,74,96
24,77,88
24,81,54
24,83,34
24,85,29
24,87,89
24,88,10
24,89,71
24,91,58
24,92,99
24,99,85
24,103,42
24,109,98
24,116,13
24,117,25
24,121,49
24,123,29
24,132,5
24,133,10
24,134,10
24,137,4
24,141,11
24,142,82
24,146,34
24,151,47
24,153,16
24,154,14
24,158,5
24,167,62
24,169,97
24,175,25
24,176,73
24,177,73
24,186,45
24,189,18
24,190,81
24,192,22
24,198,56
24,199,32
24,200,12
24,201,91
24,202,85
24,205,17
24,209,92
24,211,92
24,214,61
24,216,6
24,217,3
24,218,63
24,225,89
24,228,7
24,230,13
24,232,95
24,233,44
24,234,30
24,235,30
24,236,100
24,242,64
24,244,44
24,246,57
24,248,44
24,250,46
24,254,51
24,263,57
24,267,33
24,268,56
24,271,90
24,272,56
24,275,63
24,277,52
24,278,16
24,280,1
24,282,60
24,303,9
24,304,37
24,305,53
24,306,87
24,308,99
24,315,100
24,318,98
24,319,38
24,331,68
24,333,58
24,335,25
24,340,48
24,344,84
24,346,79
24,348,40
24,349,38
24,354,65
24,355,60
24,356,2
24,357,59
24,358,98
24,360,6
24,365,66
24,366,84
24,368,31
24,371,36
24,373,54
24,375,26
24,379,20
24,381,18
24,386,88
24,387,23
24,392,99
24,399,75
24,402,22
24,403,24
24,406,51
24,407,41
24,409,48
24,428,19
24,431,47
24,432,35
24,434,80
24,436,27
24,441,94
24,452,91
24,454,5
24,455,29
24,457,88
24,463,78
24,467,34
24,468,18
24,472,44
24,473,86
24,476,61
24,477,92
24,491,45
24,494,34
24,496,34
24,503,48
24,507,56
24,508,18
25,27,4
25,29,15
25,47,36
25,48,53
25,51,45
25,52,43
25,53,5
25,55,75
25,56,65
25,57,2
25,59,14
25,62,47
25,65,96
25,73,55
25,92,25
25,96,22
25,99,84
25,106,91
25,110,16
25,111,27
25,114,18
25,116,84
25,117,32
25,118,38
25,120,98
25,124,27
25,130,24
25,136,57
25,137,87
25,141,37
25,145,7
25,148,53
25,151,31
25,152,68
25,154,73
25,156,76
25,157,23
25,158,78
25,173,81
25,178,51
25,180,87
25,182,54
25,183,90
25,188,4
25,190,5
25,194,65
25,196,88
25,199,64
25,204,47
25,205,30
25,211,88
25,213,16
25,221,48
25,225,11
25,230,86
25,231,59
25,234,88
25,238,39
25,239,52
25,240,5
25,241,14
25,247,92
25,252,47
25,259,5
25,261,89
25,262,41
25,282,70
25,283,29
25,284,93
25,286,80
25,290,96
25,294,94
25,297,55
25,298,76
25,299,56
25,300,7
25,301,21
25,302,91
25,304,13
25,306,75
25,309,31
25,310,87
25,312,31
25,314,90
25,316,8
25,319,72
25,321,20
25,326,39
25,329,27
25,336,3
25,339,30
25,340,92
25,342,26
25,344,11
25,351,93
25,355,28
25,358,54
25,359,36
25,361,60
25,363,89
25,365,20
25,369,66
25,370,93
25,379,38
25,381,64
25,382,22
25,383,80
25,384,26
25,388,17
25,391,80
25,398,74
25,402,15
25,405,10
25,406,61
25,408,41
25,412,73
25,418,46
25,421,28
25,429,84
25,433,53
25,436,70
25,439,10
25,443,28
25,444,32
25,450,46
25,451,82
25,452,82
25,453,27
25,456,75
25,457,68
25,462,83
25,463,40
25,464,64
25,468,78
25,469,94
25,471,89
25,473,2
25,474,65
25,476,94
25,479,64
25,480,16
25,484,48
25,485,5
25,488,65
25,490,73
25,491,18
25,498,36
25,503,39
25,507,44
25,26,13
26,30,20
26,32,9
26,36,33
26,39,91
26,41,55
26,44,45
26,47,57
26,61,29
26,62,75
26,66,89
26,70,92
26,77,4
26,78,100
26,81,28
26,88,28
26,95,30
26,96,3
26,99,9
26,103,17
26,105,71
26,109,28
26,112,1
26,114,61
26,116,13
26,121,54
26,124,44
26,129,84
26,135,46
26,139,83
26,140,80
26,141,62
26,153,8
26,173,10
26,177,13
26,180,37
26,187,3
26,189,59
26,192,65
26,193,55
26,195,7
26,197,63
26,200,69
26,201,55
26,203,78
26,207,11
26,211,7
26,218,24
26,222,43
26,223,89
26,229,5
26,230,97
26,237,67
26,243,24
26,244,42
26,249,46
26,251,51
26,252,47
26,259,80
26,265,74
26,267,45
26,282,43
26,283,98
26,285,45
26,286,82
26,291,17
26,304,37
26,305,67
26,309,50
26,310,80
26,311,90
26,312,46
26,319,75
26,320,42
26,326,36
26,327,63
26,335,74
26,339,46
26,342,52
26,344,86
26,347,4
26,348,73
26,351,39
26,358,73
26,361,38
26,364,14
26,366,75
26,371,64
26,375,46
26,379,37
26,380,62
26,384,100
26,385,69
26,387,17
26,395,30
26,396,32
26,399,78
26,400,14
26,401,39
26,403,61
26,404,93
26,409,22
26,410,91
26,411,72
26,417,46
26,421,64
26,424,29
26,425,42
26,432,93
26,435,73
26,440,65
26,447,16
26,449,49
26,451,73
26,455,39
26,456,16
26,457,53
26,459,98
26,460,88
26,462,49
26,467,50
26,469,16
26,470,15
26,473,28
26,475,24
26,482,56
26,483,69
26,492,21
26,495,44
26,498,26
26,501,81
26,503,84
26,27,31
27,29,51
27,33,94
27,35,39
27,36,85
27,42,81
27,43,55
27,47,82
27,48,81
27,49,94
27,51,93
27,54,8
27,55,15
27,57,48
27,62,54
27,64,99
27,68,68
27,70,7
27,71,88
27,72,17
27,73,17
27,74,25
27,78,92
27,80,27
27,88,5
27,89,7
27,95,32
27,100,63
27,107,61
27,112,68
27,113,17
27,117,61
27,120,71
27,128,24
27,129,28
27,132,1
27,137,63
27,139,38
27,141,29
27,143,25
27,146,16
27,150,10
27,152,58
27,153,100
27,156,66
27,161,77
27,163,84
27,165,81
27,167,55
27,172,26
27,174,55
27,180,35
27,183,28
27,194,19
27,195,43
27,196,31
27,198,98
27,200,8
27,201,56
27,205,96
27,210,51
27,217,50
27,218,81
27,234,29
27,235,20
27,236,76
27,237,27
27,239,29
27,242,1
27,252,12
27,256,18
27,258,62
27,259,32
27,261,18
27,268,64
27,270,89
27,271,100
27,272,41
27,275,91
27,276,23
27,280,1
27,281,26
27,282,49
27,285,4
27,286,31
27,287,16
27,288,37
27,290,11
27,291,62
27,293,93
27,299,44
27,303,38
27,304,14
27,310,53
27,313,80
27,314,21
27,318,31
27,319,66
27,323,3
27,328,50
27,332,12
27,335,69
27,338,43
27,340,31
27,344,37
27,348,90
27,349,25
27,352,82
27,353,33
27,355,11
27,359,75
27,360,40
27,365,61
27,370,98
27,373,91
27,377,80
27,378,20
27,380,98
27,386,34
27,395,20
27,401,19
27,408,58
27,410,3
27,412,5
27,416,67
27,417,40
27,422,25
27,427,3
27,440,47
27,445,75
27,446,16
27,448,80
27,454,57
27,455,70
27,472,83
27,473,90
27,476,16
27,478,90
27,480,12
27,482,17
27,489,39
27,490,48
27,491,51
27,493,39
27,498,18
27,501,83
27,505,97
27,509,34
27,28,81
28,29,44
28,33,67
28,35,60
28,37,24
28,40,15
28,41,48
28,43,48
28,47,88
28,56,55
28,61,65
28,64,29
28,66,58
28,68,23
28,69,81
28,71,36
28,72,68
28,79,9
28,82,92
28,85,41
28,92,28
28,93,59
28,94,100
28,96,8
28,98,94
28,104,51
28,105,91
28,107,10
28,111,53
28,112,50
28,114,5
28,117,1
28,118,49
28,126,78
28,127,37
28,129,8
28,132,95
28,140,59
28,141,88
28,148,61
28,150,51
28,155,47
28,158,88
28,176,68
28,179,68
28,186,25
28,189,40
28,190,41
28,193,3
28,196,29
28,201,100
28,204,60
28,207,93
28,209,72
28,210,43
28,211,18
28,212,3
28,217,2
28,223,100
28,224,28
28,225,84
28,230,26
28,232,57
28,234,42
28,236,25
28,237,42
28,238,90
28,239,14
28,241,2
28,242,91
28,244,61
28,256,93
28,258,88
28,262,35
28,265,40
28,266,14
28,267,73
28,269,23
28,272,55
28,276,43
28,279,60
28,282,25
28,284,77
28,286,4
28,287,51
28,288,6
28,290,11
28,291,92
28,296,61
28,302,36
28,308,26
28,319,97
28,320,40
28,326,7
28,333,12
28,334,67
28,338,87
28,341,98
28,342,37
28,343,86
28,346,85
28,349,94
28,350,79
28,351,95
28,358,32
28,361,74
28,362,70
28,363,97
28,364,63
28,365,69
28,372,6
28,373,72
28,377,76
28,390,16
28,394,43
28,398,93
28,399,27
28,403,95
28,404,54
28,407,53
28,409,57
28,410,16
28,416,84
28,417,24
28,418,45
28,419,39
28,420,47
28,421,20
28,422,48
28,428,15
28,434,1
28,441,23
28,444,96
28,446,74
28,447,99
28,451,45
28,452,100
28,454,69
28,456,96
28,457,30
28,465,24
28,468,87
28,469,26
28,473,50
28,474,2
28,482,2
28,487,72
28,490,87
28,492,20
28,494,84
28,499,64
28,504,19
28,506,26
29,32,24
29,33,9
29,34,85
29,40,57
29,41,1
29,42,50
29,43,93
29,44,39
29,48,63
29,50,17
29,52,44
29,55,35
29,56,50
29,58,48
29,59,97
29,61,29
29,63,16
29,67,88
29,70,27
29,72,37
29,74,99
29,77,88
29,86,60
29,90,10
29,95,33
29,101,10
29,107,68
29,108,1
29,111,86
29,113,72
29,120,37
29,123,40
29,125,2
29,127,86
29,129,72
29,131,86
29,133,13
29,134,35
29,136,32
29,137,27
29,140,67
29,141,93
29,148,70
29,151,17
29,152,64
29,153,87
29,156,44
29,160,32
29,166,64
29,169,35
29,173,43
29,176,51
29,178,37
29,181,7
29,187,79
29,189,93
29,191,73
29,196,89
29,197,97
29,199,97
29,201,74
29,202,78
29,209,59
29,210,29
29,211,84
29,217,22
29,218,20
29,220,40
29,225,48
29,226,30
29,233,42
29,235,44
29,237,41
29,240,46
29,241,90
29,243,43
29,244,11
29,250,34
29,252,87
29,254,85
29,260,21
29,264,44
29,267,76
29,272,22
29,273,12
29,274,8
29,277,47
29,279,74
29,281,89
29,282,10
29,287,21
29,288,53
29,292,63
29,293,70
29,294,62
29,295,48
29,301,88
29,304,10
29,309,8
29,312,49
29,323,5
29,324,5
29,325,60
29,330,30
29,331,90
29,336,59
29,340,28
29,342,10
29,344,99
29,346,64
29,347,38
29,352,25
29,353,36
29,355,45
29,357,74
29,359,57
29,360,59
29,364,43
29,365,80
29,366,32
29,374,10
29,377,78
29,378,60
29,380,87
29,383,28
29,384,98
29,385,29
29,388,23
29,391,32
29,392,51
29,406,45
29,407,86
29,409,3
29,410,62
29,412,32
29,415,30
29,418,17
29,419,9
29,423,7
29,424,63
29,429,86
29,431,44
29,434,89
29,436,26
29,445,57
29,447,66
29,448,93
29,452,45
29,453,17
29,455,30
29,458,27
29,460,54
29,469,54
29,471,47
29,475,84
29,476,99
29,478,40
29,480,29
29,482,56
29,483,31
29,486,72
29,491,96
29,497,18
29,499,92
29,502,62
29,30,54
30,33,21
30,35,47
30,36,5
30,37,43
30,40,88
30,42,64
30,43,86
30,46,44
30,54,73
30,59,37
30,60,74
30,63,17
30,67,51
30,69,47
30,73,12
30,74,30
30,85,11
30,86,23
30,88,95
30,92,27
30,103,50
30,104,83
30,107,37
30,108,5
30,110,8
30,111,39
30,114,9
30,115,76
30,124,21
30,127,7
30,128,26
30,129,70
30,132,78
30,135,79
30,141,20
30,144,2
30,147,26
30,156,64
30,165,60
30,170,69
30,171,74
30,172,100
30,174,77
30,177,68
30,182,75
30,183,34
30,184,53
30,187,49
30,189,11
30,192,61
30,197,36
30,198,20
30,205,45
30,210,30
30,222,34
30,225,76
30,226,30
30,232,40
30,233,12
30,234,5
30,237,92
30,240,40
30,243,89
30,245,91
30,246,70
30,247,50
30,252,78
30,254,76
30,259,20
30,260,37
30,264,87
30,265,14
30,267,32
30,272,42
30,275,24
30,276,63
30,277,72
30,283,73
30,285,88
30,286,16
30,287,48
30,294,84
30,297,61
30,298,17
30,302,50
30,303,48
30,308,22
30,309,28
30,320,83
30,323,41
30,325,89
30,326,67
30,329,85
30,336,94
30,337,55
30,338,1
30,341,5
30,342,23
30,343,16
30,345,63
30,347,96
30,353,90
30,354,14
30,356,28
30,357,63
30,358,24
30,360,54
30,363,4
30,364,74
30,369,94
30,370,45
30,373,46
30,378,67
30,379,55
30,381,15
30,386,95
30,388,94
30,392,83
30,402,63
30,405,65
30,406,54
30,407,31
30,408,46
30,426,78
30,430,65
30,433,72
30,434,46
30,439,60
30,440,30
30,442,10
30,445,95
30,449,43
30,453,66
30,455,57
30,456,67
30,457,96
30,458,100
30,459,44
30,461,11
30,466,5
30,467,92
30,470,18
30,472,43
30,473,99
30,474,100
30,479,22
30,483,85
30,484,24
30,486,12
30,488,100
30,489,80
30,491,18
30,494,16
30,496,77
30,497,10
30,498,10
30,499,80
30,501,88
30,502,86
30,31,75
31,33,42
31,36,55
31,38,40
31,40,46
31,42,28
31,44,99
31,45,56
31,46,97
31,47,59
31,50,42
31,54,34
31,63,97
31,64,47
31,65,71
31,73,98
31,75,24
31,81,52
31,87,67
31,88,3
31,91,79
31,92,55
31,97,76
31,99,3
31,100,74
31,101,16
31,102,51
31,105,78
31,106,67
31,108,5
31,109,60
31,117,35
31,121,46
31,125,44
31,127,61
31,132,21
31,135,92
31,143,24
31,145,29
31,149,33
31,154,17
31,155,19
31,157,85
31,161,12
31,163,59
31,165,84
31,168,81
31,171,86
31,173,12
31,175,55
31,176,90
31,179,23
31,182,94
31,185,97
31,186,20
31,188,26
31,201,63
31,202,71
31,204,82
31,208,35
31,216,88
31,217,97
31,226,80
31,229,36
31,235,76
31,240,24
31,243,73
31,251,75
31,259,33
31,260,26
31,261,42
31,262,67
31,263,71
31,264,77
31,268,41
31,269,68
31,270,34
31,272,70
31,277,5
31,280,52
31,290,86
31,291,35
31,295,95
31,296,14
31,297,79
31,300,8
31,305,36
31,309,14
31,310,74
31,314,78
31,315,45
31,316,88
31,317,84
31,320,27
31,326,57
31,329,60
31,332,44
31,339,93
31,340,96
31,348,90
31,351,30
31,355,9
31,358,92
31,359,62
31,361,83
31,363,59
31,367,33
31,370,45
31,371,84
31,372,71
31,378,9
31,382,80
31,389,65
31,392,50
31,393,3
31,394,66
31,396,47
31,397,100
31,402,3
31,407,97
31,408,79
31,411,77
31,412,71
31,419,68
31,429,83
31,433,98
31,436,15
31,439,56
31,440,49
31,443,58
31,444,49
31,445,94
31,446,40
31,450,19
31,451,27
31,453,97
31,454,52
31,463,83
31,475,66
31,476,38
31,477,21
31,478,61
31,479,45
31,480,98
31,482,55
31,484,98
31,492,100
31,493,55
31,496,92
31,497,69
31,500,16
31,504,37
31,509,62
31,32,23
32,35,59
32,38,33
32,43,75
32,46,68
32,47,15
32,52,32
32,59,86
32,62,21
32,64,28
32,66,92
32,67,13
32,75,73
32,79,24
32,81,90
32,85,66
32,92,19
32,102,45
32,107,100
32,114,49
32,119,67
32,120,76
32,121,79
32,124,21
32,125,25
32,126,65
32,127,5
32,128,65
32,131,34
32,139,62
32,141,91
32,143,10
32,145,34
32,146,73
32,148,70
32,149,44
32,151,37
32,158,76
32,168,84
32,169,40
32,180,65
32,184,21
32,192,25
32,196,49
32,203,74
32,206,69
32,207,91
32,210,7
32,220,34
32,222,45
32,226,52
32,229,82
32,230,71
32,233,10
32,234,65
32,238,35
32,245,65
32,247,1
32,249,70
32,257,72
32,258,37
32,259,95
32,262,96
32,263,48
32,268,34
32,270,42
32,271,9
32,273,36
32,277,11
32,279,58
32,291,91
32,296,31
32,297,47
32,302,26
32,305,24
32,308,64
32,311,87
32,316,53
32,318,36
32,331,3
32,334,62
32,335,62
32,340,93
32,343,55
32,348,12
32,349,15
32,350,61
32,355,94
32,356,42
32,357,66
32,360,58
32,363,41
32,369,53
32,374,68
32,376,19
32,379,41
32,380,96
32,381,24
32,386,36
32,388,94
32,389,21
32,391,70
32,399,41
32,405,24
32,408,20
32,410,25
32,413,38
32,416,66
32,419,47
32,421,54
32,423,66
32,429,67
32,436,36
32,440,5
32,444,17
32,445,100
32,448,58
32,449,26
32,452,8
32,453,100
32,454,96
32,457,100
32,459,17
32,460,61
32,463,26
32,464,50
32,466,53
32,472,48
32,474,96
32,477,75
32,478,6
32,479,73
32,480,29
32,481,38
32,482,55
32,484,98
32,488,41
32,489,10
32,491,19
32,495,57
32,496,53
32,498,47
32,504,68
32,511,98
32,33,18
33,39,7
33,41,79
33,43,48
33,44,88
33,48,55
33,55,6
33,57,94
33,58,59
33,59,83
33,64,18
33,65,68
33,67,78
33,68,50
33,72,66
33,76,48
33,77,33
33,78,68
33,79,11
33,80,26
33,82,14
33,87,61
33,88,72
33,92,70
33,95,6
33,97,2
33,100,38
33,102,43
33,104,88
33,105,40
33,106,2
33,107,58
33,110,17
33,114,82
33,115,9
33,119,96
33,124,32
33,127,33
33,132,78
33,133,13
33,134,4
33,136,19
33,138,71
33,144,43
33,149,96
33,156,35
33,163,10
33,164,79
33,165,13
33,167,40
33,168,21
33,169,3
33,170,30
33,172,40
33,177,32
33,178,88
33,180,50
33,185,26
33,186,4
33,189,48
33,196,37
33,202,7
33,205,66
33,209,17
33,215,70
33,218,91
33,226,18
33,234,87
33,240,41
33,241,10
33,244,37
33,252,92
33,253,82
33,254,33
33,257,16
33,263,50
33,264,9
33,265,64
33,268,92
33,271,56
33,277,41
33,279,54
33,284,52
33,301,8
33,303,37
33,307,44
33,310,3
33,311,67
33,314,23
33,315,39
33,316,53
33,318,46
33,319,14
33,325,97
33,327,17
33,342,74
33,350,31
33,352,94
33,357,55
33,362,9
33,368,22
33,372,50
33,374,7
33,375,80
33,380,22
33,388,55
33,390,61
33,391,81
33,398,74
33,404,65
33,412,15
33,413,88
33,414,92
33,415,37
33,417,53
33,421,49
33,422,63
33,424,24
33,425,16
33,426,89
33,427,49
33,430,48
33,432,56
33,435,34
33,440,53
33,443,4
33,446,89
33,447,28
33,448,12
33,449,52
33,452,74
33,459,25
33,461,14
33,463,26
33,465,6
33,466,90
33,470,69
33,472,65
33,473,55
33,474,44
33,475,94
33,478,88
33,479,57
33,481,4
33,484,7
33,485,62
33,486,35
33,490,41
33,492,32
33,494,59
33,500,38
33,503,17
33,504,13
33,508,37
33,509,75
33,34,6
34,37,85
34,40,45
34,44,93
34,47,84
34,49,83
34,50,52
34,61,20
34,62,77
34,65,61
34,66,86
34,73,30
34,75,67
34,77,2
34,80,52
34,82,10
34,94,63
34,95,79
34,100,79
34,102,54
34,103,29
34,107,26
34,109,9
34,113,26
34,115,71
34,117,46
34,118,97
34,120,87
34,122,64
34,141,19
34,152,89
34,159,26
34,160,80
34,167,67
34,169,16
34,170,27
34,171,35
34,184,40
34,189,37
34,190,40
34,194,14
34,201,36
34,202,77
34,203,45
34,204,10
34,208,70
34,210,51
34,212,88
34,215,67
34,221,68
34,223,90
34,224,33
34,230,87
34,234,94
34,238,4
34,239,85
34,243,52
34,246,39
34,255,71
34,257,65
34,259,61
34,260,69
34,261,60
34,265,1
34,271,79
34,278,41
34,280,34
34,283,50
34,285,51
34,287,60
34,288,100
34,290,41
34,293,90
34,295,89
34,297,77
34,298,49
34,299,96
34,302,78
34,305,82
34,309,9
34,312,3
34,313,55
34,317,16
34,318,14
34,319,5
34,321,78
34,323,36
34,324,4
34,325,71
34,328,9
34,331,53
34,335,42
34,337,100
34,339,69
34,342,71
34,345,73
34,346,77
34,350,7
34,357,45
34,358,91
34,368,55
34,381,98
34,382,93
34,385,81
34,387,42
34,396,33
34,397,97
34,401,3
34,403,1
34,405,97
34,409,1
34,416,12
34,419,25
34,421,36
34,423,57
34,424,23
34,426,68
34,428,9
34,429,14
34,433,9
34,438,7
34,440,85
34,441,4
34,443,1
34,444,5
34,445,60
34,450,14
34,451,36
34,454,48
34,456,30
34,458,12
34,465,73
34,472,46
34,475,70
34,476,21
34,479,51
34,481,42
34,486,56
34,489,70
34,491,10
34,495,42
34,496,9
34,500,22
34,501,96
34,508,89
34,509,23
34,511,84
34,35,96
35,36,51
35,41,53
35,42,25
35,46,23
35,53,20
35,56,65
35,64,74
35,71,42
35,72,32
35,73,74
35,74,28
35,82,71
35,87,96
35,88,77
35,89,48
35,91,41
35,95,54
35,99,61
35,109,46
35,111,13
35,114,98
35,117,77
35,118,30
35,119,47
35,120,70
35,121,48
35,122,92
35,127,40
35,128,94
35,133,71
35,136,3
35,141,59
35,144,97
35,145,3
35,146,82
35,149,48
35,151,43
35,153,56
35,155,16
35,158,4
35,169,20
35,170,39
35,175,15
35,177,13
35,178,87
35,182,100
35,186,18
35,192,59
35,196,50
35,197,55
35,200,51
35,208,88
35,210,79
35,214,27
35,216,94
35,219,96
35,221,92
35,223,24
35,225,10
35,226,25
35,231,55
35,234,45
35,244,42
35,251,69
35,253,22
35,254,58
35,258,2
35,262,28
35,265,80
35,267,82
35,273,91
35,275,21
35,278,63
35,279,42
35,283,33
35,285,29
35,298,30
35,300,59
35,305,8
35,307,96
35,309,8
35,310,30
35,313,91
35,328,70
35,329,38
35,330,98
35,334,36
35,340,50
35,341,87
35,342,73
35,348,41
35,349,79
35,357,2
35,367,84
35,373,70
35,376,59
35,382,59
35,387,36
35,394,2
35,396,78
35,397,28
35,398,70
35,401,17
35,402,98
35,403,12
35,404,71
35,409,45
35,413,84
35,414,59
35,417,72
35,421,66
35,428,7
35,430,36
35,436,27
35,444,17
35,445,75
35,447,7
35,451,66
35,452,90
35,453,11
35,457,68
35,459,81
35,460,71
35,464,74
35,466,74
35,468,55
35,473,4
35,474,6
35,479,77
35,482,96
35,498,89
35,500,28
35,503,49
35,504,16
35,505,24
35,506,59
35,507,58
35,509,5
35,510,90
36,43,2
36,44,60
36,49,59
36,59,42
36,61,73
36,71,3
36,75,21
36,79,49
36,90,94
36,92,16
36,95,89
36,99,72
36,100,62
36,103,18
36,104,61
36,105,31
36,113,65
36,117,13
36,119,51
36,123,40
36,130,48
36,134,5
36,143,15
36,147,74
36,151,21
36,152,97
36,155,61
36,158,84
36,161,82
36,164,89
36,168,51
36,171,81
36,175,35
36,176,40
36,177,100
36,183,13
36,190,15
36,193,12
36,194,100
36,195,89
36,196,53
36,198,63
36,199,2
36,200,32
36,203,3
36,204,60
36,214,24
36,222,46
36,225,16
36,228,11
36,230,9
36,235,15
36,240,91
36,251,17
36,257,13
36,258,49
36,266,74
36,267,84
36,271,15
36,272,77
36,275,27
36,280,81
36,285,6
36,295,46
36,298,63
36,305,38
36,306,44
36,308,85
36,313,27
36,316,69
36,317,75
36,320,21
36,327,43
36,333,12
36,334,99
36,340,29
36,341,81
36,347,68
36,351,13
36,352,30
36,353,59
36,358,97
36,368,30
36,371,77
36,373,58
36,385,23
36,387,25
36,390,42
36,394,68
36,395,38
36,400,78
36,403,46
36,409,61
36,413,30
36,414,16
36,418,26
36,420,4
36,425,31
36,433,63
36,434,66
36,439,82
36,444,72
36,447,56
36,448,78
36,460,90
36,464,58
36,467,22
36,468,19
36,474,32
36,483,88
36,486,36
36,489,96
36,490,9
36,493,96
36,496,45
36,497,22
36,500,25
36,505,16
36,506,24
36,511,12
36,37,66
37,41,44
37,46,54
37,50,91
37,53,83
37,55,30
37,65,77
37,66,40
37,69,10
37,74,21
37,75,84
37,79,3
37,81,19
37,83,17
37,84,21
37,85,5
37,86,94
37,90,24
37,91,45
37,92,91
37,95,17
37,97,63
37,100,64
37,109,52
37,111,49
37,117,44
37,120,97
37,122,97
37,124,21
37,126,36
37,132,94
37,133,49
37,136,68
37,137,64
37,139,1
37,152,95
37,153,76
37,163,27
37,166,5
37,176,93
37,181,23
37,182,85
37,185,50
37,187,69
37,192,41
37,193,37
37,196,78
37,205,93
37,208,13
37,211,93
37,213,4
37,217,47
37,223,10
37,224,45
37,228,86
37,231,41
37,232,11
37,237,68
37,238,15
37,248,58
37,253,70
37,254,71
37,257,18
37,268,9
37,278,6
37,289,39
37,293,87
37,299,28
37,304,22
37,305,46
37,306,99
37,307,48
37,310,32
37,312,14
37,314,12
37,321,24
37,322,41
37,324,55
37,325,79
37,327,88
37,328,44
37,332,84
37,336,85
37,338,5
37,350,99
37,353,19
37,354,98
37,364,25
37,367,78
37,368,97
37,369,82
37,370,63
37,371,67
37,374,36
37,377,94
37,380,97
37,383,5
37,387,38
37,404,64
37,409,27
37,415,58
37,416,95
37,418,52
37,423,43
37,424,79
37,425,31
37,427,16
37,436,27
37,438,71
37,443,100
37,445,99
37,446,60
37,448,66
37,449,75
37,452,85
37,453,89
37,455,95
37,458,64
37,466,90
37,470,21
37,471,92
37,476,59
37,480,91
37,483,39
37,488,6
37,498,3
37,500,9
37,505,93
37,507,100
37,38,4
38,45,21
38,46,66
38,50,18
38,52,42
38,54,40
38,58,74
38,59,34
38,61,14
38,71,88
38,73,99
38,75,97
38,76,37
38,86,90
38,91,60
38,94,58
38,95,82
38,97,62
38,100,64
38,102,77
38,104,62
38,105,68
38,107,38
38,112,13
38,116,83
38,133,71
38,134,26
38,135,31
38,144,60
38,148,26
38,152,20
38,158,27
38,159,56
38,162,62
38,163,51
38,167,69
38,173,34
38,177,68
38,182,8
38,183,25
38,200,85
38,205,25
38,207,82
38,208,41
38,209,47
38,213,16
38,214,81
38,218,91
38,220,91
38,224,14
38,226,89
38,229,50
38,235,63
38,237,25
38,238,42
38,251,81
38,254,31
38,257,32
38,260,100
38,268,36
38,269,54
38,279,100
38,280,84
38,285,43
38,287,62
38,288,16
38,289,24
38,290,98
38,296,55
38,299,12
38,300,80
38,303,22
38,306,14
38,307,21
38,310,88
38,311,22
38,312,15
38,315,74
38,316,100
38,318,33
38,323,35
38,325,63
38,327,62
38,329,23
38,335,90
38,340,98
38,341,52
38,344,48
38,345,68
38,349,43
38,352,65
38,355,73
38,363,64
38,367,64
38,369,67
38,371,27
38,375,93
38,377,39
38,382,96
38,383,49
38,384,18
38,388,65
38,392,28
38,401,4
38,403,64
38,405,13
38,416,80
38,418,49
38,424,12
38,426,23
38,427,43
38,435,96
38,438,2
38,439,24
38,443,53
38,446,32
38,455,10
38,456,40
38,458,30
38,461,95
38,462,23
38,463,55
38,464,55
38,465,83
38,466,26
38,468,54
38,469,44
38,472,51
38,476,89
38,478,31
38,479,67
38,481,63
38,484,71
38,485,94
38,488,69
38,489,62
38,495,10
38,498,25
38,500,39
38,503,99
38,506,62
38,39,3
39,46,43
39,51,53
39,52,87
39,54,45
39,57,32
39,58,21
39,59,8
39,62,77
39,75,75
39,81,52
39,85,40
39,91,93
39,95,49
39,97,77
39,104,23
39,114,37
39,117,75
39,125,100
39,126,67
39,129,10
39,131,80
39,135,11
39,136,66
39,137,45
39,138,90
39,142,6
39,143,63
39,147,41
39,149,19
39,150,39
39,152,12
39,156,36
39,157,87
39,161,11
39,163,56
39,165,92
39,166,91
39,172,16
39,179,10
39,182,92
39,185,71
39,186,58
39,201,61
39,209,1
39,211,96
39,214,100
39,220,61
39,223,46
39,226,2
39,230,91
39,238,64
39,239,83
39,247,44
39,249,64
39,252,58
39,256,19
39,264,42
39,265,12
39,270,20
39,275,20
39,276,14
39,277,4
39,280,81
39,291,23
39,299,9
39,305,66
39,312,27
39,313,3
39,318,5
39,321,58
39,329,87
39,333,84
39,341,50
39,343,68
39,349,54
39,352,70
39,353,60
39,354,10
39,355,93
39,362,69
39,365,62
39,366,22
39,368,22
39,369,39
39,372,54
39,376,28
39,384,98
39,388,14
39,390,81
39,401,21
39,405,71
39,407,41
39,408,66
39,410,5
39,411,45
39,417,43
39,420,46
39,423,57
39,424,98
39,425,9
39,430,42
39,432,60
39,433,12
39,440,52
39,444,41
39,445,25
39,448,74
39,450,14
39,451,26
39,454,96
39,455,84
39,468,49
39,469,6
39,471,85
39,472,36
39,476,74
39,479,71
39,481,70
39,486,38
39,496,72
39,500,99
39,507,97
39,40,99
40,48,37
40,51,43
40,54,85
40,58,54
40,61,72
40,66,18
40,68,80
40,70,39
40,73,44
40,76,21
40,77,83
40,83,50
40,87,98
40,88,22
40,89,5
40,91,94
40,92,68
40,93,36
40,96,93
40,97,15
40,98,81
40,102,77
40,104,24
40,105,87
40,106,79
40,108,32
40,110,59
40,113,28
40,115,90
40,118,33
40,121,46
40,123,27
40,129,67
40,132,24
40,133,75
40,136,56
40,140,11
40,147,86
40,153,63
40,155,7
40,159,74
40,160,100
40,167,93
40,169,12
40,170,57
40,171,100
40,172,71
40,175,17
40,179,76
40,183,41
40,184,86
40,185,64
40,188,22
40,190,21
40,191,16
40,194,29
40,195,54
40,199,81
40,201,16
40,205,88
40,206,31
40,207,63
40,210,32
40,217,53
40,219,89
40,224,70
40,225,21
40,226,45
40,227,74
40,235,38
40,237,62
40,241,86
40,246,79
40,250,4
40,251,84
40,252,92
40,256,88
40,257,25
40,258,23
40,259,28
40,261,64
40,263,62
40,265,91
40,271,84
40,278,53
40,282,68
40,284,72
40,287,44
40,288,30
40,291,53
40,293,60
40,295,52
40,296,59
40,299,19
40,301,13
40,304,27
40,311,89
40,314,57
40,322,91
40,323,52
40,324,100
40,325,40
40,327,44
40,334,18
40,338,20
40,339,68
40,343,57
40,353,81
40,354,55
40,356,47
40,361,94
40,366,79
40,372,59
40,376,35
40,377,52
40,386,22
40,388,93
40,389,12
40,390,55
40,392,43
40,402,50
40,406,74
40,408,34
40,410,17
40,412,100
40,415,100
40,417,40
40,418,21
40,419,27
40,424,26
40,425,82
40,426,60
40,429,60
40,430,77
40,435,14
40,438,38
40,439,9
40,440,47
40,445,57
40,446,100
40,452,95
40,456,87
40,457,75
40,467,2
40,468,100
40,476,44
40,478,39
40,482,34
40,483,73
40,492,37
40,494,74
40,497,7
40,498,77
40,500,20
40,502,72
40,505,51
40,506,1
40,510,39
40,41,62
41,42,41
41,44,51
41,51,7
41,54,87
41,58,48
41,59,55
41,63,82
41,69,87
41,72,85
41,76,88
41,84,77
41,89,13
41,90,22
41,92,94
41,93,77
41,98,95
41,100,29
41,102,2
41,108,42
41,115,46
41,116,85
41,117,66
41,118,44
41,120,67
41,126,84
41,127,76
41,129,73
41,134,99
41,135,73
41,140,71
41,143,31
41,146,43
41,151,51
41,155,80
41,157,82
41,158,21
41,161,22
41,167,69
41,169,42
41,171,27
41,176,83
41,178,93
41,179,66
41,183,5
41,184,33
41,187,67
41,189,6
41,190,22
41,198,48
41,201,70
41,204,67
41,205,68
41,211,85
41,214,96
41,215,2
41,216,68
41,217,34
41,218,20
41,219,7
41,225,26
41,229,36
41,238,25
41,240,14
41,241,28
41,243,18
41,247,33
41,253,52
41,256,63
41,257,97
41,265,57
41,266,30
41,270,29
41,274,50
41,275,2
41,281,3
41,283,45
41,285,88
41,289,55
41,291,43
41,295,82
41,297,24
41,300,41
41,302,59
41,307,82
41,308,98
41,309,61
41,311,2
41,313,76
41,315,2
41,317,29
41,324,13
41,326,3
41,329,54
41,331,59
41,339,97
41,341,61
41,345,100
41,348,51
41,349,9
41,352,61
41,355,44
41,358,45
41,366,24
41,374,55
41,375,90
41,377,57
41,378,12
41,383,91
41,385,86
41,386,44
41,387,10
41,392,9
41,396,28
41,397,37
41,402,33
41,404,40
41,416,36
41,422,24
41,428,55
41,429,90
41,432,15
41,442,81
41,445,13
41,447,13
41,448,54
41,449,84
41,453,25
41,464,44
41,468,89
41,473,14
41,478,82
41,481,27
41,485,66
41,487,15
41,490,71
41,493,49
41,497,26
41,498,21
41,506,84
41,507,14
41,508,77
42,43,97
42,45,63
42,48,93
42,56,48
42,58,32
42,59,3
42,60,67
42,64,42
42,68,48
42,74,50
42,75,33
42,80,78
42,81,95
42,82,80
42,86,94
42,87,78
42,94,56
42,97,51
42,98,72
42,99,100
42,101,38
42,104,84
42,107,36
42,109,74
42,113,93
42,116,14
42,117,86
42,120,40
42,122,38
42,128,17
42,130,2
42,134,78
42,138,8
42,143,4
42,151,61
42,152,67
42,157,88
42,160,50
42,164,65
42,165,34
42,170,75
42,174,76
42,182,49
42,183,54
42,190,9
42,198,27
42,199,90
42,202,37
42,205,22
42,208,34
42,216,75
42,217,55
42,219,65
42,221,66
42,223,98
42,230,24
42,231,58
42,234,67
42,240,3
42,241,29
42,243,32
42,245,28
42,246,80
42,247,63
42,248,65
42,251,53
42,254,22
42,261,71
42,263,71
42,265,58
42,266,70
42,268,44
42,271,56
42,272,94
42,273,88
42,276,79
42,277,32
42,278,88
42,280,17
42,283,78
42,285,97
42,288,26
42,290,38
42,299,26
42,300,90
42,308,48
42,310,31
42,313,44
42,314,96
42,316,35
42,322,43
42,328,72
42,333,50
42,335,79
42,336,49
42,337,77
42,338,38
42,339,40
42,340,64
42,342,30
42,344,91
42,346,34
42,348,92
42,350,14
42,351,90
42,353,46
42,354,23
42,355,71
42,359,44
42,364,80
42,366,63
42,368,93
42,371,40
42,374,26
42,375,65
42,377,83
42,378,11
42,379,96
42,380,81
42,381,77
42,382,54
42,383,52
42,389,54
42,395,88
42,400,88
42,403,77
42,406,79
42,407,35
42,410,37
42,416,35
42,421,60
42,424,19
42,430,86
42,432,37
42,435,20
42,436,11
42,438,28
42,439,38
42,440,68
42,443,72
42,446,10
42,447,6
42,449,40
42,450,91
42,453,33
42,456,54
42,457,33
42,458,88
42,468,42
42,476,71
42,481,89
42,482,38
42,485,9
42,486,42
42,488,94
42,497,20
42,500,58
42,503,39
42,504,47
42,508,93
43,47,61
43,48,100
43,53,93
43,54,17
43,61,63
43,62,13
43,63,88
43,75,2
43,80,59
43,81,93
43,82,100
43,83,67
43,84,58
43,85,31
43,86,19
43,87,6
43,89,14
43,94,89
43,98,10
43,101,93
43,102,58
43,104,89
43,113,15
43,114,11
43,124,15
43,127,91
43,131,48
43,132,68
43,137,36
43,138,54
43,139,26
43,143,54
43,144,17
43,146,36
43,147,66
43,149,14
43,156,27
43,158,21
43,163,100
43,164,98
43,171,44
43,174,1
43,176,7
43,177,89
43,183,71
43,188,1
43,191,44
43,193,49
43,195,21
43,196,89
43,197,59
43,198,78
43,200,67
43,203,100
43,205,54
43,206,7
43,210,97
43,212,1
43,214,71
43,221,48
43,222,22
43,231,45
43,233,30
43,241,53
43,243,94
43,245,15
43,246,27
43,252,66
43,254,29
43,258,77
43,263,6
43,265,44
43,275,78
43,277,77
43,278,46
43,279,71
43,283,38
43,284,48
43,285,64
43,286,14
43,288,100
43,292,37
43,299,63
43,300,16
43,304,81
43,305,17
43,306,62
43,308,6
43,309,98
43,312,98
43,313,33
43,314,94
43,317,49
43,322,86
43,324,62
43,327,72
43,330,61
43,331,43
43,333,62
43,336,47
43,340,28
43,341,28
43,344,50
43,345,26
43,346,20
43,347,50
43,349,65
43,353,52
43,355,95
43,356,69
43,359,93
43,361,28
43,362,44
43,363,83
43,368,14
43,369,42
43,373,99
43,377,8
43,378,9
43,381,69
43,383,47
43,384,37
43,387,14
43,388,40
43,389,4
43,391,27
43,392,56
43,393,28
43,395,91
43,398,87
43,400,21
43,401,78
43,407,52
43,408,91
43,410,67
43,416,44
43,419,46
43,422,90
43,425,76
43,427,65
43,431,82
43,437,13
43,438,58
43,440,51
43,447,71
43,452,62
43,454,37
43,459,90
43,464,78
43,465,57
43,466,79
43,467,86
43,468,74
43,478,1
43,479,72
43,484,82
43,489,94
43,493,14
43,495,30
43,500,74
43,502,3
43,504,41
43,510,56
43,44,5
44,50,6
44,52,76
44,53,54
44,60,3
44,61,55
44,62,46
44,66,75
44,67,26
44,68,75
44,70,28
44,73,6
44,74,48
44,76,44
44,82,25
44,83,66
44,88,66
44,89,8
44,90,46
44,91,43
44,95,37
44,105,68
44,106,12
44,109,83
44,115,60
44,117,18
44,118,56
44,121,71
44,123,41
44,125,67
44,135,70
44,152,23
44,153,93
44,156,1
44,160,79
44,161,68
44,174,16
44,175,21
44,179,88
44,184,21
44,185,58
44,190,78
44,191,21
44,202,86
44,205,10
44,206,27
44,208,57
44,213,45
44,215,94
44,218,85
44,219,59
44,221,16
44,225,78
44,232,20
44,239,64
44,242,75
44,243,49
44,244,70
44,245,98
44,247,56
44,249,39
44,255,88
44,260,58
44,267,40
44,269,78
44,270,50
44,272,25
44,273,74
44,274,62
44,275,45
44,276,65
44,280,39
44,285,37
44,295,42
44,296,5
44,300,34
44,301,25
44,307,51
44,309,28
44,310,49
44,311,87
44,312,2
44,313,33
44,321,98
44,322,55
44,331,18
44,332,56
44,342,52
44,344,8
44,358,76
44,367,97
44,372,72
44,378,92
44,380,34
44,392,19
44,400,70
44,403,85
44,405,72
44,411,61
44,414,29
44,415,83
44,416,69
44,419,41
44,422,92
44,427,30
44,431,78
44,433,66
44,435,48
44,438,85
44,439,33
44,442,43
44,453,80
44,455,19
44,457,76
44,464,5
44,466,13
44,468,38
44,471,98
44,472,83
44,474,1
44,482,20
44,489,32
44,498,27
44,500,37
44,503,88
44,509,47
44,45,48
45,47,64
45,49,28
45,56,36
45,59,42
45,65,39
45,70,20
45,75,30
45,79,82
45,81,96
45,83,37
45,86,12
45,88,44
45,90,86
45,91,100
45,107,20
45,111,32
45,114,8
45,134,29
45,135,39
45,143,19
45,146,74
45,151,21
45,153,18
45,154,52
45,156,71
45,160,100
45,162,68
45,164,23
45,172,10
45,174,99
45,181,67
45,197,26
45,202,53
45,205,35
45,206,23
45,212,92
45,236,6
45,243,30
45,248,99
45,250,31
45,255,77
45,257,39
45,261,14
45,263,68
45,267,35
45,268,15
45,270,21
45,273,95
45,274,34
45,275,81
45,284,60
45,295,63
45,297,29
45,298,95
45,303,58
45,305,34
45,306,24
45,318,19
45,322,45
45,325,86
45,326,56
45,327,26
45,329,93
45,333,51
45,335,68
45,336,20
45,338,6
45,339,85
45,340,58
45,341,5
45,348,33
45,350,97
45,351,70
45,353,69
45,354,88
45,357,53
45,365,50
45,368,30
45,374,71
45,376,90
45,378,85
45,380,63
45,382,24
45,383,14
45,385,35
45,391,79
45,392,66
45,393,38
45,395,82
45,397,77
45,400,70
45,403,91
45,405,90
45,406,10
45,410,18
45,414,24
45,416,6
45,418,54
45,421,62
45,423,99
45,424,68
45,428,74
45,431,84
45,432,91
45,433,33
45,434,72
45,438,73
45,441,93
45,443,51
45,445,5
45,446,39
45,447,43
45,451,7
45,457,8
45,460,15
45,462,93
45,466,28
45,467,92
45,469,94
45,471,42
45,472,6
45,477,47
45,484,98
45,485,58
45,487,43
45,488,79
45,492,96
45,494,33
45,496,44
45,497,85
45,500,27
45,506,8
45,507,69
45,508,21
45,511,51
45,46,77
46,51,90
46,58,81
46,59,34
46,62,16
46,63,42
46,65,36
46,70,98
46,74,24
46,78,59
46,80,93
46,81,16
46,82,9
46,83,74
46,85,86
46,86,93
46,93,25
46,96,53
46,99,35
46,100,74
46,107,94
46,113,98
46,120,93
46,123,87
46,130,26
46,131,4
46,132,2
46,133,71
46,135,8
46,140,39
46,141,11
46,145,97
46,146,45
46,148,5
46,154,91
46,155,13
46,156,98
46,164,14
46,165,48
46,174,26
46,177,43
46,179,32
46,185,42
46,192,81
46,193,55
46,199,78
46,203,13
46,208,74
46,213,47
46,214,57
46,215,44
46,218,46
46,221,12
46,223,74
46,231,98
46,233,75
46,235,20
46,236,53
46,246,31
46,247,53
46,248,36
46,249,59
46,250,34
46,253,86
46,254,43
46,258,17
46,259,13
46,261,65
46,263,19
46,265,75
46,266,67
46,267,67
46,269,41
46,288,14
46,294,48
46,299,21
46,304,25
46,305,69
46,306,96
46,308,40
46,313,100
46,320,53
46,323,25
46,324,48
46,336,31
46,340,58
46,344,47
46,346,52
46,347,99
46,348,4
46,349,89
46,350,18
46,354,86
46,356,11
46,361,21
46,367,85
46,370,52
46,377,58
46,379,81
46,381,20
46,390,76
46,392,54
46,397,10
46,404,49
46,406,28
46,408,94
46,413,86
46,414,81
46,416,87
46,420,24
46,425,24
46,427,68
46,428,37
46,431,70
46,433,15
46,443,72
46,450,45
46,455,30
46,461,76
46,462,79
46,470,57
46,472,37
46,474,8
46,485,88
46,486,64
46,489,7
46,492,55
46,494,85
46,496,29
46,497,63
46,499,12
46,503,49
46,504,17
46,47,59
47,48,69
47,52,56
47,57,92
47,62,24
47,64,75
47,65,65
47,67,25
47,72,25
47,73,53
47,77,68
47,78,28
47,82,70
47,83,14
47,84,11
47,88,92
47,89,97
47,91,67
47,93,33
47,98,2
47,99,74
47,103,93
47,105,88
47,111,16
47,117,65
47,122,83
47,123,88
47,124,96
47,126,41
47,127,86
47,130,69
47,131,45
47,132,82
47,136,88
47,144,62
47,145,26
47,147,34
47,157,94
47,168,15
47,170,24
47,182,25
47,183,6
47,184,26
47,187,91
47,190,89
47,196,39
47,197,39
47,200,32
47,202,86
47,208,95
47,209,92
47,216,55
47,224,13
47,231,80
47,252,75
47,254,19
47,257,78
47,260,87
47,267,23
47,268,5
47,273,45
47,274,86
47,278,9
47,281,19
47,282,67
47,283,91
47,293,83
47,296,77
47,299,22
47,302,69
47,307,91
47,309,68
47,311,83
47,315,8
47,316,63
47,317,38
47,326,74
47,336,95
47,338,99
47,341,53
47,343,34
47,345,66
47,359,2
47,367,85
47,371,77
47,378,8
47,383,37
47,384,64
47,389,20
47,391,58
47,392,24
47,394,74
47,401,12
47,402,85
47,412,67
47,413,8
47,415,45
47,419,4
47,422,1
47,424,68
47,425,48
47,429,93
47,430,4
47,433,3
47,438,65
47,443,69
47,444,76
47,446,32
47,447,77
47,464,56
47,465,64
47,468,75
47,470,73
47,480,88
47,482,15
47,484,7
47,485,73
47,489,12
47,490,50
47,492,22
47,494,51
47,495,6
47,496,76
47,500,77
47,501,76
47,502,33
47,504,35
47,506,43
47,507,58
47,509,61
47,510,88
48,52,20
48,54,64
48,55,62
48,56,74
48,61,16
48,62,20
48,67,5
48,68,97
48,71,63
48,72,99
48,74,43
48,77,96
48,81,64
48,82,70
48,84,55
48,88,64
48,98,86
48,99,71
48,107,29
48,112,26
48,117,70
48,118,75
48,119,48
48,122,40
48,124,34
48,125,14
48,126,79
48,129,75
48,130,31
48,131,68
48,134,82
48,137,97
48,138,47
48,141,49
48,144,45
48,149,35
48,150,38
48,156,19
48,157,52
48,162,62
48,163,57
48,165,64
48,166,28
48,169,100
48,176,18
48,179,6
48,184,61
48,185,57
48,186,32
48,189,41
48,192,47
48,195,57
48,196,84
48,197,50
48,198,35
48,201,78
48,205,53
48,209,45
48,213,52
48,215,28
48,223,6
48,225,61
48,229,55
48,232,82
48,236,34
48,245,96
48,247,25
48,257,64
48,258,97
48,259,91
48,260,61
48,262,25
48,265,18
48,270,57
48,277,51
48,278,5
48,281,65
48,283,26
48,284,60
48,292,97
48,295,31
48,298,72
48,303,11
48,306,85
48,308,88
48,312,25
48,313,83
48,322,82
48,324,33
48,329,94
48,330,79
48,331,1
48,335,86
48,340,100
48,342,90
48,345,35
48,346,93
48,347,11
48,351,73
48,354,29
48,358,55
48,361,54
48,363,99
48,368,73
48,369,46
48,370,63
48,376,74
48,377,39
48,378,2
48,379,100
48,384,68
48,391,72
48,393,56
48,394,99
48,396,38
48,397,21
48,398,65
48,400,62
48,401,70
48,407,85
48,415,32
48,417,32
48,419,56
48,423,76
48,425,52
48,429,27
48,430,76
48,432,19
48,434,25
48,437,20
48,444,88
48,445,29
48,447,45
48,448,27
48,451,1
48,454,53
48,459,22
48,461,37
48,465,29
48,466,57
48,468,35
48,472,95
48,485,18
48,486,22
48,492,100
48,494,72
48,502,42
48,508,2
48,510,4
48,49,11
49,59,79
49,61,91
49,63,75
49,65,11
49,66,14
49,68,87
49,70,71
49,72,79
49,75,99
49,77,48
49,79,53
49,82,79
49,85,10
49,86,26
49,88,16
49,92,83
49,93,78
49,96,6
49,100,84
49,103,63
49,106,36
49,112,86
49,113,31
49,114,3
49,115,75
49,120,97
49,121,14
49,122,49
49,127,91
49,129,44
49,135,20
49,141,82
49,144,38
49,145,56
49,153,72
49,157,1
49,160,7
49,163,40
49,164,66
49,165,95
49,166,34
49,168,56
49,173,20
49,174,66
49,176,64
49,179,83
49,183,65
49,184,39
49,185,37
49,186,61
49,190,55
49,193,69
49,196,96
49,197,41
49,202,69
49,204,27
49,208,1
49,212,83
49,221,79
49,224,41
49,225,62
49,236,10
49,238,50
49,239,12
49,241,11
49,244,59
49,251,47
49,253,48
49,254,1
49,257,30
49,259,54
49,260,70
49,262,51
49,264,18
49,269,87
49,271,67
49,275,48
49,285,40
49,291,83
49,296,37
49,297,3
49,299,27
49,300,58
49,302,24
49,305,62
49,307,49
49,312,72
49,313,44
49,318,49
49,326,42
49,334,59
49,336,8
49,337,69
49,340,58
49,347,22
49,360,99
49,361,32
49,363,77
49,370,18
49,372,70
49,373,42
49,375,82
49,378,50
49,379,13
49,382,9
49,391,5
49,392,75
49,397,4
49,399,21
49,400,52
49,404,68
49,408,47
49,411,30
49,414,18
49,416,67
49,420,33
49,424,11
49,426,78
49,441,93
49,444,76
49,445,98
49,453,71
49,455,25
49,458,10
49,459,60
49,460,54
49,461,29
49,463,72
49,464,67
49,465,61
49,477,69
49,479,5
49,484,77
49,485,19
49,486,42
49,487,10
49,489,78
49,490,8
49,491,68
49,492,45
49,494,79
49,498,92
49,499,34
49,503,60
49,505,85
49,509,81
49,511,81
49,50,90
50,54,11
50,56,81
50,58,96
50,60,41
50,61,32
50,62,36
50,63,20
50,64,22
50,65,86
50,66,62
50,70,92
50,72,33
50,73,59
50,76,18
50,83,34
50,85,36
50,86,27
50,89,45
50,91,73
50,96,4
50,102,69
50,105,49
50,106,90
50,108,43
50,109,43
50,111,79
50,115,83
50,116,28
50,117,8
50,118,32
50,119,7
50,120,75
50,122,24
50,123,8
50,130,12
50,131,48
50,134,71
50,142,14
50,143,67
50,148,20
50,151,78
50,153,25
50,157,47
50,159,70
50,162,54
50,163,16
50,173,65
50,174,35
50,176,3
50,184,79
50,185,96
50,187,70
50,188,6
50,191,94
50,196,72
50,212,89
50,217,22
50,219,100
50,220,50
50,221,63
50,227,17
50,228,47
50,233,34
50,236,12
50,237,26
50,238,94
50,241,81
50,247,81
50,248,20
50,251,91
50,252,56
50,256,65
50,263,63
50,267,14
50,270,22
50,271,31
50,280,97
50,284,84
50,285,55
50,287,11
50,288,19
50,291,69
50,294,67
50,295,96
50,297,18
50,298,74
50,299,80
50,303,42
50,307,3
50,313,23
50,318,93
50,320,27
50,324,68
50,326,41
50,328,64
50,329,84
50,330,80
50,332,86
50,333,8
50,335,16
50,338,77
50,341,36
50,343,14
50,349,93
50,350,56
50,353,32
50,355,27
50,364,88
50,367,24
50,379,27
50,390,18
50,397,19
50,404,77
50,405,81
50,406,8
50,416,36
50,433,30
50,435,52
50,438,57
50,443,47
50,444,81
50,450,69
50,452,73
50,457,87
50,458,49
50,460,89
50,470,34
50,471,66
50,472,57
50,475,72
50,477,9
50,478,100
50,488,43
50,496,79
50,499,78
50,504,36
50,509,27
50,511,56
50,51,73
51,52,3
51,55,89
51,57,46
51,65,30
51,67,4
51,89,48
51,93,97
51,104,77
51,106,8
51,109,6
51,113,47
51,116,37
51,122,38
51,127,23
51,129,4
51,135,1
51,137,44
51,143,27
51,148,14
51,152,87
51,155,44
51,161,19
51,162,65
51,165,10
51,169,55
51,171,96
51,173,75
51,176,90
51,178,76
51,179,68
51,181,69
51,182,24
51,186,49
51,187,22
51,189,21
51,193,19
51,195,23
51,198,34
51,202,10
51,203,38
51,204,48
51,205,1
51,206,75
51,207,52
51,208,70
51,209,22
51,216,33
51,218,71
51,219,20
51,220,32
51,221,78
51,223,39
51,228,81
51,229,72
51,230,15
51,232,71
51,233,75
51,236,10
51,237,55
51,238,15
51,243,35
51,247,66
51,248,63
51,255,49
51,256,1
51,261,30
51,263,66
51,265,99
51,266,40
51,268,4
51,271,43
51,272,78
51,274,51
51,276,26
51,279,53
51,285,91
51,290,12
51,292,78
51,311,15
51,312,39
51,313,57
51,314,86
51,321,38
51,323,35
51,328,11
51,329,81
51,330,25
51,335,38
51,341,31
51,345,54
51,347,69
51,349,46
51,353,73
51,359,69
51,362,37
51,363,70
51,367,52
51,369,94
51,371,8
51,380,74
51,390,30
51,392,19
51,393,61
51,395,53
51,397,99
51,405,43
51,408,84
51,414,46
51,415,22
51,417,12
51,419,78
51,426,38
51,429,38
51,431,42
51,435,73
51,437,45
51,438,75
51,440,61
51,441,60
51,443,96
51,445,60
51,446,69
51,448,43
51,450,52
51,457,77
51,458,19
51,461,24
51,466,76
51,467,50
51,469,17
51,473,63
51,482,24
51,484,58
51,487,96
51,490,29
51,491,70
51,492,21
51,494,18
51,497,70
51,500,20
51,503,23
51,509,82
52,56,95
52,57,1
52,59,68
52,80,27
52,81,35
52,85,34
52,89,82
52,93,50
52,95,18
52,96,50
52,98,72
52,99,73
52,101,100
52,107,68
52,110,66
52,117,7
52,119,25
52,120,77
52,121,23
52,122,38
52,126,22
52,127,35
52,129,95
52,130,83
52,132,77
52,135,36
52,136,3
52,139,57
52,143,62
52,147,10
52,151,65
52,158,79
52,159,73
52,160,76
52,161,94
52,165,5
52,170,26
52,172,15
52,177,50
52,178,24
52,182,59
52,187,63
52,189,74
52,192,16
52,195,53
52,198,56
52,204,85
52,213,16
52,214,62
52,217,40
52,218,92
52,228,82
52,236,69
52,240,83
52,241,69
52,242,10
52,243,57
52,250,29
52,256,61
52,257,69
52,258,31
52,260,39
52,262,39
52,263,2
52,264,12
52,265,26
52,267,39
52,269,53
52,270,75
52,275,7
52,276,13
52,288,72
52,289,7
52,293,87
52,295,13
52,296,71
52,300,10
52,301,28
52,302,17
52,307,14
52,316,22
52,319,57
52,320,75
52,322,47
52,323,35
52,324,26
52,329,68
52,331,30
52,332,43
52,336,84
52,337,38
52,340,82
52,344,21
52,351,58
52,354,8
52,360,55
52,361,6
52,371,42
52,374,81
52,379,86
52,382,67
52,384,44
52,386,72
52,388,21
52,393,39
52,397,92
52,401,1
52,405,9
52,408,61
52,409,53
52,411,51
52,412,39
52,417,77
52,422,39
52,428,49
52,430,57
52,431,50
52,434,87
52,436,72
52,437,89
52,444,74
52,450,7
52,453,61
52,455,36
52,466,30
52,468,26
52,471,59
52,473,56
52,476,40
52,477,96
52,480,93
52,481,12
52,483,1
52,485,73
52,486,51
52,492,39
52,495,12
52,499,58
52,500,26
52,504,6
52,509,33
52,510,40
52,53,95
53,59,6
53,65,37
53,68,51
53,73,30
53,75,71
53,76,53
53,83,98
53,85,49
53,91,50
53,93,98
53,99,98
53,102,34
53,103,85
53,105,42
53,106,20
53,107,88
53,109,74
53,121,91
53,122,55
53,125,82
53,126,71
53,128,52
53,133,60
53,135,66
53,137,34
53,138,20
53,140,73
53,141,52
53,145,60
53,147,97
53,149,39
53,150,22
53,154,81
53,156,26
53,159,11
53,160,33
53,161,75
53,166,51
53,167,34
53,171,4
53,172,49
53,175,87
53,176,65
53,177,39
53,178,60
53,182,1
53,184,3
53,185,65
53,187,12
53,190,14
53,192,78
53,194,22
53,199,48
53,206,38
53,212,60
53,216,99
53,217,35
53,218,64
53,220,12
53,221,3
53,222,66
53,224,46
53,228,75
53,231,80
53,233,83
53,243,86
53,248,99
53,249,6
53,250,25
53,251,63
53,253,1
53,254,70
53,255,81
53,259,56
53,262,69
53,266,11
53,267,11
53,269,45
53,271,60
53,272,28
53,281,61
53,282,16
53,289,56
53,290,46
53,293,57
53,299,14
53,306,21
53,308,48
53,311,85
53,317,71
53,320,69
53,321,86
53,327,25
53,330,27
53,339,76
53,343,28
53,344,46
53,352,26
53,354,88
53,356,85
53,363,5
53,364,64
53,367,61
53,369,42
53,372,89
53,375,67
53,380,57
53,381,11
53,388,93
53,391,32
53,393,22
53,394,13
53,398,84
53,404,51
53,405,29
53,406,14
53,407,68
53,408,50
53,411,90
53,414,97
53,416,69
53,420,51
53,424,100
53,425,28
53,426,61
53,429,24
53,450,78
53,459,34
53,462,48
53,475,1
53,477,94
53,479,39
53,483,45
53,484,51
53,487,46
53,494,60
53,496,95
53,502,48
53,54,11
54,57,23
54,59,46
54,62,100
54,66,74
54,67,55
54,68,16
54,70,22
54,75,92
54,76,24
54,85,74
54,93,85
54,98,2
54,99,55
54,103,42
54,105,59
54,106,56
54,111,98
54,115,90
54,118,52
54,121,19
54,138,7
54,139,21
54,140,10
54,141,69
54,145,78
54,150,75
54,159,24
54,164,62
54,166,36
54,169,65
54,171,72
54,174,88
54,178,71
54,180,35
54,186,43
54,187,1
54,188,62
54,189,92
54,190,32
54,193,90
54,194,32
54,195,98
54,196,35
54,199,8
54,207,21
54,211,8
54,213,97
54,219,80
54,220,55
54,224,29
54,226,24
54,231,80
54,232,98
54,235,2
54,238,46
54,242,62
54,244,62
54,246,44
54,248,8
54,251,96
54,253,12
54,270,33
54,273,80
54,274,76
54,279,63
54,284,30
54,289,83
54,290,11
54,291,34
54,294,36
54,296,82
54,298,43
54,302,91
54,305,86
54,306,70
54,311,16
54,314,23
54,317,53
54,319,47
54,323,85
54,329,1
54,334,14
54,335,4
54,342,22
54,343,50
54,346,94
54,352,41
54,365,14
54,366,39
54,367,21
54,377,33
54,379,63
54,382,68
54,383,78
54,388,91
54,389,41
54,395,29
54,398,5
54,400,39
54,405,31
54,406,98
54,410,71
54,413,38
54,419,27
54,429,46
54,432,50
54,438,10
54,440,29
54,444,76
54,445,36
54,447,93
54,448,11
54,453,53
54,468,46
54,469,19
54,473,22
54,474,93
54,476,53
54,477,79
54,478,88
54,483,58
54,484,97
54,487,47
54,488,20
54,489,40
54,490,13
54,491,100
54,493,28
54,497,16
54,499,56
54,508,57
54,509,1
54,510,38
54,55,64
55,59,95
55,61,9
55,63,95
55,66,51
55,72,94
55,73,76
55,75,65
55,76,55
55,77,96
55,81,91
55,83,11
55,94,75
55,105,53
55,106,66
55,109,78
55,115,35
55,120,81
55,121,55
55,122,11
55,123,98
55,124,59
55,126,60
55,127,23
55,128,77
55,129,72
55,132,58
55,133,7
55,135,25
55,139,85
55,140,62
55,142,99
55,144,83
55,150,56
55,152,100
55,158,86
55,164,92
55,165,6
55,170,15
55,171,7
55,175,75
55,177,2
55,180,67
55,185,99
55,186,51
55,189,39
55,194,68
55,195,92
55,196,77
55,197,86
55,198,17
55,203,75
55,204,93
55,219,85
55,223,94
55,224,95
55,230,13
55,232,56
55,234,70
55,236,21
55,238,12
55,247,63
55,249,70
55,251,10
55,269,96
55,274,73
55,275,45
55,277,69
55,279,54
55,282,37
55,285,35
55,289,32
55,292,21
55,297,64
55,303,32
55,306,39
55,311,61
55,312,16
55,313,99
55,329,100
55,335,64
55,346,66
55,352,8
55,353,11
55,355,13
55,361,26
55,364,1
55,366,60
55,370,47
55,371,61
55,373,39
55,376,25
55,379,28
55,383,79
55,384,80
55,387,63
55,388,45
55,394,20
55,399,83
55,400,14
55,404,17
55,405,64
55,406,67
55,408,10
55,414,59
55,415,49
55,416,73
55,420,8
55,421,12
55,430,33
55,431,47
55,443,69
55,445,89
55,452,50
55,455,20
55,459,96
55,465,30
55,466,96
55,469,1
55,470,91
55,474,50
55,480,76
55,485,9
55,495,87
55,504,83
55,505,48
55,506,61
55,507,44
55,508,23
55,56,16
56,57,62
56,62,84
56,66,37
56,67,42
56,74,44
56,81,2
56,83,50
56,84,48
56,86,80
56,87,34
56,89,21
56,97,60
56,100,25
56,102,56
56,105,2
56,108,72
56,109,63
56,112,47
56,113,11
56,114,57
56,119,51
56,120,59
56,121,32
56,123,39
56,124,57
56,125,64
56,127,84
56,129,22
56,133,98
56,137,94
56,140,37
56,142,2
56,164,26
56,167,53
56,169,19
56,170,62
56,173,25
56,174,84
56,175,79
56,186,97
56,189,74
56,190,22
56,191,30
56,193,64
56,196,100
56,198,6
56,199,7
56,203,97
56,210,29
56,211,65
56,216,35
56,219,35
56,220,53
56,221,4
56,226,39
56,229,33
56,230,60
56,235,39
56,243,71
56,244,78
56,247,57
56,249,80
56,250,43
56,253,17
56,255,25
56,257,19
56,264,52
56,271,87
56,274,86
56,275,46
56,279,85
56,292,6
56,297,55
56,306,71
56,309,59
56,312,24
56,319,41
56,321,9
56,325,82
56,332,20
56,336,65
56,337,93
56,339,49
56,340,65
56,341,53
56,343,80
56,345,54
56,351,70
56,353,36
56,354,77
56,357,69
56,358,54
56,360,39
56,362,64
56,369,45
56,373,77
56,376,50
56,382,35
56,383,33
56,399,32
56,402,32
56,409,25
56,411,58
56,413,68
56,417,31
56,421,34
56,429,87
56,439,71
56,441,31
56,446,96
56,450,42
56,456,93
56,459,18
56,463,35
56,467,45
56,470,71
56,471,63
56,477,22
56,479,60
56,484,58
56,487,93
56,490,63
56,500,6
56,508,66
57,60,58
57,65,62
57,68,51
57,73,7
57,74,70
57,76,42
57,85,12
57,89,21
57,94,44
57,96,53
57,99,88
57,100,36
57,102,36
57,104,7
57,109,49
57,111,8
57,115,65
57,117,64
57,124,19
57,129,88
57,133,33
57,138,90
57,139,52
57,144,90
57,147,91
57,148,99
57,154,42
57,155,64
57,160,49
57,162,86
57,166,13
57,167,70
57,170,56
57,176,16
57,180,8
57,190,32
57,194,92
57,196,8
57,198,66
57,200,84
57,201,99
57,204,12
57,207,22
57,209,99
57,211,66
57,213,86
57,214,87
57,217,50
57,228,95
57,237,70
57,239,56
57,242,65
57,243,39
57,248,79
57,249,98
57,257,4
57,259,22
57,260,58
57,261,69
57,262,80
57,264,98
57,265,24
57,271,64
57,275,86
57,280,100
57,285,50
57,288,100
57,294,9
57,295,82
57,300,53
57,304,60
57,305,33
57,309,30
57,310,73
57,311,29
57,313,14
57,314,81
57,316,28
57,317,35
57,329,86
57,331,18
57,335,34
57,336,64
57,343,24
57,344,91
57,346,16
57,350,34
57,366,44
57,373,19
57,376,62
57,387,75
57,389,73
57,393,26
57,398,10
57,402,98
57,413,9
57,417,7
57,424,27
57,429,10
57,430,95
57,433,52
57,434,88
57,436,11
57,439,61
57,442,32
57,443,25
57,446,52
57,458,47
57,466,83
57,468,11
57,471,62
57,472,1
57,474,20
57,479,60
57,480,49
57,482,54
57,485,100
57,489,74
57,492,39
57,493,89
57,497,7
57,504,72
57,505,12
57,58,68
58,61,74
58,65,75
58,72,79
58,75,54
58,83,99
58,85,2
58,86,6
58,90,63
58,91,50
58,97,6
58,101,93
58,109,65
58,111,28
58,114,46
58,118,23
58,124,73
58,125,29
58,126,52
58,127,29
58,128,71
58,129,99
58,131,87
58,136,60
58,139,53
58,140,59
58,145,15
58,151,96
58,160,20
58,162,13
58,164,57
58,168,64
58,169,16
58,170,18
58,172,62
58,180,24
58,185,24
58,187,43
58,192,63
58,200,52
58,201,97
58,203,98
58,204,3
58,205,59
58,207,66
58,208,8
58,214,25
58,221,97
58,222,74
58,229,71
58,230,30
58,231,63
58,244,100
58,248,10
58,251,76
58,253,100
58,256,47
58,260,92
58,261,58
58,266,65
58,268,35
58,269,80
58,275,39
58,277,2
58,283,20
58,290,30
58,295,24
58,297,66
58,302,55
58,304,86
58,310,10
58,313,100
58,321,1
58,338,33
58,339,99
58,340,43
58,345,91
58,346,37
58,351,49
58,354,34
58,358,62
58,360,13
58,376,38
58,378,66
58,385,78
58,387,43
58,395,88
58,396,12
58,399,82
58,400,27
58,405,38
58,412,22
58,413,96
58,423,82
58,426,83
58,429,68
58,431,67
58,433,5
58,439,46
58,441,76
58,449,10
58,452,100
58,454,45
58,455,65
58,457,46
58,466,11
58,471,19
58,474,28
58,479,42
58,483,75
58,487,66
58,489,85
58,490,29
58,493,79
58,496,43
58,499,21
58,507,66
58,510,91
58,59,18
59,65,79
59,66,17
59,69,38
59,72,87
59,74,87
59,79,7
59,80,90
59,84,49
59,87,13
59,88,23
59,89,14
59,92,55
59,94,84
59,95,53
59,97,23
59,102,32
59,107,26
59,111,39
59,114,27
59,115,86
59,119,14
59,121,92
59,126,32
59,135,67
59,136,83
59,138,65
59,140,39
59,142,20
59,152,64
59,160,72
59,161,71
59,162,28
59,167,93
59,174,66
59,176,10
59,181,36
59,182,8
59,186,35
59,193,11
59,194,27
59,198,20
59,199,51
59,204,87
59,205,23
59,208,87
59,209,45
59,213,98
59,215,70
59,217,52
59,219,50
59,226,21
59,231,99
59,232,9
59,233,10
59,235,96
59,236,7
59,239,29
59,243,15
59,247,99
59,248,3
59,261,82
59,262,5
59,263,93
59,265,95
59,266,5
59,267,81
59,273,33
59,277,10
59,280,62
59,283,11
59,285,68
59,289,83
59,294,25
59,298,76
59,303,45
59,306,19
59,308,52
59,314,58
59,317,42
59,320,46
59,324,37
59,327,31
59,330,26
59,333,33
59,334,85
59,335,48
59,337,24
59,338,42
59,342,56
59,349,64
59,351,7
59,356,55
59,367,42
59,368,47
59,375,31
59,376,78
59,380,16
59,383,38
59,384,75
59,385,40
59,386,34
59,387,3
59,396,51
59,398,10
59,399,67
59,405,62
59,407,31
59,409,77
59,412,14
59,413,69
59,416,98
59,421,20
59,429,10
59,432,40
59,435,28
59,436,31
59,438,10
59,451,22
59,452,67
59,454,36
59,455,75
59,459,77
59,463,71
59,464,97
59,466,77
59,467,75
59,468,94
59,470,24
59,475,42
59,478,51
59,484,28
59,487,68
59,488,64
59,489,3
59,491,2
59,493,5
59,497,36
59,500,45
59,505,95
59,507,80
59,508,11
59,60,15
60,63,50
60,67,9
60,70,58
60,73,59
60,75,46
60,78,99
60,85,55
60,89,53
60,93,59
60,95,47
60,98,91
60,99,83
60,100,5
60,102,67
60,105,11
60,111,6
60,112,38
60,113,33
60,114,43
60,119,79
60,120,71
60,123,75
60,125,97
60,126,18
60,127,90
60,128,85
60,129,15
60,130,62
60,132,65
60,134,74
60,135,42
60,137,6
60,139,90
60,141,39
60,148,29
60,158,32
60,159,42
60,164,72
60,165,42
60,167,32
60,168,83
60,169,73
60,173,48
60,176,47
60,178,54
60,182,41
60,183,90
60,185,51
60,188,82
60,194,76
60,196,69
60,198,10
60,199,92
60,202,73
60,205,8
60,227,23
60,233,76
60,235,84
60,237,91
60,238,22
60,240,94
60,242,20
60,244,84
60,249,94
60,251,48
60,265,83
60,268,58
60,270,4
60,272,52
60,274,55
60,288,22
60,291,3
60,292,25
60,295,100
60,301,93
60,304,9
60,306,95
60,308,11
60,311,57
60,312,94
60,316,96
60,317,55
60,318,20
60,325,78
60,328,3
60,329,77
60,330,87
60,333,47
60,342,23
60,344,1
60,345,83
60,346,47
60,347,73
60,349,18
60,350,79
60,351,38
60,355,15
60,356,57
60,357,11
60,358,7
60,359,90
60,361,65
60,362,44
60,366,95
60,367,40
60,377,24
60,384,5
60,386,45
60,387,98
60,391,66
60,392,79
60,395,51
60,399,23
60,407,87
60,409,20
60,411,7
60,412,71
60,413,4
60,416,35
60,418,87
60,421,29
60,424,53
60,426,15
60,432,21
60,433,63
60,436,55
60,440,69
60,444,30
60,448,95
60,451,8
60,460,8
60,464,64
60,465,38
60,466,1
60,467,40
60,473,66
60,482,65
60,484,20
60,491,95
60,496,41
60,497,94
60,504,48
60,511,40
60,61,43
61,64,33
61,67,99
61,70,59
61,71,4
61,73,49
61,80,19
61,82,5
61,85,36
61,87,60
61,109,17
61,110,21
61,121,1
61,124,66
61,125,30
61,130,2
61,133,61
61,134,12
61,140,49
61,144,35
61,146,77
61,153,82
61,155,15
61,157,91
61,158,96
61,161,79
61,167,17
61,169,71
61,171,35
61,172,70
61,173,67
61,174,20
61,180,9
61,181,44
61,184,45
61,186,3
61,187,61
61,189,68
61,190,29
61,191,36
61,196,5
61,199,88
61,200,87
61,202,15
61,206,99
61,207,52
61,209,77
61,210,19
61,216,36
61,220,57
61,224,67
61,229,41
61,230,16
61,237,56
61,238,49
61,240,76
61,241,65
61,242,73
61,247,25
61,253,61
61,256,61
61,260,83
61,264,63
61,266,89
61,271,60
61,280,70
61,288,68
61,294,5
61,299,41
61,306,95
61,309,87
61,321,41
61,325,100
61,330,24
61,336,38
61,342,57
61,344,68
61,353,26
61,358,11
61,359,32
61,361,68
61,368,13
61,372,49
61,376,61
61,380,75
61,388,99
61,391,100
61,393,83
61,397,55
61,398,39
61,403,14
61,418,4
61,419,8
61,421,78
61,424,39
61,425,47
61,426,88
61,429,69
61,430,68
61,433,53
61,438,50
61,442,24
61,453,92
61,457,94
61,460,15
61,462,89
61,464,92
61,475,58
61,477,68
61,480,97
61,481,69
61,485,1
61,487,62
61,490,52
61,491,86
61,492,95
61,493,56
61,495,81
61,498,3
61,504,46
61,511,76
61,62,43
62,64,44
62,78,24
62,79,5
62,80,15
62,81,54
62,83,91
62,85,55
62,88,42
62,90,48
62,92,63
62,93,57
62,96,51
62,102,52
62,106,7
62,111,8
62,113,83
62,121,47
62,123,4
62,127,89
62,130,51
62,132,30
62,133,87
62,135,34
62,138,78
62,160,41
62,161,5
62,165,72
62,166,7
62,174,68
62,175,36
62,177,76
62,178,62
62,181,28
62,182,68
62,183,45
62,186,29
62,189,37
62,190,15
62,194,52
62,195,97
62,199,73
62,203,53
62,205,24
62,206,41
62,207,2
62,210,71
62,230,3
62,233,49
62,235,3
62,237,37
62,240,93
62,247,29
62,249,44
62,251,49
62,262,54
62,263,51
62,270,20
62,272,59
62,274,55
62,275,48
62,276,42
62,281,11
62,282,90
62,288,5
62,291,49
62,294,57
62,296,41
62,298,46
62,299,24
62,300,43
62,301,11
62,306,60
62,314,90
62,317,63
62,318,87
62,321,66
62,323,71
62,324,59
62,330,31
62,331,74
62,335,8
62,339,98
62,350,27
62,351,100
62,355,33
62,356,14
62,357,47
62,366,38
62,368,75
62,372,42
62,374,95
62,375,73
62,378,36
62,379,39
62,380,71
62,381,77
62,384,50
62,386,74
62,387,100
62,390,54
62,391,15
62,392,29
62,394,22
62,400,7
62,401,56
62,402,9
62,404,90
62,405,82
62,412,3
62,418,4
62,423,65
62,425,23
62,430,80
62,431,16
62,435,67
62,437,72
62,439,5
62,440,1
62,444,68
62,448,98
62,451,34
62,464,10
62,467,90
62,472,41
62,474,37
62,476,52
62,477,68
62,483,27
62,484,76
62,486,19
62,487,71
62,492,88
62,495,16
62,496,52
62,497,88
62,501,1
62,505,34
62,510,78
62,63,60
63,73,63
63,76,67
63,77,49
63,78,67
63,80,48
63,82,83
63,85,48
63,86,31
63,88,2
63,93,30
63,96,3
63,102,84
63,108,75
63,109,24
63,112,17
63,113,45
63,125,30
63,133,51
63,134,77
63,135,70
63,143,80
63,145,28
63,146,68
63,151,44
63,152,63
63,153,58
63,154,31
63,157,32
63,159,46
63,161,14
63,167,42
63,168,21
63,170,57
63,172,67
63,176,79
63,179,50
63,180,70
63,183,22
63,184,72
63,187,87
63,189,78
63,193,28
63,196,29
63,203,54
63,205,10
63,210,98
63,213,44
63,217,52
63,221,32
63,223,23
63,225,48
63,228,62
63,232,11
63,235,39
63,237,40
63,243,30
63,244,32
63,251,33
63,256,78
63,257,91
63,261,51
63,272,9
63,274,80
63,276,91
63,278,43
63,280,100
63,282,52
63,284,53
63,286,7
63,287,93
63,289,47
63,295,51
63,297,25
63,303,2
63,306,55
63,307,61
63,309,96
63,311,99
63,315,80
63,316,56
63,324,99
63,326,60
63,329,17
63,330,63
63,335,44
63,338,82
63,341,55
63,346,59
63,347,64
63,348,58
63,349,25
63,352,1
63,357,5
63,360,85
63,361,5
63,364,37
63,365,3
63,366,31
63,370,1
63,371,59
63,379,66
63,382,98
63,384,10
63,391,4
63,393,48
63,395,17
63,398,18
63,400,85
63,409,86
63,412,90
63,413,20
63,414,15
63,416,93
63,417,100
63,419,85
63,422,12
63,424,67
63,428,3
63,429,4
63,430,98
63,439,47
63,440,99
63,442,45
63,443,14
63,448,28
63,449,66
63,456,52
63,459,72
63,460,99
63,461,15
63,472,65
63,473,33
63,474,60
63,476,93
63,488,31
63,492,87
63,493,22
63,494,80
63,495,36
63,498,69
63,500,62
63,503,19
63,504,90
63,505,91
63,508,39
63,64,78
64,68,93
64,76,17
64,79,42
64,83,46
64,85,40
64,88,6
64,89,72
64,94,36
64,98,38
64,100,17
64,102,58
64,106,60
64,110,26
64,113,18
64,114,2
64,119,92
64,121,86
64,123,54
64,129,64
64,132,59
64,136,46
64,138,15
64,142,16
64,149,1
64,156,60
64,158,36
64,159,74
64,160,61
64,164,39
64,165,13
64,169,100
64,174,18
64,176,72
64,178,89
64,182,77
64,192,57
64,198,37
64,199,30
64,201,16
64,202,74
64,203,85
64,204,13
64,205,94
64,211,5
64,216,93
64,217,72
64,223,5
64,230,44
64,239,99
64,243,48
64,253,93
64,264,2
64,265,20
64,266,17
64,270,22
64,276,58
64,281,55
64,285,52
64,286,28
64,288,43
64,292,88
64,297,83
64,300,79
64,303,71
64,306,100
64,307,100
64,311,96
64,314,6
64,315,8
64,318,74
64,321,35
64,329,14
64,330,51
64,333,61
64,336,44
64,337,100
64,340,8
64,341,1
64,343,98
64,345,81
64,351,36
64,352,14
64,354,14
64,359,56
64,360,66
64,371,50
64,374,35
64,377,36
64,378,2
64,383,69
64,386,60
64,389,81
64,396,56
64,399,51
64,402,85
64,406,24
64,408,97
64,410,52
64,411,93
64,415,66
64,425,77
64,428,72
64,431,41
64,432,100
64,435,69
64,437,67
64,439,2
64,445,53
64,456,53
64,457,67
64,462,87
64,466,65
64,473,69
64,478,59
64,481,33
64,482,54
64,483,31
64,489,37
64,497,75
64,498,49
64,499,77
64,504,7
64,507,14
64,508,2
64,509,15
64,510,25
64,65,4
65,66,83
65,69,11
65,77,19
65,79,67
65,80,28
65,84,77
65,88,90
65,91,57
65,94,2
65,98,71
65,100,49
65,116,62
65,120,36
65,121,17
65,124,99
65,132,18
65,135,32
65,144,26
65,145,42
65,146,8
65,149,21
65,152,74
65,154,90
65,155,32
65,156,65
65,159,22
65,164,90
65,171,11
65,173,86
65,174,2
65,178,7
65,179,82
65,190,72
65,192,4
65,201,24
65,212,10
65,214,16
65,215,31
65,218,50
65,228,76
65,229,8
65,233,1
65,234,43
65,236,1
65,243,71
65,244,91
65,246,75
65,249,38
65,251,8
65,261,21
65,265,98
65,267,87
65,269,80
65,270,84
65,273,31
65,280,7
65,285,97
65,290,89
65,291,27
65,293,32
65,294,48
65,295,83
65,301,16
65,305,12
65,313,41
65,316,17
65,317,14
65,318,73
65,319,40
65,324,54
65,338,3
65,343,27
65,345,16
65,346,83
65,350,72
65,351,2
65,356,32
65,358,83
65,368,74
65,371,34
65,376,26
65,377,28
65,379,4
65,382,96
65,385,73
65,388,53
65,392,61
65,404,2
65,408,25
65,413,22
65,414,16
65,418,45
65,419,4
65,421,59
65,425,38
65,426,13
65,434,92
65,435,88
65,436,30
65,437,55
65,438,6
65,440,67
65,442,36
65,443,19
65,448,65
65,449,80
65,450,55
65,454,5
65,456,15
65,463,55
65,470,65
65,473,27
65,475,59
65,476,76
65,482,8
65,484,57
65,488,89
65,491,100
65,494,55
65,495,33
65,498,76
65,502,87
65,506,19
65,511,92
66,69,57
66,77,29
66,78,59
66,80,68
66,83,9
66,85,88
66,86,37
66,87,80
66,88,14
66,92,58
66,94,35
66,100,38
66,101,77
66,103,20
66,104,95
66,106,39
66,107,58
66,114,71
66,118,95
66,124,74
66,126,9
66,129,36
66,130,89
66,140,43
66,144,26
66,149,13
66,151,43
66,157,52
66,162,13
66,163,87
66,167,96
66,169,35
66,172,70
66,180,75
66,188,63
66,189,78
66,190,19
66,192,14
66,196,82
66,198,32
66,199,90
66,202,82
66,203,59
66,205,96
66,210,90
66,212,25
66,214,43
66,219,16
66,220,21
66,221,71
66,225,83
66,231,23
66,246,38
66,252,36
66,253,87
66,255,3
66,256,51
66,260,1
66,261,43
66,264,32
66,266,42
66,269,61
66,274,31
66,275,17
66,276,39
66,286,90
66,287,7
66,291,24
66,292,31
66,293,18
66,294,67
66,295,62
66,298,25
66,299,13
66,300,95
66,301,42
66,302,4
66,304,54
66,306,68
66,309,94
66,311,21
66,314,58
66,320,10
66,324,42
66,327,58
66,332,62
66,345,80
66,346,18
66,347,30
66,349,50
66,350,75
66,354,67
66,355,61
66,356,72
66,358,29
66,359,97
66,364,66
66,365,8
66,369,22
66,371,74
66,382,63
66,383,48
66,385,1
66,387,30
66,396,86
66,397,17
66,398,85
66,401,22
66,402,65
66,407,66
66,412,17
66,414,43
66,418,32
66,419,8
66,422,46
66,424,47
66,431,30
66,432,6
66,433,38
66,434,36
66,441,40
66,442,41
66,443,96
66,446,25
66,448,15
66,452,98
66,456,57
66,457,100
66,459,55
66,460,18
66,461,83
66,463,86
66,467,92
66,468,53
66,469,2
66,474,18
66,478,67
66,489,66
66,499,83
66,501,89
66,506,57
66,511,65
66,67,65
67,68,53
67,69,9
67,72,73
67,82,37
67,87,95
67,93,69
67,96,63
67,99,94
67,104,84
67,105,92
67,106,10
67,107,86
67,110,81
67,120,61
67,122,34
67,125,88
67,127,83
67,128,17
67,131,25
67,136,32
67,138,2
67,144,26
67,145,77
67,146,25
67,153,95
67,162,91
67,163,68
67,164,45
67,167,16
67,170,86
67,172,39
67,177,29
67,179,87
67,180,12
67,183,93
67,185,55
67,186,67
67,197,64
67,205,89
67,208,79
67,209,33
67,210,50
67,211,98
67,212,85
67,214,56
67,218,11
67,219,66
67,220,32
67,221,62
67,228,42
67,232,30
67,235,40
67,245,19
67,246,26
67,247,90
67,248,45
67,251,24
67,252,86
67,254,85
67,256,37
67,259,15
67,266,67
67,278,87
67,279,76
67,284,32
67,285,37
67,288,49
67,292,65
67,295,13
67,297,47
67,298,45
67,303,59
67,305,64
67,312,96
67,313,36
67,314,55
67,320,58
67,325,3
67,329,42
67,331,17
67,334,35
67,339,17
67,341,18
67,342,35
67,344,9
67,349,38
67,352,37
67,354,48
67,355,11
67,363,55
67,367,47
67,376,7
67,377,92
67,378,24
67,384,65
67,387,27
67,390,44
67,394,75
67,396,33
67,402,84
67,404,55
67,407,88
67,413,30
67,414,98
67,417,81
67,420,70
67,423,88
67,425,31
67,430,35
67,435,31
67,436,60
67,439,3
67,440,22
67,442,72
67,444,3
67,446,98
67,450,17
67,456,41
67,458,43
67,459,64
67,470,82
67,471,73
67,481,44
67,497,15
67,499,12
67,500,59
67,502,20
67,504,28
67,507,41
68,69,95
68,73,77
68,78,5
68,79,33
68,80,39
68,82,28
68,85,98
68,93,58
68,95,17
68,100,9
68,109,66
68,113,29
68,115,40
68,116,35
68,119,50
68,125,70
68,126,3
68,129,94
68,131,45
68,142,3
68,147,94
68,150,91
68,153,5
68,155,12
68,164,72
68,165,61
68,173,12
68,176,3
68,177,56
68,183,61
68,184,48
68,191,67
68,192,51
68,193,7
68,195,42
68,196,16
68,197,22
68,203,71
68,207,86
68,208,9
68,212,83
68,213,13
68,225,9
68,227,53
68,229,60
68,230,76
68,233,36
68,235,66
68,236,83
68,237,11
68,246,27
68,248,98
68,255,37
68,256,18
68,262,57
68,263,32
68,269,44
68,271,64
68,272,59
68,273,29
68,275,11
68,279,69
68,282,76
68,283,72
68,285,16
68,289,22
68,290,63
68,293,54
68,296,69
68,301,89
68,303,75
68,307,17
68,308,35
68,311,74
68,313,76
68,315,88
68,316,45
68,322,24
68,332,85
68,341,51
68,353,1
68,354,31
68,357,80
68,359,51
68,360,59
68,362,15
68,365,52
68,371,1
68,377,34
68,378,80
68,380,91
68,387,52
68,394,63
68,400,27
68,404,63
68,410,58
68,414,76
68,420,18
68,423,30
68,430,85
68,435,91
68,448,89
68,450,20
68,451,30
68,457,66
68,459,22
68,465,87
68,466,95
68,467,14
68,471,44
68,472,81
68,473,28
68,476,37
68,480,81
68,485,60
68,488,73
68,492,68
68,496,70
68,503,88
68,508,91
68,509,18
68,510,77
69,70,6
69,74,33
69,76,86
69,79,100
69,83,60
69,97,65
69,98,12
69,102,6
69,107,29
69,109,77
69,117,78
69,118,96
69,123,73
69,125,24
69,126,84
69,127,100
69,130,21
69,132,60
69,136,9
69,139,42
69,146,33
69,152,7
69,154,22
69,155,99
69,164,6
69,166,36
69,168,58
69,172,5
69,174,24
69,176,91
69,177,7
69,181,90
69,186,75
69,190,5
69,200,41
69,203,21
69,204,4
69,211,23
69,212,56
69,213,19
69,215,75
69,217,83
69,220,89
69,221,58
69,222,98
69,225,8
69,229,96
69,234,77
69,235,51
69,239,68
69,241,48
69,246,66
69,248,70
69,249,17
69,251,34
69,252,88
69,257,19
69,262,96
69,266,18
69,274,14
69,278,87
69,280,87
69,281,28
69,283,82
69,287,24
69,289,93
69,293,61
69,295,41
69,298,57
69,302,52
69,307,6
69,309,34
69,310,39
69,314,75
69,315,72
69,316,53
69,317,23
69,320,93
69,328,20
69,331,3
69,333,23
69,336,28
69,340,14
69,344,13
69,347,21
69,350,61
69,351,3
69,357,30
69,358,52
69,364,40
69,366,64
69,376,86
69,377,95
69,379,97
69,380,72
69,381,6
69,384,34
69,385,25
69,387,7
69,388,8
69,401,54
69,404,43
69,405,36
69,406,96
69,407,11
69,409,41
69,411,89
69,412,54
69,415,33
69,416,58
69,417,7
69,425,40
69,429,56
69,432,37
69,433,31
69,438,66
69,442,88
69,445,85
69,448,80
69,457,85
69,458,57
69,459,73
69,460,55
69,461,8
69,466,4
69,473,4
69,486,96
69,487,88
69,489,35
69,492,59
69,494,34
69,495,74
69,501,48
69,505,59
69,506,62
69,509,27
70,71,53
70,81,97
70,83,2
70,84,76
70,85,59
70,86,44
70,93,55
70,95,90
70,104,100
70,106,49
70,108,85
70,114,54
70,123,44
70,125,47
70,127,18
70,128,15
70,129,76
70,136,41
70,138,62
70,142,50
70,144,28
70,151,36
70,154,28
70,155,29
70,156,79
70,158,91
70,162,50
70,168,79
70,169,91
70,171,40
70,174,14
70,179,52
70,181,65
70,185,33
70,190,20
70,191,71
70,192,85
70,195,4
70,197,6
70,198,88
70,203,33
70,204,62
70,207,93
70,211,50
70,212,6
70,220,58
70,221,20
70,225,30
70,228,6
70,230,36
70,231,60
70,235,71
70,236,81
70,239,80
70,240,46
70,244,40
70,248,96
70,249,11
70,253,61
70,255,77
70,257,66
70,258,60
70,263,85
70,264,27
70,268,22
70,270,41
70,273,22
70,282,15
70,285,69
70,292,27
70,295,22
70,297,20
70,302,55
70,306,16
70,307,87
70,309,36
70,311,58
70,312,87
70,315,35
70,317,44
70,319,67
70,323,29
70,327,26
70,329,96
70,335,1
70,337,94
70,343,100
70,344,1
70,345,94
70,347,83
70,348,98
70,350,36
70,351,52
70,356,40
70,357,89
70,358,81
70,361,56
70,362,23
70,366,90
70,369,87
70,370,45
70,371,19
70,372,94
70,374,68
70,377,24
70,378,93
70,384,5
70,385,87
70,388,56
70,390,11
70,392,32
70,400,59
70,401,27
70,403,8
70,416,81
70,417,96
70,418,18
70,419,64
70,420,28
70,426,15
70,427,75
70,432,78
70,434,33
70,436,44
70,439,53
70,442,50
70,443,67
70,449,74
70,452,16
70,457,57
70,458,45
70,460,93
70,463,68
70,479,94
70,480,61
70,481,19
70,482,30
70,484,68
70,485,79
70,487,60
70,489,78
70,497,68
70,500,61
70,502,12
71,85,8
71,88,75
71,92,25
71,93,46
71,95,67
71,99,36
71,101,37
71,102,54
71,105,53
71,106,88
71,108,20
71,109,91
71,111,2
71,112,51
71,116,80
71,118,47
71,121,88
71,124,15
71,126,26
71,128,98
71,130,81
71,138,92
71,141,86
71,142,40
71,144,23
71,146,33
71,149,90
71,150,87
71,151,4
71,153,38
71,156,71
71,157,43
71,160,52
71,161,82
71,163,85
71,168,97
71,169,24
71,170,21
71,173,71
71,181,10
71,184,40
71,185,7
71,186,85
71,188,74
71,191,19
71,195,54
71,198,97
71,199,66
71,201,91
71,206,50
71,209,91
71,212,79
71,216,42
71,225,61
71,228,17
71,229,76
71,230,39
71,233,30
71,234,51
71,237,53
71,239,85
71,244,61
71,252,22
71,254,56
71,255,96
71,259,79
71,260,55
71,261,34
71,266,5
71,268,4
71,276,10
71,279,91
71,280,9
71,287,87
71,290,25
71,295,86
71,299,77
71,300,43
71,301,81
71,306,100
71,308,83
71,310,25
71,312,74
71,313,91
71,323,80
71,326,1
71,336,15
71,337,69
71,339,95
71,341,92
71,343,2
71,345,72
71,346,28
71,348,11
71,349,3
71,352,49
71,354,50
71,361,56
71,365,63
71,370,22
71,373,1
71,374,73
71,375,80
71,378,2
71,380,82
71,384,91
71,386,14
71,388,56
71,390,94
71,397,68
71,398,59
71,402,61
71,406,28
71,407,74
71,415,65
71,420,98
71,421,52
71,425,37
71,433,93
71,438,77
71,440,13
71,446,18
71,452,100
71,454,94
71,458,59
71,462,53
71,463,32
71,465,44
71,466,69
71,472,25
71,474,20
71,476,61
71,477,22
71,483,93
71,484,26
71,486,48
71,490,43
71,501,100
71,502,24
71,509,11
71,510,87
71,72,93
72,75,89
72,76,79
72,77,34
72,79,74
72,84,1
72,87,58
72,90,47
72,91,35
72,93,53
72,98,36
72,100,24
72,102,62
72,113,34
72,114,61
72,121,45
72,131,81
72,132,91
72,133,82
72,135,55
72,137,1
72,139,10
72,148,89
72,150,4
72,157,99
72,158,74
72,161,16
72,168,74
72,169,99
72,170,57
72,171,61
72,176,61
72,186,44
72,189,52
72,191,36
72,193,52
72,195,62
72,197,28
72,206,52
72,207,5
72,211,45
72,212,48
72,215,52
72,219,44
72,221,45
72,222,30
72,223,86
72,224,22
72,225,60
72,231,53
72,236,69
72,238,13
72,240,87
72,242,59
72,245,54
72,251,38
72,253,34
72,254,76
72,256,31
72,257,35
72,260,25
72,264,48
72,267,11
72,271,82
72,274,17
72,275,81
72,287,85
72,288,26
72,290,93
72,291,33
72,295,40
72,309,66
72,313,71
72,314,25
72,315,62
72,319,93
72,328,80
72,329,52
72,335,49
72,337,67
72,340,14
72,345,75
72,351,9
72,354,15
72,360,70
72,362,44
72,364,16
72,365,69
72,367,31
72,375,99
72,377,98
72,378,31
72,381,60
72,383,70
72,385,33
72,389,94
72,391,86
72,393,17
72,395,4
72,398,20
72,406,17
72,408,64
72,409,63
72,410,96
72,419,37
72,426,2
72,427,11
72,430,8
72,433,2
72,434,14
72,435,67
72,436,55
72,438,83
72,439,14
72,442,77
72,444,73
72,450,62
72,451,23
72,452,52
72,453,74
72,457,92
72,460,9
72,461,76
72,463,26
72,465,81
72,467,36
72,468,49
72,474,44
72,475,100
72,476,16
72,478,91
72,479,89
72,486,91
72,488,53
72,491,88
72,492,88
72,493,91
72,494,37
72,495,8
72,497,54
72,501,61
72,507,73
72,510,5
72,73,12
73,75,26
73,76,90
73,77,90
73,81,95
73,87,94
73,91,37
73,97,77
73,104,18
73,106,78
73,112,18
73,114,88
73,123,4
73,132,35
73,133,37
73,134,69
73,137,45
73,138,48
73,140,47
73,148,23
73,154,39
73,155,44
73,158,41
73,159,10
73,160,2
73,161,16
73,163,97
73,164,46
73,165,50
73,171,47
73,174,11
73,178,29
73,189,48
73,201,41
73,202,64
73,203,85
73,205,88
73,209,9
73,213,17
73,216,80
73,219,4
73,224,63
73,230,71
73,233,28
73,245,64
73,251,20
73,255,45
73,260,29
73,261,60
73,263,59
73,265,52
73,274,92
73,279,65
73,287,83
73,291,63
73,293,66
73,295,90
73,302,67
73,307,93
73,309,86
73,310,76
73,315,38
73,316,43
73,318,74
73,319,58
73,323,14
73,324,44
73,327,76
73,336,49
73,338,61
73,340,52
73,344,33
73,349,87
73,355,9
73,356,20
73,357,80
73,359,52
73,364,41
73,367,97
73,369,45
73,374,1
73,375,61
73,376,42
73,379,33
73,380,91
73,381,59
73,384,43
73,385,91
73,389,55
73,393,85
73,396,35
73,398,8
73,399,66
73,408,41
73,413,30
73,417,75
73,418,99
73,419,13
73,420,71
73,425,6
73,427,29
73,429,49
73,435,15
73,451,54
73,454,77
73,458,26
73,466,20
73,468,75
73,470,94
73,474,18
73,477,46
73,480,100
73,482,22
73,484,38
73,486,54
73,498,52
73,504,78
73,511,100
73,74,19
74,76,25
74,84,6
74,86,4
74,87,15
74,90,6
74,97,68
74,101,15
74,107,78
74,108,54
74,115,92
74,120,34
74,122,1
74,127,17
74,128,50
74,140,53
74,144,51
74,151,33
74,152,47
74,156,62
74,159,89
74,162,70
74,163,59
74,170,19
74,172,14
74,174,64
74,178,75
74,182,4
74,183,82
74,186,25
74,191,27
74,192,77
74,193,85
74,194,46
74,198,64
74,203,9
74,210,47
74,222,72
74,231,37
74,233,15
74,243,3
74,245,74
74,247,59
74,248,96
74,255,100
74,262,18
74,265,36
74,270,6
74,271,48
74,276,14
74,280,73
74,286,39
74,287,96
74,292,62
74,293,24
74,297,80
74,301,100
74,302,43
74,305,64
74,306,80
74,307,83
74,310,10
74,311,61
74,312,55
74,313,36
74,320,70
74,322,99
74,324,28
74,325,40
74,335,80
74,336,6
74,341,54
74,343,79
74,345,43
74,352,75
74,355,13
74,358,75
74,361,44
74,362,28
74,366,7
74,367,27
74,373,96
74,374,51
74,376,20
74,377,70
74,379,4
74,381,12
74,388,49
74,393,31
74,395,81
74,398,42
74,402,64
74,413,73
74,419,76
74,421,92
74,422,5
74,423,38
74,425,97
74,426,43
74,427,72
74,428,16
74,429,18
74,433,85
74,435,35
74,438,91
74,444,44
74,448,83
74,449,38
74,450,62
74,451,72
74,459,80
74,460,48
74,464,63
74,466,47
74,478,97
74,479,89
74,480,7
74,481,80
74,483,25
74,484,53
74,488,57
74,489,30
74,490,62
74,494,22
74,496,5
74,497,11
74,498,11
74,500,83
74,504,17
74,510,34
74,75,80
75,76,87
75,82,12
75,84,72
75,88,31
75,89,47
75,90,41
75,96,17
75,97,23
75,100,6
75,102,36
75,105,41
75,106,16
75,107,67
75,108,83
75,113,56
75,115,68
75,117,67
75,120,17
75,122,52
75,126,66
75,130,93
75,135,90
75,140,7
75,142,27
75,144,79
75,145,63
75,147,16
75,151,26
75,156,71
75,158,79
75,161,85
75,162,94
75,163,53
75,164,34
75,165,22
75,166,84
75,167,3
75,173,16
75,181,84
75,183,62
75,184,93
75,185,53
75,187,98
75,188,17
75,189,33
75,192,80
75,198,44
75,199,45
75,200,34
75,202,81
75,203,14
75,205,99
75,209,6
75,211,10
75,212,38
75,218,18
75,219,39
75,221,100
75,222,24
75,231,100
75,232,62
75,237,63
75,239,28
75,243,3
75,247,81
75,250,60
75,252,94
75,254,40
75,255,14
75,258,7
75,259,2
75,263,88
75,265,7
75,275,45
75,278,26
75,279,65
75,280,48
75,282,93
75,283,97
75,285,10
75,286,88
75,290,76
75,296,39
75,297,83
75,298,79
75,307,36
75,309,41
75,310,21
75,312,78
75,313,70
75,318,24
75,321,39
75,322,100
75,324,43
75,325,25
75,326,13
75,329,71
75,335,79
75,336,17
75,338,87
75,343,69
75,345,96
75,347,53
75,348,37
75,349,52
75,351,24
75,355,7
75,361,56
75,364,24
75,365,79
75,366,8
75,377,10
75,378,57
75,379,33
75,386,7
75,392,28
75,399,39
75,400,99
75,406,29
75,409,68
75,410,74
75,412,7
75,415,42
75,416,12
75,419,32
75,427,34
75,433,83
75,434,70
75,443,31
75,453,9
75,456,81
75,457,41
75,458,13
75,461,22
75,463,71
75,468,70
75,474,95
75,481,70
75,482,17
75,483,76
75,489,89
75,490,51
75,491,5
75,492,51
75,497,64
75,498,83
75,509,21
76,77,75
76,84,82
76,85,71
76,87,86
76,92,33
76,98,10
76,102,49
76,103,89
76,104,88
76,106,72
76,109,98
76,112,94
76,114,33
76,117,19
76,118,81
76,119,75
76,123,96
76,125,21
76,126,10
76,127,5
76,135,54
76,136,23
76,145,83
76,146,6
76,150,59
76,151,47
76,158,1
76,159,47
76,160,7
76,161,34
76,166,32
76,169,77
76,180,51
76,181,63
76,182,4
76,185,26
76,187,57
76,192,25
76,197,16
76,198,25
76,199,93
76,200,99
76,208,33
76,211,27
76,216,42
76,225,63
76,227,92
76,230,63
76,237,48
76,238,27
76,244,95
76,246,92
76,248,37
76,250,6
76,251,58
76,255,67
76,256,23
76,257,1
76,258,32
76,259,13
76,264,21
76,266,64
76,267,37
76,269,30
76,271,45
76,273,46
76,279,12
76,295,24
76,297,22
76,307,95
76,310,30
76,312,4
76,316,77
76,317,73
76,321,84
76,324,70
76,326,91
76,334,75
76,339,79
76,353,77
76,357,90
76,362,2
76,364,5
76,367,35
76,368,86
76,369,55
76,370,15
76,371,64
76,372,2
76,373,42
76,376,76
76,383,94
76,385,26
76,388,19
76,389,23
76,391,84
76,400,62
76,401,9
76,407,90
76,418,24
76,421,36
76,423,87
76,425,69
76,426,92
76,427,7
76,432,83
76,433,54
76,434,99
76,436,43
76,441,34
76,444,20
76,446,28
76,448,1
76,450,9
76,452,57
76,453,17
76,458,32
76,467,91
76,472,30
76,473,15
76,483,46
76,484,85
76,495,95
76,496,47
76,500,24
76,501,85
76,502,7
76,505,45
77,78,50
77,88,4
77,90,10
77,97,83
77,99,1
77,101,13
77,103,11
77,106,80
77,110,34
77,111,39
77,112,54
77,113,52
77,114,83
77,115,79
77,116,59
77,120,39
77,122,78
77,123,68
77,124,45
77,126,89
77,134,1
77,135,22
77,141,64
77,142,49
77,143,44
77,146,44
77,151,23
77,159,51
77,161,77
77,162,1
77,165,7
77,173,39
77,176,32
77,177,56
77,181,96
77,184,25
77,193,78
77,197,69
77,201,74
77,203,78
77,208,6
77,209,16
77,213,30
77,215,35
77,219,44
77,220,49
77,221,29
77,223,79
77,226,2
77,229,62
77,233,50
77,235,67
77,237,98
77,238,4
77,239,16
77,243,15
77,244,66
77,246,31
77,247,75
77,249,22
77,250,15
77,251,56
77,255,2
77,256,12
77,257,100
77,264,60
77,265,97
77,269,67
77,273,44
77,275,81
77,276,89
77,279,89
77,280,86
77,283,89
77,286,53
77,287,78
77,290,7
77,291,35
77,292,99
77,294,9
77,295,42
77,303,11
77,308,92
77,310,73
77,318,50
77,325,64
77,328,64
77,332,23
77,333,96
77,334,67
77,336,94
77,337,71
77,340,19
77,344,39
77,346,14
77,350,58
77,357,62
77,363,30
77,364,65
77,365,13
77,366,59
77,368,1
77,372,40
77,375,77
77,382,9
77,390,8
77,393,1
77,400,61
77,401,61
77,402,86
77,408,57
77,409,10
77,412,95
77,417,96
77,421,16
77,426,21
77,427,57
77,428,84
77,432,94
77,433,32
77,439,14
77,440,67
77,446,92
77,448,38
77,452,61
77,453,18
77,458,30
77,459,68
77,463,11
77,464,3
77,466,99
77,468,15
77,471,16
77,474,65
77,486,39
77,488,6
77,489,21
77,490,39
77,491,91
77,493,80
77,494,92
77,495,38
77,499,95
77,500,96
77,501,66
77,502,59
77,507,5
77,508,99
78,80,85
78,87,29
78,88,10
78,93,84
78,95,38
78,96,45
78,98,32
78,100,80
78,103,60
78,105,93
78,111,27
78,124,81
78,127,62
78,128,49
78,130,36
78,133,56
78,134,54
78,139,83
78,143,55
78,146,93
78,150,20
78,153,11
78,158,72
78,165,36
78,169,75
78,170,26
78,173,2
78,176,41
78,180,66
78,182,30
78,186,83
78,190,41
78,194,97
78,198,55
78,199,84
78,205,27
78,206,69
78,207,82
78,212,73
78,216,34
78,222,16
78,228,24
78,231,34
78,238,81
78,239,69
78,240,48
78,243,99
78,245,64
78,249,67
78,250,36
78,254,4
78,259,91
78,260,6
78,265,77
78,272,31
78,276,99
78,278,66
78,285,23
78,292,92
78,294,11
78,298,78
78,300,66
78,301,4
78,303,35
78,306,9
78,311,19
78,314,63
78,318,19
78,320,9
78,321,66
78,322,36
78,327,14
78,331,85
78,333,59
78,335,82
78,336,13
78,343,2
78,349,83
78,350,24
78,356,90
78,359,32
78,369,40
78,370,72
78,371,19
78,385,67
78,388,80
78,390,83
78,392,95
78,394,94
78,396,32
78,398,46
78,401,58
78,405,54
78,406,63
78,407,81
78,408,26
78,409,99
78,414,58
78,416,32
78,417,20
78,425,21
78,427,74
78,435,48
78,437,5
78,454,58
78,463,30
78,466,25
78,472,62
78,473,89
78,477,57
78,478,52
78,488,81
78,494,81
78,495,92
78,499,90
78,501,20
78,504,33
78,506,87
78,79,11
79,80,45
79,86,89
79,88,99
79,94,58
79,99,53
79,102,8
79,104,8
79,108,63
79,111,95
79,112,49
79,119,24
79,126,99
79,128,10
79,131,80
79,132,70
79,138,18
79,148,68
79,149,70
79,150,61
79,154,32
79,158,4
79,161,43
79,162,20
79,163,52
79,168,69
79,171,5
79,173,61
79,183,31
79,184,52
79,185,75
79,187,35
79,188,71
79,191,37
79,195,97
79,197,55
79,198,23
79,199,79
79,200,3
79,205,42
79,207,77
79,210,41
79,215,49
79,217,50
79,224,83
79,226,52
79,227,87
79,233,81
79,237,77
79,240,61
79,242,45
79,244,63
79,245,48
79,246,89
79,252,49
79,255,62
79,258,66
79,261,95
79,265,59
79,272,25
79,273,18
79,274,89
79,276,53
79,277,32
79,280,52
79,281,75
79,283,84
79,289,80
79,299,37
79,305,95
79,312,24
79,319,11
79,320,51
79,326,76
79,337,11
79,339,20
79,340,8
79,345,61
79,349,11
79,350,83
79,352,46
79,353,8
79,354,10
79,355,55
79,356,17
79,357,32
79,358,89
79,360,22
79,370,75
79,380,81
79,382,11
79,388,5
79,392,61
79,396,1
79,397,49
79,399,67
79,401,8
79,406,88
79,408,26
79,416,13
79,417,1
79,419,80
79,424,24
79,436,91
79,438,22
79,439,71
79,444,81
79,446,68
79,447,55
79,450,31
79,454,91
79,467,8
79,469,35
79,471,52
79,473,31
79,475,56
79,476,100
79,479,51
79,481,59
79,484,7
79,486,57
79,488,61
79,489,45
79,500,2
79,502,84
79,503,37
79,507,42
80,82,52
80,83,33
80,85,62
80,88,59
80,90,5
80,97,14
80,98,84
80,105,14
80,106,48
80,107,5
80,109,1
80,111,96
80,113,41
80,114,36
80,117,4
80,120,93
80,121,7
80,131,47
80,132,70
80,138,51
80,139,55
80,146,31
80,147,20
80,148,51
80,149,76
80,152,68
80,154,6
80,160,2
80,166,23
80,168,86
80,171,33
80,173,59
80,175,8
80,178,49
80,180,22
80,184,35
80,187,31
80,188,73
80,189,87
80,192,99
80,193,40
80,200,89
80,212,58
80,213,37
80,220,34
80,221,65
80,222,5
80,225,97
80,230,74
80,236,51
80,240,37
80,241,19
80,252,89
80,259,66
80,262,44
80,263,96
80,265,40
80,273,26
80,274,13
80,277,79
80,279,28
80,281,45
80,289,8
80,291,69
80,294,6
80,295,41
80,296,58
80,297,9
80,299,28
80,301,27
80,306,42
80,308,38
80,311,33
80,319,44
80,322,21
80,335,50
80,347,29
80,349,93
80,351,71
80,352,29
80,354,4
80,358,10
80,360,67
80,362,71
80,363,95
80,364,49
80,367,42
80,372,61
80,373,11
80,377,41
80,379,72
80,391,98
80,392,83
80,395,48
80,396,3
80,397,72
80,399,74
80,402,29
80,404,77
80,405,1
80,410,94
80,412,14
80,413,58
80,417,81
80,421,50
80,429,43
80,430,97
80,431,25
80,433,93
80,436,40
80,447,7
80,450,81
80,454,20
80,455,16
80,456,47
80,458,85
80,459,43
80,460,95
80,466,31
80,468,52
80,469,88
80,470,38
80,471,77
80,472,32
80,476,100
80,478,6
80,491,75
80,492,84
80,493,37
80,497,52
80,503,44
80,505,33
80,506,34
80,507,26
80,509,15
80,81,99
81,84,64
81,85,11
81,87,41
81,93,33
81,97,69
81,99,41
81,101,93
81,111,68
81,113,83
81,114,48
81,115,14
81,118,6
81,120,36
81,122,9
81,133,79
81,135,80
81,141,99
81,146,96
81,151,42
81,156,53
81,158,46
81,160,62
81,162,11
81,164,38
81,165,74
81,167,8
81,169,67
81,170,94
81,172,10
81,173,78
81,175,72
81,176,31
81,177,98
81,181,16
81,183,59
81,193,24
81,195,82
81,196,81
81,197,31
81,199,35
81,206,67
81,213,21
81,215,47
81,217,64
81,222,84
81,233,26
81,234,30
81,235,18
81,243,41
81,245,36
81,246,79
81,248,58
81,254,31
81,256,83
81,259,70
81,265,9
81,271,36
81,283,55
81,290,43
81,292,5
81,293,6
81,296,12
81,300,2
81,302,95
81,305,85
81,306,61
81,308,1
81,310,20
81,314,14
81,316,24
81,317,78
81,318,32
81,319,23
81,320,5
81,324,93
81,329,98
81,330,38
81,332,15
81,333,57
81,336,51
81,337,84
81,342,75
81,344,35
81,350,76
81,352,60
81,353,12
81,355,47
81,359,78
81,366,82
81,369,33
81,371,2
81,374,20
81,379,37
81,381,52
81,386,37
81,387,32
81,388,37
81,392,47
81,398,25
81,404,68
81,406,76
81,409,50
81,411,79
81,421,20
81,429,6
81,430,33
81,431,97
81,435,61
81,441,22
81,443,78
81,445,48
81,447,90
81,456,99
81,457,29
81,458,38
81,464,99
81,469,44
81,476,30
81,477,100
81,478,70
81,485,79
81,487,48
81,489,50
81,491,5
81,492,13
81,493,9
81,494,78
81,497,99
81,499,15
81,503,70
81,504,94
81,505,83
81,506,92
81,509,92
81,510,4
81,82,29
82,87,2
82,98,76
82,101,92
82,103,73
82,104,49
82,106,40
82,108,81
82,111,14
82,115,38
82,117,41
82,119,75
82,120,77
82,125,62
82,126,71
82,129,10
82,134,66
82,151,21
82,157,8
82,158,34
82,160,73
82,166,76
82,167,89
82,168,53
82,173,63
82,182,87
82,184,98
82,185,17
82,188,31
82,189,2
82,196,45
82,197,35
82,199,56
82,200,9
82,202,62
82,203,24
82,207,65
82,211,87
82,226,25
82,227,49
82,228,58
82,230,52
82,236,22
82,243,51
82,251,66
82,254,35
82,255,78
82,263,75
82,264,51
82,266,36
82,269,6
82,270,2
82,272,89
82,276,80
82,279,83
82,284,5
82,289,46
82,291,64
82,293,73
82,294,48
82,297,82
82,301,28
82,303,32
82,306,26
82,310,40
82,311,35
82,312,2
82,313,26
82,314,2
82,316,92
82,321,79
82,329,67
82,330,29
82,335,11
82,337,70
82,348,63
82,349,58
82,351,41
82,352,99
82,356,51
82,358,26
82,360,44
82,362,37
82,364,97
82,366,27
82,367,18
82,368,89
82,370,45
82,373,92
82,374,77
82,376,40
82,377,65
82,381,29
82,385,34
82,390,78
82,391,44
82,392,29
82,393,86
82,395,12
82,400,10
82,402,69
82,405,12
82,409,64
82,411,93
82,417,80
82,419,80
82,421,73
82,422,67
82,424,47
82,426,90
82,427,76
82,429,30
82,431,35
82,433,38
82,436,88
82,439,34
82,440,45
82,442,85
82,445,89
82,446,73
82,448,72
82,454,94
82,455,38
82,456,85
82,462,52
82,464,76
82,465,9
82,466,49
82,467,39
82,470,26
82,471,80
82,472,81
82,478,37
82,487,17
82,488,88
82,491,54
82,499,43
82,501,5
82,504,4
82,505,82
82,510,90
82,511,13
82,83,56
83,87,66
83,99,13
83,101,65
83,102,64
83,111,98
83,113,4
83,119,58
83,122,18
83,124,39
83,127,81
83,135,98
83,138,11
83,144,47
83,147,74
83,150,18
83,156,43
83,157,13
83,158,3
83,160,31
83,161,4
83,163,31
83,165,56
83,169,30
83,172,86
83,173,31
83,175,25
83,181,20
83,187,99
83,188,31
83,191,88
83,194,63
83,195,22
83,199,18
83,201,94
83,203,8
83,215,49
83,217,22
83,218,95
83,220,69
83,222,2
83,223,74
83,226,10
83,228,66
83,232,76
83,233,65
83,234,80
83,241,14
83,242,62
83,245,34
83,253,90
83,256,8
83,263,19
83,266,57
83,275,71
83,276,20
83,278,62
83,281,26
83,283,97
83,287,60
83,288,87
83,290,86
83,291,34
83,304,21
83,306,26
83,309,25
83,313,92
83,318,8
83,323,98
83,325,96
83,338,44
83,342,55
83,345,64
83,346,79
83,348,49
83,352,82
83,355,63
83,366,27
83,369,9
83,370,4
83,371,61
83,374,9
83,377,84
83,378,90
83,379,76
83,380,92
83,381,59
83,384,100
83,388,80
83,397,64
83,399,10
83,403,23
83,406,77
83,410,31
83,413,78
83,414,36
83,415,85
83,419,96
83,426,70
83,429,63
83,438,41
83,439,8
83,441,68
83,449,82
83,450,81
83,452,56
83,453,85
83,456,51
83,460,30
83,473,30
83,475,27
83,479,98
83,481,79
83,484,66
83,488,10
83,492,42
83,500,57
83,505,27
83,507,61
83,508,88
83,509,4
83,84,51
84,85,97
84,89,23
84,94,89
84,95,45
84,99,93
84,102,45
84,103,8
84,106,27
84,108,81
84,112,29
84,114,85
84,121,57
84,125,89
84,128,23
84,133,60
84,134,69
84,138,25
84,147,55
84,150,90
84,156,42
84,157,99
84,158,36
84,161,83
84,173,63
84,176,51
84,177,55
84,181,8
84,184,57
84,188,3
84,193,4
84,196,43
84,201,69
84,203,96
84,208,48
84,209,7
84,211,88
84,217,43
84,220,39
84,225,26
84,227,23
84,234,62
84,236,89
84,237,66
84,238,14
84,240,35
84,246,100
84,251,23
84,253,28
84,257,6
84,265,35
84,268,45
84,270,68
84,272,3
84,273,7
84,278,63
84,286,28
84,292,47
84,300,90
84,307,35
84,308,79
84,309,20
84,310,44
84,317,92
84,318,68
84,319,21
84,320,55
84,327,98
84,330,64
84,333,40
84,340,15
84,344,40
84,346,34
84,354,71
84,356,59
84,359,35
84,360,41
84,363,69
84,364,6
84,371,25
84,376,48
84,377,90
84,382,12
84,386,91
84,387,26
84,392,100
84,400,7
84,403,66
84,407,74
84,410,46
84,411,55
84,419,20
84,421,87
84,422,74
84,428,2
84,430,41
84,432,90
84,435,96
84,438,59
84,441,54
84,447,34
84,454,20
84,459,32
84,461,47
84,462,20
84,463,29
84,465,39
84,467,67
84,468,66
84,470,25
84,472,54
84,475,61
84,477,91
84,478,53
84,481,66
84,486,91
84,491,100
84,495,9
84,504,45
84,507,92
84,511,100
85,86,5
85,89,18
85,92,93
85,94,48
85,95,47
85,101,74
85,104,12
85,106,87
85,117,46
85,118,4
85,119,19
85,120,29
85,123,41
85,124,96
85,126,30
85,130,55
85,131,74
85,134,33
85,135,34
85,141,43
85,142,16
85,143,76
85,144,62
85,149,44
85,156,59
85,162,73
85,167,61
85,171,5
85,172,52
85,179,71
85,181,22
85,184,83
85,188,3
85,190,67
85,191,96
85,192,35
85,196,63
85,198,54
85,202,81
85,203,16
85,204,3
85,205,59
85,209,34
85,212,26
85,213,52
85,214,94
85,216,87
85,218,52
85,219,53
85,220,35
85,222,73
85,223,69
85,224,1
85,227,49
85,228,64
85,232,82
85,240,93
85,241,16
85,242,85
85,247,67
85,248,41
85,250,90
85,254,23
85,255,74
85,262,5
85,263,77
85,264,97
85,266,86
85,269,100
85,273,12
85,274,75
85,279,38
85,285,40
85,287,43
85,291,40
85,295,11
85,297,36
85,301,100
85,306,31
85,309,37
85,310,51
85,311,36
85,312,10
85,316,80
85,319,8
85,321,2
85,322,81
85,324,78
85,328,57
85,331,73
85,342,6
85,346,40
85,351,18
85,353,13
85,359,31
85,362,24
85,363,3
85,367,44
85,368,69
85,373,47
85,374,46
85,376,2
85,378,68
85,380,45
85,384,47
85,388,97
85,389,69
85,392,8
85,395,3
85,397,85
85,399,69
85,404,87
85,405,51
85,406,96
85,411,28
85,412,15
85,414,22
85,416,22
85,417,11
85,421,25
85,422,70
85,427,26
85,429,66
85,436,31
85,440,66
85,443,45
85,446,87
85,448,59
85,455,31
85,465,22
85,472,77
85,478,93
85,483,70
85,485,84
85,495,63
85,496,3
85,497,62
85,498,78
85,504,38
85,509,23
86,89,29
86,90,85
86,92,65
86,94,22
86,95,36
86,99,51
86,100,73
86,101,48
86,105,17
86,106,23
86,111,18
86,120,76
86,121,74
86,124,3
86,137,62
86,141,100
86,145,31
86,146,11
86,151,69
86,152,2
86,156,57
86,158,55
86,160,77
86,166,71
86,169,82
86,171,88
86,174,65
86,175,47
86,178,1
86,184,55
86,187,23
86,188,85
86,194,14
86,198,88
86,199,12
86,202,72
86,215,22
86,218,5
86,220,45
86,226,72
86,227,68
86,231,24
86,240,95
86,241,64
86,246,18
86,256,61
86,257,6
86,258,71
86,261,63
86,266,26
86,272,84
86,274,66
86,276,60
86,277,84
86,280,56
86,285,23
86,286,82
86,296,66
86,300,70
86,304,87
86,311,2
86,315,19
86,317,97
86,318,71
86,325,36
86,329,22
86,334,35
86,335,71
86,337,37
86,343,7
86,344,81
86,345,16
86,348,2
86,350,28
86,352,65
86,354,42
86,357,47
86,358,28
86,367,76
86,369,82
86,384,67
86,387,20
86,388,99
86,389,77
86,394,33
86,395,70
86,397,73
86,398,14
86,400,46
86,401,72
86,402,17
86,408,78
86,409,97
86,413,91
86,414,57
86,420,36
86,422,22
86,425,3
86,428,58
86,430,9
86,440,70
86,442,80
86,443,10
86,445,57
86,453,86
86,456,86
86,464,65
86,465,73
86,466,17
86,469,99
86,470,36
86,471,85
86,472,53
86,475,59
86,476,92
86,477,49
86,478,16
86,486,70
86,487,63
86,491,58
86,492,40
86,496,66
86,499,6
86,501,56
86,503,6
86,87,78
87,90,69
87,92,22
87,94,35
87,95,12
87,96,84
87,100,8
87,110,4
87,114,8
87,118,69
87,119,19
87,133,17
87,135,79
87,136,54
87,140,24
87,141,78
87,145,55
87,152,5
87,158,46
87,159,83
87,167,93
87,169,58
87,173,28
87,174,22
87,180,14
87,182,40
87,186,84
87,190,99
87,192,85
87,194,98
87,195,96
87,197,67
87,199,4
87,201,83
87,206,12
87,209,59
87,210,70
87,212,38
87,216,96
87,219,66
87,220,78
87,224,65
87,225,81
87,227,12
87,231,85
87,235,23
87,237,56
87,241,66
87,243,13
87,244,29
87,245,3
87,247,71
87,249,13
87,252,86
87,253,69
87,261,54
87,262,40
87,268,4
87,269,31
87,270,19
87,273,19
87,275,89
87,277,22
87,282,66
87,289,55
87,291,53
87,296,15
87,302,69
87,304,39
87,305,89
87,308,80
87,312,2
87,318,13
87,336,93
87,338,79
87,339,91
87,342,35
87,346,2
87,349,46
87,355,83
87,364,50
87,365,94
87,374,1
87,375,79
87,383,32
87,384,58
87,385,33
87,386,9
87,389,28
87,390,63
87,392,54
87,395,66
87,396,68
87,401,67
87,402,85
87,404,95
87,406,51
87,407,96
87,408,81
87,409,6
87,414,75
87,417,63
87,418,55
87,423,91
87,425,18
87,427,8
87,430,11
87,432,63
87,435,45
87,438,97
87,440,95
87,446,5
87,447,12
87,448,10
87,449,11
87,450,78
87,452,57
87,457,76
87,462,21
87,465,20
87,467,39
87,469,68
87,483,21
87,484,53
87,488,21
87,491,66
87,507,96
87,88,37
88,90,41
88,93,56
88,94,68
88,104,73
88,105,89
88,109,27
88,113,10
88,115,60
88,120,90
88,121,42
88,122,86
88,127,37
88,128,66
88,133,73
88,137,79
88,140,63
88,148,70
88,157,95
88,161,23
88,169,48
88,174,33
88,175,70
88,176,6
88,185,18
88,191,16
88,199,3
88,208,4
88,212,66
88,220,49
88,222,45
88,223,68
88,227,10
88,231,74
88,234,44
88,236,25
88,237,23
88,239,86
88,247,89
88,250,12
88,258,75
88,260,33
88,261,46
88,262,85
88,263,94
88,274,33
88,276,50
88,277,42
88,278,45
88,279,19
88,280,95
88,288,64
88,289,22
88,292,1
88,293,32
88,305,88
88,310,79
88,314,48
88,318,76
88,322,96
88,323,15
88,327,60
88,329,9
88,331,63
88,334,97
88,340,4
88,341,58
88,342,3
88,349,59
88,352,49
88,353,60
88,354,6
88,356,77
88,357,86
88,361,26
88,363,69
88,365,60
88,373,30
88,374,37
88,375,13
88,376,81
88,378,1
88,382,63
88,384,41
88,388,66
88,389,4
88,390,42
88,393,69
88,398,31
88,411,22
88,414,31
88,416,78
88,419,77
88,422,17
88,425,90
88,429,28
88,430,5
88,432,9
88,433,69
88,434,81
88,435,76
88,436,60
88,440,1
88,443,45
88,445,83
88,450,56
88,452,39
88,454,30
88,455,50
88,456,31
88,457,43
88,469,2
88,471,60
88,476,93
88,482,25
88,483,24
88,492,29
88,504,18
88,509,19
88,89,4
89,90,20
89,91,87
89,98,17
89,107,15
89,109,95
89,111,80
89,114,95
89,115,53
89,117,24
89,119,1
89,124,17
89,125,69
89,127,85
89,129,100
89,131,74
89,134,58
89,136,42
89,141,96
89,144,69
89,146,33
89,150,70
89,156,7
89,158,41
89,162,55
89,168,36
89,170,7
89,174,89
89,179,48
89,180,18
89,185,36
89,186,81
89,187,15
89,188,57
89,189,23
89,191,20
89,196,72
89,198,58
89,202,23
89,203,22
89,207,32
89,216,67
89,219,61
89,222,7
89,228,58
89,229,79
89,232,42
89,234,9
89,235,67
89,243,90
89,247,66
89,248,17
89,251,52
89,256,89
89,257,31
89,260,5
89,263,75
89,265,81
89,266,2
89,270,5
89,271,62
89,274,9
89,277,34
89,278,50
89,279,29
89,286,85
89,287,66
89,288,68
89,290,93
89,291,10
89,296,46
89,301,11
89,302,21
89,303,71
89,307,52
89,308,53
89,311,91
89,312,15
89,322,79
89,323,88
89,325,14
89,327,31
89,328,18
89,333,98
89,337,72
89,339,36
89,340,13
89,342,53
89,345,54
89,346,50
89,349,72
89,354,61
89,361,95
89,362,66
89,365,39
89,367,64
89,369,43
89,370,65
89,371,38
89,377,73
89,379,50
89,382,28
89,384,40
89,386,56
89,390,51
89,394,49
89,395,92
89,403,75
89,406,85
89,408,66
89,412,21
89,416,98
89,421,23
89,422,1
89,428,50
89,429,69
89,441,98
89,447,73
89,449,30
89,450,47
89,452,100
89,453,70
89,459,8
89,462,70
89,466,77
89,468,49
89,469,49
89,472,89
89,473,5
89,475,79
89,477,55
89,489,73
89,494,2
89,501,77
89,502,66
89,503,48
89,504,90
89,507,87
89,509,2
90,93,18
90,94,3
90,96,55
90,98,63
90,108,75
90,109,95
90,111,86
90,113,40
90,114,49
90,115,64
90,126,19
90,127,89
90,132,95
90,140,22
90,141,93
90,147,52
90,148,70
90,149,13
90,150,93
90,155,97
90,157,41
90,159,82
90,162,6
90,163,89
90,165,99
90,169,80
90,171,51
90,172,99
90,173,98
90,174,93
90,182,82
90,185,22
90,186,32
90,190,80
90,191,34
90,192,67
90,201,75
90,203,6
90,204,47
90,205,76
90,207,76
90,208,31
90,209,14
90,212,58
90,215,61
90,216,100
90,217,78
90,219,47
90,220,77
90,227,12
90,228,14
90,229,57
90,231,33
90,232,42
90,234,92
90,236,61
90,237,68
90,239,38
90,240,69
90,241,95
90,243,90
90,250,100
90,251,93
90,252,17
90,255,17
90,262,73
90,265,49
90,268,72
90,277,77
90,278,17
90,283,38
90,285,37
90,299,18
90,302,93
90,304,55
90,310,55
90,312,91
90,313,36
90,314,73
90,322,79
90,323,55
90,324,73
90,326,25
90,327,52
90,329,37
90,332,89
90,337,6
90,340,51
90,341,100
90,350,43
90,352,12
90,354,56
90,362,13
90,363,99
90,365,61
90,384,8
90,387,55
90,394,40
90,395,94
90,396,4
90,398,78
90,401,99
90,404,8
90,408,29
90,409,81
90,415,7
90,419,29
90,420,26
90,426,76
90,427,24
90,428,18
90,433,16
90,434,42
90,436,55
90,437,22
90,439,46
90,441,84
90,443,17
90,447,22
90,453,8
90,457,75
90,461,85
90,465,22
90,469,50
90,473,35
90,477,48
90,482,94
90,489,91
90,490,95
90,493,42
90,494,34
90,495,65
90,496,34
90,500,61
90,505,66
90,507,63
90,508,3
90,91,65
91,107,96
91,108,9
91,111,8
91,112,42
91,115,54
91,117,96
91,123,11
91,124,68
91,125,67
91,128,12
91,129,4
91,135,24
91,139,14
91,148,34
91,151,46
91,152,24
91,153,51
91,154,88
91,162,25
91,164,5
91,167,28
91,168,48
91,172,30
91,177,43
91,178,62
91,182,59
91,183,11
91,190,91
91,191,7
91,193,74
91,194,7
91,199,66
91,200,17
91,204,51
91,207,94
91,208,79
91,209,80
91,210,93
91,213,45
91,214,47
91,216,34
91,221,51
91,223,37
91,226,40
91,231,48
91,235,17
91,237,84
91,240,40
91,247,89
91,250,88
91,253,43
91,254,98
91,263,25
91,265,17
91,266,71
91,267,78
91,268,90
91,278,96
91,280,46
91,282,3
91,283,89
91,285,99
91,289,59
91,299,92
91,300,40
91,306,53
91,307,62
91,308,43
91,312,34
91,314,41
91,315,23
91,317,56
91,319,26
91,325,76
91,326,58
91,333,49
91,336,42
91,338,89
91,340,53
91,341,13
91,342,46
91,344,43
91,345,17
91,348,97
91,349,19
91,350,45
91,352,52
91,361,11
91,363,72
91,369,79
91,371,21
91,372,19
91,373,97
91,374,88
91,379,59
91,388,71
91,389,89
91,392,75
91,393,15
91,394,16
91,395,57
91,396,27
91,397,3
91,402,14
91,404,50
91,408,71
91,418,48
91,425,26
91,426,87
91,435,12
91,442,9
91,443,37
91,444,35
91,445,17
91,448,84
91,449,35
91,454,52
91,455,63
91,457,39
91,458,36
91,464,65
91,468,94
91,470,25
91,471,29
91,474,16
91,478,42
91,481,61
91,483,9
91,484,35
91,489,63
91,492,21
91,493,74
91,495,99
91,501,25
91,502,47
91,503,38
91,509,69
91,510,92
91,92,32
92,94,90
92,97,10
92,98,41
92,101,77
92,104,66
92,106,71
92,108,70
92,109,15
92,111,41
92,116,74
92,118,2
92,123,83
92,126,91
92,133,82
92,135,5
92,146,82
92,157,29
92,159,32
92,173,68
92,177,19
92,182,5
92,183,72
92,185,99
92,187,64
92,191,47
92,192,42
92,193,16
92,195,1
92,196,86
92,201,21
92,202,50
92,203,3
92,205,26
92,208,3
92,209,91
92,210,17
92,211,71
92,215,58
92,219,45
92,220,15
92,223,55
92,226,62
92,230,72
92,232,37
92,243,46
92,245,9
92,251,16
92,254,72
92,257,30
92,264,89
92,265,33
92,266,18
92,269,35
92,270,19
92,272,20
92,273,56
92,274,44
92,287,53
92,301,34
92,304,47
92,306,9
92,308,10
92,309,35
92,312,54
92,315,76
92,316,35
92,318,55
92,328,47
92,329,61
92,330,54
92,332,62
92,341,48
92,342,89
92,351,1
92,352,87
92,354,61
92,356,66
92,357,27
92,360,42
92,363,46
92,365,92
92,368,43
92,369,49
92,370,50
92,378,51
92,380,15
92,384,6
92,385,84
92,386,10
92,387,59
92,388,55
92,391,50
92,393,67
92,394,26
92,401,51
92,404,78
92,409,39
92,410,72
92,416,38
92,418,49
92,425,67
92,433,59
92,436,19
92,446,70
92,447,12
92,448,89
92,449,11
92,450,21
92,454,84
92,455,12
92,456,57
92,457,19
92,459,58
92,460,33
92,467,65
92,468,16
92,470,23
92,474,14
92,476,83
92,477,63
92,478,49
92,484,100
92,485,32
92,487,56
92,488,92
92,489,39
92,493,92
92,496,74
92,501,67
92,502,44
92,506,47
92,509,96
92,510,91
92,93,66
93,95,45
93,96,38
93,98,87
93,102,88
93,114,42
93,115,64
93,116,92
93,117,21
93,118,79
93,120,23
93,125,54
93,126,76
93,127,60
93,130,75
93,131,2
93,135,85
93,136,36
93,137,98
93,139,68
93,141,74
93,146,92
93,147,28
93,153,57
93,155,45
93,159,93
93,162,97
93,163,89
93,165,92
93,167,72
93,173,65
93,177,28
93,179,44
93,183,93
93,184,43
93,194,20
93,197,65
93,211,10
93,219,79
93,224,15
93,226,79
93,227,47
93,233,3
93,234,76
93,241,91
93,242,44
93,251,86
93,254,29
93,257,13
93,259,94
93,260,94
93,261,83
93,262,26
93,265,25
93,266,94
93,268,21
93,270,11
93,271,20
93,272,19
93,276,50
93,281,76
93,287,36
93,290,68
93,292,51
93,296,65
93,298,57
93,309,60
93,317,30
93,318,40
93,330,49
93,334,96
93,337,60
93,341,64
93,343,62
93,344,93
93,347,85
93,348,96
93,351,6
93,356,47
93,357,63
93,363,35
93,365,88
93,372,8
93,373,67
93,374,66
93,377,98
93,382,17
93,384,37
93,387,93
93,389,61
93,390,39
93,392,38
93,394,66
93,400,71
93,402,30
93,404,56
93,410,91
93,411,4
93,413,54
93,416,86
93,420,33
93,423,37
93,429,31
93,432,56
93,435,17
93,436,7
93,438,27
93,439,50
93,440,37
93,443,14
93,444,41
93,445,49
93,448,58
93,449,94
93,450,18
93,451,18
93,452,37
93,455,73
93,462,53
93,463,65
93,464,63
93,469,50
93,471,62
93,474,89
93,477,53
93,481,34
93,484,77
93,485,7
93,486,19
93,491,6
93,495,3
93,496,12
93,500,41
93,504,67
93,506,2
93,507,21
93,510,88
93,511,98
93,94,49
94,97,43
94,99,59
94,105,76
94,107,46
94,113,55
94,114,95
94,117,95
94,124,26
94,125,20
94,128,83
94,131,82
94,133,79
94,134,73
94,141,82
94,143,4
94,149,27
94,150,61
94,153,93
94,158,100
94,160,74
94,161,86
94,169,67
94,175,50
94,183,22
94,188,2
94,189,89
94,190,68
94,192,43
94,194,10
94,198,51
94,200,93
94,201,30
94,209,78
94,210,87
94,211,41
94,213,8
94,220,68
94,221,72
94,233,89
94,234,70
94,237,71
94,238,99
94,239,19
94,240,64
94,243,67
94,245,12
94,257,61
94,260,19
94,265,62
94,272,11
94,276,64
94,278,23
94,281,88
94,283,50
94,284,85
94,289,64
94,295,16
94,308,38
94,311,57
94,318,80
94,323,57
94,327,4
94,331,19
94,332,72
94,334,46
94,337,90
94,340,28
94,342,82
94,349,42
94,351,84
94,353,47
94,358,18
94,360,97
94,365,49
94,368,80
94,369,9
94,373,69
94,382,58
94,384,42
94,390,66
94,394,14
94,396,68
94,397,5
94,398,57
94,403,6
94,410,60
94,411,69
94,416,14
94,417,11
94,422,86
94,433,24
94,435,57
94,437,25
94,443,72
94,444,16
94,445,39
94,447,12
94,451,7
94,452,9
94,460,28
94,464,95
94,465,5
94,472,24
94,480,68
94,481,68
94,488,20
94,493,46
94,497,50
94,498,93
94,501,41
94,503,12
94,505,96
94,95,49
95,98,69
95,101,17
95,102,60
95,105,93
95,106,39
95,113,45
95,116,79
95,117,12
95,118,68
95,125,34
95,129,85
95,130,48
95,131,14
95,134,5
95,138,38
95,140,52
95,142,8
95,148,6
95,149,81
95,153,15
95,154,30
95,161,85
95,167,92
95,177,67
95,180,36
95,195,40
95,197,18
95,204,12
95,211,30
95,212,23
95,214,37
95,217,24
95,224,34
95,225,81
95,228,47
95,230,92
95,231,95
95,232,90
95,235,35
95,236,63
95,237,75
95,243,99
95,245,95
95,248,20
95,251,88
95,253,31
95,262,72
95,266,31
95,270,47
95,271,72
95,273,7
95,274,73
95,280,94
95,284,5
95,285,23
95,290,13
95,295,85
95,296,19
95,303,33
95,312,33
95,321,23
95,323,64
95,325,56
95,326,34
95,332,44
95,337,54
95,340,31
95,342,32
95,344,23
95,346,75
95,349,55
95,351,26
95,352,64
95,363,36
95,369,53
95,372,4
95,379,19
95,383,67
95,385,23
95,386,75
95,389,1
95,391,39
95,398,90
95,401,16
95,402,1
95,403,53
95,405,42
95,406,65
95,413,46
95,414,49
95,416,93
95,419,72
95,428,100
95,430,6
95,431,66
95,435,38
95,439,42
95,442,62
95,445,63
95,446,3
95,449,17
95,461,73
95,462,13
95,464,94
95,470,20
95,471,60
95,480,35
95,483,11
95,486,25
95,487,19
95,496,13
95,500,97
95,505,76
95,506,65
95,96,8
96,101,20
96,103,95
96,105,44
96,115,43
96,117,36
96,124,19
96,131,4
96,138,82
96,140,85
96,142,51
96,145,85
96,147,16
96,150,67
96,151,48
96,155,93
96,156,62
96,159,32
96,162,85
96,163,4
96,166,80
96,173,66
96,177,32
96,183,64
96,184,83
96,185,41
96,188,35
96,190,56
96,202,38
96,204,83
96,210,79
96,212,77
96,218,92
96,226,67
96,227,59
96,231,8
96,232,14
96,233,24
96,235,18
96,237,18
96,238,4
96,239,54
96,240,26
96,243,73
96,245,45
96,249,28
96,252,53
96,256,17
96,267,9
96,268,14
96,270,23
96,271,69
96,273,76
96,274,54
96,275,32
96,279,45
96,283,5
96,286,75
96,292,7
96,299,75
96,301,12
96,307,72
96,308,41
96,309,46
96,315,51
96,316,55
96,317,26
96,321,21
96,324,14
96,328,43
96,333,17
96,334,76
96,339,83
96,343,64
96,344,1
96,349,30
96,351,94
96,361,79
96,372,23
96,380,26
96,381,23
96,384,24
96,387,51
96,392,86
96,396,39
96,399,26
96,404,29
96,405,57
96,406,45
96,412,77
96,415,56
96,421,3
96,424,30
96,425,28
96,431,83
96,441,4
96,449,29
96,452,31
96,454,5
96,457,55
96,458,99
96,459,36
96,467,26
96,473,11
96,479,91
96,480,81
96,483,97
96,484,36
96,487,45
96,489,38
96,496,63
96,500,66
96,503,85
96,510,54
96,97,100
97,98,82
97,99,73
97,105,87
97,109,5
97,112,99
97,114,51
97,115,35
97,120,68
97,122,69
97,126,67
97,127,74
97,136,18
97,137,68
97,139,6
97,145,100
97,152,89
97,155,52
97,167,49
97,170,80
97,171,87
97,172,66
97,177,31
97,183,55
97,185,92
97,192,5
97,193,97
97,217,98
97,220,65
97,221,81
97,226,91
97,233,88
97,234,16
97,239,81
97,241,49
97,252,16
97,255,97
97,256,9
97,257,76
97,259,83
97,262,29
97,265,60
97,273,3
97,281,44
97,283,31
97,289,91
97,293,23
97,294,32
97,295,83
97,296,92
97,298,41
97,299,94
97,300,65
97,301,17
97,302,14
97,306,23
97,307,33
97,309,46
97,313,30
97,316,59
97,317,43
97,326,99
97,327,74
97,330,41
97,334,77
97,339,25
97,340,74
97,342,77
97,344,42
97,347,43
97,348,52
97,352,90
97,353,8
97,360,89
97,363,75
97,365,77
97,367,71
97,372,15
97,377,63
97,382,7
97,384,59
97,386,99
97,389,47
97,390,100
97,399,92
97,401,20
97,410,10
97,413,7
97,416,22
97,417,41
97,418,49
97,425,16
97,435,76
97,437,2
97,449,55
97,451,28
97,452,58
97,457,68
97,464,59
97,470,79
97,471,15
97,478,72
97,479,42
97,481,27
97,482,11
97,486,69
97,487,87
97,490,34
97,495,58
97,499,54
97,501,43
97,502,91
97,504,12
97,511,75
98,102,39
98,107,2
98,111,53
98,126,22
98,129,4
98,131,8
98,135,61
98,139,40
98,144,72
98,151,95
98,156,7
98,159,57
98,162,52
98,163,10
98,164,77
98,165,53
98,167,13
98,170,44
98,173,68
98,175,1
98,176,11
98,179,96
98,189,38
98,191,90
98,192,70
98,212,76
98,213,58
98,214,50
98,222,45
98,223,22
98,230,64
98,233,61
98,234,79
98,235,2
98,237,80
98,239,72
98,240,54
98,245,86
98,246,31
98,247,58
98,248,62
98,253,65
98,256,53
98,258,50
98,261,20
98,263,44
98,272,31
98,273,24
98,275,79
98,276,7
98,283,65
98,290,67
98,292,53
98,294,43
98,297,90
98,298,85
98,299,68
98,300,51
98,304,99
98,306,85
98,308,26
98,313,79
98,316,16
98,317,30
98,318,5
98,319,82
98,322,3
98,323,48
98,326,34
98,330,64
98,331,7
98,333,30
98,340,5
98,349,58
98,352,21
98,355,28
98,357,6
98,358,6
98,361,78
98,362,43
98,365,87
98,366,55
98,367,87
98,371,23
98,375,72
98,377,25
98,379,49
98,380,8
98,390,41
98,395,10
98,398,64
98,401,90
98,402,36
98,404,99
98,406,13
98,407,9
98,410,59
98,418,70
98,421,28
98,427,26
98,434,68
98,436,90
98,439,78
98,440,98
98,446,65
98,447,94
98,449,72
98,450,85
98,451,35
98,457,73
98,458,96
98,469,59
98,471,33
98,474,26
98,477,69
98,478,100
98,482,48
98,483,29
98,491,78
98,496,36
98,500,53
98,504,82
98,506,18
98,511,65
98,99,62
99,103,22
99,104,57
99,107,46
99,109,10
99,111,16
99,112,18
99,114,20
99,121,75
99,123,4
99,127,91
99,129,57
99,139,14
99,140,9
99,143,62
99,144,89
99,149,8
99,150,42
99,153,35
99,155,63
99,156,41
99,157,45
99,162,32
99,165,35
99,167,22
99,173,44
99,179,26
99,183,46
99,187,78
99,189,73
99,191,61
99,195,38
99,197,83
99,202,87
99,207,16
99,209,95
99,211,6
99,214,67
99,215,17
99,219,86
99,221,84
99,224,44
99,229,31
99,230,31
99,232,4
99,234,21
99,236,98
99,237,26
99,238,79
99,240,81
99,242,23
99,246,10
99,251,1
99,257,26
99,261,16
99,262,40
99,267,52
99,274,74
99,276,54
99,277,41
99,279,41
99,290,83
99,300,88
99,302,54
99,303,6
99,304,14
99,309,1
99,315,58
99,317,74
99,320,63
99,321,54
99,323,91
99,326,36
99,334,6
99,336,46
99,337,31
99,342,100
99,345,9
99,349,41
99,350,59
99,351,64
99,357,77
99,361,45
99,363,74
99,368,88
99,370,40
99,371,1
99,373,61
99,375,89
99,379,43
99,391,5
99,393,34
99,396,75
99,397,10
99,398,84
99,400,68
99,402,38
99,405,81
99,407,52
99,410,85
99,414,30
99,415,70
99,416,94
99,421,35
99,422,25
99,424,74
99,426,56
99,427,60
99,428,63
99,436,78
99,438,96
99,439,73
99,444,6
99,445,90
99,446,98
99,457,33
99,458,3
99,462,50
99,464,16
99,466,52
99,468,82
99,469,58
99,471,74
99,472,99
99,473,4
99,475,73
99,479,39
99,486,41
99,488,58
99,491,76
99,494,98
99,495,61
99,496,3
99,501,7
99,503,60
99,505,66
99,100,19
100,101,64
100,102,70
100,103,62
100,106,81
100,107,86
100,110,9
100,112,14
100,117,17
100,122,44
100,125,84
100,127,84
100,133,64
100,136,82
100,139,5
100,141,21
100,145,41
100,147,78
100,148,64
100,150,82
100,152,44
100,153,8
100,154,51
100,160,68
100,165,35
100,168,47
100,169,33
100,170,40
100,172,53
100,181,20
100,182,71
100,184,32
100,185,79
100,186,52
100,189,2
100,191,41
100,196,88
100,198,74
100,202,91
100,210,73
100,217,7
100,219,11
100,220,52
100,227,1
100,230,37
100,234,91
100,239,92
100,243,26
100,244,38
100,245,58
100,246,94
100,249,52
100,250,57
100,254,37
100,256,49
100,257,85
100,262,6
100,263,97
100,264,14
100,270,90
100,272,74
100,274,76
100,276,31
100,280,32
100,286,31
100,287,72
100,290,63
100,292,44
100,293,33
100,296,72
100,301,25
100,305,3
100,308,55
100,309,27
100,314,49
100,317,92
100,322,59
100,324,27
100,325,66
100,326,59
100,327,22
100,328,79
100,331,80
100,332,36
100,334,22
100,341,1
100,344,3
100,350,36
100,351,18
100,353,16
100,354,28
100,356,38
100,363,28
100,369,25
100,375,82
100,376,96
100,382,100
100,384,34
100,385,43
100,394,89
100,395,50
100,397,90
100,398,62
100,400,47
100,401,37
100,403,37
100,404,71
100,407,33
100,409,68
100,412,48
100,414,92
100,417,53
100,419,56
100,421,83
100,434,54
100,436,32
100,438,3
100,440,28
100,444,60
100,461,63
100,466,99
100,467,83
100,468,50
100,474,92
100,478,87
100,479,16
100,483,41
100,484,38
100,485,80
100,487,27
100,489,1
100,491,42
100,492,4
100,500,4
100,508,30
100,509,32
101,103,77
101,109,9
101,111,60
101,112,20
101,113,7
101,114,9
101,115,76
101,117,95
101,122,84
101,123,7
101,135,97
101,140,15
101,144,58
101,152,93
101,153,21
101,158,68
101,159,57
101,160,37
101,161,69
101,166,35
101,168,86
101,169,25
101,170,27
101,173,63
101,174,28
101,175,36
101,177,97
101,178,61
101,183,50
101,187,40
101,196,65
101,198,47
101,200,86
101,209,43
101,210,71
101,211,10
101,214,42
101,217,92
101,218,68
101,220,67
101,225,18
101,226,38
101,228,94
101,230,61
101,235,29
101,237,95
101,242,30
101,244,50
101,246,79
101,250,92
101,253,88
101,254,12
101,266,76
101,268,23
101,270,34
101,272,12
101,282,73
101,283,20
101,286,74
101,288,70
101,297,56
101,298,83
101,299,21
101,302,71
101,306,60
101,307,3
101,310,95
101,315,82
101,316,32
101,320,65
101,321,82
101,323,43
101,324,70
101,331,53
101,338,51
101,339,88
101,343,37
101,347,42
101,348,1
101,352,90
101,363,5
101,365,90
101,372,65
101,375,83
101,377,87
101,390,66
101,394,52
101,398,44
101,400,88
101,404,36
101,410,41
101,412,73
101,418,79
101,419,92
101,421,54
101,435,23
101,437,45
101,447,84
101,448,28
101,451,26
101,454,66
101,455,78
101,462,86
101,466,66
101,468,83
101,470,76
101,472,32
101,474,49
101,476,62
101,481,26
101,489,56
101,491,51
101,494,38
101,495,44
101,496,56
101,508,23
101,510,54
101,511,19
101,102,75
102,105,74
102,112,81
102,113,97
102,116,18
102,122,34
102,125,87
102,126,69
102,128,44
102,133,36
102,136,33
102,138,88
102,139,14
102,141,1
102,142,19
102,143,97
102,145,95
102,146,71
102,147,58
102,151,68
102,152,54
102,159,80
102,160,65
102,161,76
102,162,81
102,163,97
102,167,75
102,169,5
102,173,71
102,175,85
102,178,80
102,181,99
102,192,78
102,199,95
102,201,17
102,205,28
102,216,34
102,218,3
102,232,35
102,235,73
102,237,63
102,238,24
102,242,85
102,244,44
102,251,62
102,252,93
102,253,52
102,258,10
102,262,58
102,268,66
102,269,94
102,270,39
102,272,33
102,273,84
102,277,63
102,280,58
102,283,6
102,291,35
102,295,60
102,297,45
102,298,8
102,299,77
102,300,68
102,301,29
102,307,48
102,308,85
102,309,46
102,310,31
102,311,12
102,313,6
102,315,32
102,317,70
102,318,89
102,320,100
102,323,80
102,326,33
102,330,89
102,334,17
102,335,50
102,336,15
102,337,24
102,340,72
102,341,26
102,343,41
102,349,69
102,351,65
102,357,59
102,358,32
102,360,74
102,365,28
102,366,7
102,369,74
102,377,75
102,380,15
102,381,86
102,386,55
102,392,32
102,396,41
102,398,37
102,399,72
102,400,76
102,404,93
102,412,56
102,415,55
102,416,70
102,418,11
102,421,9
102,434,57
102,439,83
102,448,95
102,451,52
102,453,15
102,466,55
102,469,83
102,471,2
102,472,66
102,473,53
102,474,76
102,476,63
102,479,93
102,480,18
102,482,78
102,483,5
102,485,53
102,486,67
102,487,51
102,489,3
102,491,96
102,494,96
102,498,60
102,502,72
102,503,87
102,504,91
102,506,91
102,507,45
102,508,51
102,103,58
103,104,41
103,107,83
103,111,10
103,114,68
103,119,45
103,121,76
103,124,67
103,136,96
103,137,93
103,138,89
103,142,16
103,143,37
103,144,68
103,147,45
103,148,64
103,149,42
103,150,99
103,152,71
103,153,52
103,156,80
103,164,42
103,166,53
103,168,96
103,172,50
103,174,89
103,175,27
103,176,60
103,179,92
103,186,39
103,187,17
103,188,2
103,191,90
103,194,4
103,197,55
103,207,50
103,209,26
103,221,35
103,224,49
103,225,46
103,226,80
103,227,50
103,230,14
103,236,91
103,237,94
103,238,18
103,240,18
103,252,88
103,257,35
103,259,23
103,263,18
103,271,14
103,273,54
103,280,7
103,282,79
103,284,69
103,295,14
103,296,81
103,299,35
103,304,98
103,305,14
103,308,85
103,309,24
103,310,21
103,311,60
103,314,71
103,318,55
103,319,77
103,322,67
103,339,69
103,340,26
103,341,22
103,344,47
103,348,38
103,352,30
103,355,53
103,360,53
103,369,39
103,375,39
103,376,21
103,380,41
103,381,65
103,382,98
103,383,37
103,386,35
103,390,47
103,392,28
103,393,78
103,398,98
103,402,13
103,406,97
103,422,37
103,423,96
103,425,84
103,426,36
103,429,61
103,438,18
103,439,35
103,441,87
103,447,87
103,463,25
103,466,64
103,470,82
103,473,78
103,474,60
103,478,24
103,481,22
103,487,86
103,492,89
103,494,31
103,496,35
103,502,25
103,505,65
103,508,25
103,509,68
104,105,68
104,110,92
104,111,13
104,113,43
104,116,42
104,118,43
104,119,2
104,123,61
104,127,8
104,128,32
104,133,21
104,135,80
104,138,64
104,147,71
104,152,43
104,153,91
104,154,20
104,156,77
104,160,39
104,163,5
104,165,80
104,166,38
104,172,69
104,173,46
104,176,73
104,181,33
104,182,90
104,184,93
104,189,61
104,191,26
104,192,96
104,196,5
104,202,35
104,203,65
104,205,33
104,208,33
104,209,71
104,213,83
104,216,24
104,218,96
104,234,67
104,235,68
104,242,12
104,244,70
104,245,78
104,248,97
104,251,38
104,252,11
104,262,35
104,264,71
104,269,38
104,270,46
104,276,18
104,278,78
104,286,12
104,287,15
104,292,85
104,298,17
104,300,76
104,303,50
104,321,50
104,331,66
104,332,50
104,338,91
104,343,75
104,348,32
104,350,93
104,355,56
104,358,29
104,360,94
104,362,48
104,370,25
104,373,34
104,388,24
104,390,95
104,393,59
104,395,57
104,397,25
104,406,81
104,410,66
104,428,59
104,431,39
104,433,81
104,436,1
104,444,86
104,445,17
104,446,86
104,458,91
104,461,31
104,464,41
104,467,14
104,468,77
104,470,6
104,475,14
104,476,35
104,477,43
104,481,61
104,484,13
104,486,87
104,488,48
104,489,78
104,495,84
104,508,87
104,510,89
105,107,93
105,112,94
105,116,83
105,118,6
105,119,41
105,123,94
105,127,30
105,130,26
105,137,17
105,141,66
105,143,15
105,144,67
105,147,92
105,148,75
105,149,14
105,151,97
105,153,21
105,156,23
105,157,64
105,160,39
105,163,43
105,165,1
105,172,52
105,175,86
105,178,85
105,183,44
105,188,10
105,189,73
105,195,4
105,200,13
105,213,44
105,215,62
105,218,25
105,219,17
105,221,66
105,223,80
105,224,27
105,225,93
105,229,12
105,230,15
105,236,48
105,243,2
105,251,5
105,252,48
105,261,66
105,262,9
105,265,44
105,268,41
105,269,7
105,274,13
105,275,58
105,282,59
105,283,12
105,285,61
105,287,86
105,290,14
105,292,23
105,294,67
105,297,84
105,299,98
105,301,5
105,302,96
105,307,10
105,308,32
105,312,39
105,313,72
105,315,48
105,323,82
105,324,18
105,325,42
105,326,95
105,327,83
105,331,43
105,332,7
105,335,38
105,336,60
105,340,74
105,345,77
105,346,98
105,347,64
105,350,35
105,358,49
105,359,78
105,361,7
105,367,59
105,370,30
105,372,28
105,374,91
105,376,23
105,380,77
105,381,2
105,382,36
105,387,65
105,390,43
105,393,67
105,396,24
105,397,50
105,400,59
105,403,20
105,406,83
105,407,35
105,417,19
105,422,62
105,424,60
105,426,34
105,438,99
105,443,71
105,446,32
105,447,45
105,452,50
105,455,22
105,458,37
105,459,48
105,462,100
105,463,31
105,464,83
105,475,50
105,485,65
105,486,21
105,489,4
105,492,42
105,493,84
105,496,1
105,498,53
105,502,28
105,504,78
105,506,71
105,510,56
105,106,56
106,107,36
106,109,2
106,113,88
106,116,48
106,117,14
106,125,38
106,127,46
106,130,20
106,132,31
106,135,20
106,136,32
106,138,76
106,141,25
106,145,78
106,146,71
106,148,85
106,151,36
106,153,3
106,156,32
106,157,52
106,161,40
106,163,90
106,168,30
106,170,44
106,173,44
106,179,3
106,182,87
106,183,96
106,184,73
106,194,65
106,195,63
106,197,92
106,198,99
106,204,97
106,205,56
106,206,90
106,207,21
106,211,61
106,212,61
106,217,51
106,219,86
106,223,79
106,225,71
106,226,14
106,229,62
106,231,64
106,232,32
106,236,39
106,243,83
106,252,100
106,254,91
106,255,30
106,256,22
106,257,27
106,264,17
106,265,12
106,267,27
106,271,32
106,273,3
106,274,74
106,277,34
106,282,47
106,286,65
106,287,35
106,288,48
106,290,3
106,291,4
106,296,20
106,303,4
106,304,19
106,309,47
106,312,31
106,317,21
106,318,3
106,319,11
106,322,39
106,323,80
106,327,12
106,329,45
106,335,2
106,339,56
106,343,84
106,344,63
106,347,73
106,350,44
106,353,50
106,355,68
106,356,17
106,359,40
106,364,46
106,365,40
106,368,28
106,369,46
106,376,26
106,377,37
106,378,19
106,382,17
106,383,11
106,390,40
106,397,42
106,398,39
106,399,24
106,401,8
106,407,7
106,409,64
106,414,30
106,423,43
106,429,19
106,433,63
106,436,83
106,437,44
106,440,45
106,441,63
106,446,16
106,450,75
106,455,3
106,457,91
106,459,12
106,461,73
106,462,75
106,466,65
106,473,89
106,474,75
106,477,41
106,478,66
106,479,42
106,483,73
106,487,5
106,492,3
106,495,35
106,498,66
106,499,81
106,502,19
106,507,71
106,509,67
107,108,65
107,113,57
107,121,15
107,126,23
107,128,41
107,129,91
107,133,65
107,134,86
107,137,91
107,138,32
107,141,24
107,147,65
107,149,72
107,160,43
107,161,95
107,178,97
107,179,73
107,180,82
107,182,46
107,187,94
107,189,93
107,190,77
107,191,42
107,197,11
107,200,10
107,203,95
107,204,87
107,209,7
107,210,93
107,216,5
107,219,67
107,230,2
107,231,19
107,238,27
107,240,71
107,241,38
107,242,74
107,246,9
107,249,43
107,254,20
107,260,73
107,263,100
107,265,28
107,268,63
107,272,21
107,273,17
107,277,5
107,284,61
107,290,6
107,294,18
107,298,28
107,299,10
107,302,40
107,307,73
107,310,39
107,311,61
107,320,19
107,322,51
107,323,28
107,325,25
107,326,60
107,334,21
107,335,66
107,337,51
107,340,58
107,343,23
107,345,69
107,346,83
107,348,38
107,351,92
107,352,71
107,357,16
107,371,86
107,374,19
107,376,2
107,377,70
107,380,9
107,381,100
107,383,95
107,389,32
107,394,47
107,397,81
107,398,84
107,401,91
107,404,70
107,415,28
107,416,12
107,418,99
107,422,64
107,428,17
107,430,17
107,431,83
107,432,32
107,433,49
107,436,89
107,437,23
107,439,84
107,440,35
107,444,61
107,445,84
107,449,2
107,451,21
107,452,62
107,454,69
107,455,84
107,459,26
107,465,23
107,466,93
107,474,45
107,488,32
107,490,64
107,492,10
107,494,25
107,495,84
107,498,95
107,499,7
107,500,1
107,503,18
107,504,69
107,510,3
108,111,53
108,115,8
108,119,73
108,125,57
108,127,34
108,128,32
108,129,7
108,137,37
108,145,61
108,146,93
108,150,6
108,152,6
108,153,36
108,154,65
108,155,11
108,157,27
108,162,61
108,163,71
108,172,70
108,173,54
108,175,81
108,176,25
108,183,9
108,184,66
108,186,8
108,192,95
108,196,70
108,197,46
108,198,50
108,202,73
108,203,14
108,204,23
108,205,40
108,208,2
108,220,90
108,225,98
108,231,65
108,238,34
108,244,73
108,251,51
108,255,10
108,257,57
108,259,85
108,262,98
108,268,35
108,269,76
108,272,4
108,278,99
108,282,77
108,284,5
108,286,7
108,287,73
108,288,42
108,290,23
108,294,40
108,298,1
108,302,72
108,303,81
108,304,58
108,305,1
108,308,75
108,310,40
108,314,60
108,315,7
108,321,13
108,322,97
108,325,61
108,326,78
108,329,68
108,330,8
108,337,8
108,340,22
108,343,70
108,348,30
108,355,18
108,358,71
108,359,75
108,361,47
108,363,10
108,364,29
108,366,76
108,370,26
108,374,17
108,379,70
108,381,37
108,384,94
108,385,1
108,386,66
108,394,57
108,398,79
108,404,80
108,406,65
108,408,54
108,409,61
108,410,36
108,414,52
108,415,43
108,418,87
108,419,46
108,420,79
108,424,18
108,429,94
108,431,48
108,434,82
108,435,4
108,436,7
108,440,16
108,441,61
108,446,62
108,450,29
108,458,35
108,462,39
108,463,5
108,465,64
108,466,72
108,468,39
108,471,78
108,473,61
108,478,44
108,479,29
108,481,98
108,482,6
108,483,29
108,489,13
108,490,37
108,495,17
108,497,13
108,499,60
108,502,77
108,503,42
108,507,81
108,508,99
108,109,99
109,110,43
109,116,42
109,117,89
109,119,39
109,120,38
109,122,72
109,124,73
109,125,85
109,126,23
109,127,47
109,133,37
109,134,28
109,141,44
109,145,65
109,149,59
109,155,30
109,164,89
109,167,87
109,170,43
109,172,20
109,173,84
109,178,25
109,181,91
109,183,3
109,186,44
109,189,35
109,190,76
109,192,93
109,201,81
109,205,44
109,208,15
109,215,78
109,221,50
109,228,44
109,232,83
109,236,89
109,242,59
109,243,76
109,245,94
109,246,97
109,252,81
109,257,96
109,263,66
109,267,16
109,271,66
109,279,53
109,282,74
109,284,34
109,288,18
109,289,58
109,290,89
109,291,95
109,294,77
109,295,8
109,298,13
109,301,84
109,303,4
109,306,95
109,316,75
109,317,23
109,320,2
109,321,26
109,323,80
109,325,4
109,329,98
109,333,76
109,335,20
109,339,74
109,341,20
109,344,67
109,347,49
109,351,2
109,352,84
109,354,69
109,355,31
109,359,15
109,363,58
109,369,20
109,375,16
109,377,4
109,381,28
109,387,56
109,397,7
109,403,33
109,405,8
109,406,100
109,407,62
109,408,99
109,412,8
109,416,80
109,419,30
109,420,74
109,422,80
109,427,82
109,428,36
109,429,76
109,432,89
109,433,8
109,435,31
109,438,5
109,440,79
109,446,30
109,448,69
109,450,81
109,451,79
109,455,10
109,456,16
109,457,17
109,458,18
109,466,74
109,471,48
109,474,51
109,478,31
109,481,45
109,484,96
109,487,1
109,489,79
109,490,26
109,494,43
109,496,68
109,501,49
109,509,62
109,510,12
110,111,66
110,112,33
110,113,28
110,116,78
110,123,67
110,129,9
110,130,83
110,134,25
110,137,71
110,139,74
110,140,80
110,142,13
110,143,15
110,146,55
110,150,2
110,151,43
110,155,68
110,156,60
110,157,57
110,159,71
110,170,7
110,174,50
110,177,9
110,181,10
110,183,92
110,186,10
110,188,13
110,189,80
110,190,7
110,193,90
110,196,29
110,200,3
110,206,72
110,207,80
110,210,6
110,214,2
110,218,16
110,220,3
110,221,88
110,225,86
110,227,97
110,232,11
110,235,69
110,238,55
110,240,68
110,241,30
110,243,13
110,249,41
110,254,71
110,255,38
110,257,87
110,258,31
110,261,29
110,262,3
110,263,24
110,264,72
110,265,18
110,270,61
110,273,64
110,275,79
110,277,47
110,279,99
110,284,87
110,285,87
110,288,73
110,294,53
110,303,4
110,305,68
110,319,72
110,321,48
110,328,95
110,329,50
110,331,9
110,332,82
110,333,62
110,342,14
110,346,75
110,351,59
110,360,48
110,362,50
110,363,36
110,369,43
110,371,8
110,373,56
110,374,80
110,376,50
110,387,99
110,393,88
110,395,78
110,396,63
110,401,5
110,404,75
110,406,5
110,411,9
110,412,23
110,421,32
110,423,53
110,427,6
110,434,94
110,436,59
110,439,26
110,445,43
110,449,60
110,451,20
110,452,28
110,454,46
110,455,65
110,457,71
110,459,88
110,464,15
110,466,10
110,468,81
110,472,13
110,482,74
110,484,78
110,489,56
110,490,91
110,492,88
110,494,30
110,500,15
110,510,59
111,116,82
111,124,71
111,126,48
111,127,10
111,130,70
111,131,9
111,133,50
111,139,16
111,140,21
111,146,11
111,148,77
111,149,43
111,153,88
111,157,31
111,159,95
111,165,28
111,168,10
111,171,8
111,174,6
111,175,24
111,180,2
111,190,5
111,194,3
111,196,74
111,197,20
111,198,65
111,201,46
111,202,49
111,204,39
111,211,29
111,213,43
111,215,72
111,220,14
111,221,5
111,228,84
111,230,85
111,235,22
111,237,13
111,238,30
111,243,71
111,246,58
111,249,79
111,251,34
111,256,97
111,260,54
111,262,66
111,266,95
111,268,52
111,269,12
111,270,97
111,271,88
111,273,54
111,281,4
111,284,94
111,285,94
111,289,35
111,292,83
111,293,48
111,295,69
111,300,32
111,301,3
111,306,73
111,307,68
111,309,46
111,319,59
111,322,22
111,326,80
111,330,13
111,332,50
111,333,8
111,334,39
111,338,41
111,343,100
111,344,99
111,350,94
111,352,68
111,359,15
111,360,57
111,361,50
111,362,52
111,363,34
111,364,42
111,366,91
111,367,51
111,375,35
111,382,51
111,383,42
111,385,39
111,387,50
111,388,74
111,389,84
111,397,91
111,401,92
111,402,90
111,404,15
111,408,64
111,410,91
111,414,89
111,423,60
111,436,78
111,439,80
111,440,60
111,442,58
111,444,34
111,447,37
111,449,48
111,452,60
111,462,3
111,468,88
111,469,56
111,474,21
111,479,66
111,489,95
111,491,10
111,498,75
111,500,96
111,501,64
111,507,13
111,112,58
112,119,68
112,121,88
112,126,63
112,144,75
112,145,15
112,148,92
112,149,78
112,150,29
112,151,77
112,152,42
112,153,70
112,154,54
112,160,67
112,165,32
112,167,41
112,176,37
112,177,31
112,180,6
112,183,29
112,192,97
112,200,73
112,202,40
112,204,58
112,208,61
112,212,47
112,214,94
112,215,38
112,217,21
112,218,99
112,219,18
112,221,32
112,222,35
112,225,74
112,229,74
112,230,48
112,231,15
112,233,51
112,234,52
112,235,51
112,238,81
112,240,17
112,241,36
112,242,60
112,244,82
112,247,49
112,248,95
112,249,91
112,250,22
112,260,36
112,270,35
112,272,91
112,274,70
112,276,76
112,277,5
112,282,5
112,285,23
112,294,51
112,295,27
112,299,28
112,305,62
112,306,88
112,315,31
112,319,38
112,323,16
112,325,3
112,329,2
112,334,43
112,344,76
112,345,74
112,347,18
112,351,13
112,360,53
112,363,30
112,365,53
112,368,76
112,370,17
112,371,85
112,375,67
112,376,24
112,379,66
112,382,60
112,383,21
112,387,81
112,391,31
112,401,84
112,402,97
112,406,97
112,407,87
112,408,59
112,409,96
112,410,83
112,413,15
112,414,86
112,416,17
112,423,39
112,427,75
112,432,72
112,433,16
112,439,88
112,442,16
112,450,47
112,456,93
112,457,3
112,462,49
112,468,86
112,470,10
112,471,61
112,472,26
112,473,45
112,474,47
112,477,8
112,481,43
112,486,8
112,487,59
112,494,16
112,498,8
112,503,25
112,511,3
112,113,10
113,114,95
113,116,77
113,118,20
113,120,28
113,122,67
113,123,75
113,127,50
113,130,81
113,131,22
113,134,26
113,139,40
113,140,15
113,146,29
113,149,89
113,155,9
113,156,42
113,159,49
113,164,29
113,167,62
113,170,6
113,175,79
113,180,10
113,185,28
113,187,53
113,189,16
113,190,27
113,193,74
113,197,46
113,198,82
113,200,70
113,202,16
113,206,7
113,215,45
113,216,67
113,218,45
113,219,11
113,220,2
113,221,73
113,224,74
113,225,95
113,232,6
113,236,42
113,238,70
113,241,35
113,243,21
113,245,34
113,247,48
113,248,2
113,249,69
113,255,13
113,260,52
113,265,94
113,270,85
113,273,64
113,274,85
113,280,14
113,285,33
113,288,85
113,289,52
113,292,30
113,300,71
113,301,35
113,302,66
113,317,2
113,318,60
113,320,25
113,324,41
113,325,93
113,326,51
113,328,91
113,333,21
113,336,79
113,341,95
113,348,68
113,349,71
113,351,90
113,353,53
113,357,95
113,359,32
113,361,17
113,364,75
113,365,53
113,366,59
113,367,8
113,370,25
113,383,1
113,385,91
113,386,96
113,388,75
113,392,92
113,402,86
113,403,52
113,405,70
113,413,76
113,414,71
113,418,31
113,432,28
113,433,20
113,436,5
113,443,19
113,444,3
113,445,66
113,448,40
113,451,97
113,453,98
113,460,34
113,463,13
113,464,91
113,466,17
113,473,72
113,474,58
113,484,58
113,486,85
113,489,26
113,494,100
113,496,11
113,497,39
113,500,5
113,504,70
113,511,51
114,119,84
114,138,37
114,139,100
114,140,49
114,149,28
114,155,41
114,156,61
114,167,90
114,173,72
114,178,42
114,181,52
114,182,16
114,184,27
114,186,71
114,187,54
114,190,97
114,192,96
114,193,94
114,194,95
114,198,68
114,199,96
114,200,11
114,201,81
114,202,43
114,205,75
114,208,53
114,213,57
114,215,75
114,216,40
114,223,61
114,226,40
114,230,70
114,235,69
114,236,78
114,238,64
114,244,18
114,245,8
114,247,90
114,250,50
114,252,69
114,253,28
114,254,99
114,255,5
114,262,27
114,263,65
114,267,55
114,269,9
114,277,52
114,283,98
114,290,62
114,291,43
114,293,84
114,296,98
114,297,80
114,298,52
114,300,5
114,302,68
114,306,23
114,307,93
114,308,40
114,312,49
114,316,90
114,317,93
114,320,49
114,321,11
114,322,85
114,323,5
114,324,60
114,330,90
114,333,15
114,336,13
114,338,80
114,339,31
114,342,56
114,345,3
114,347,19
114,350,56
114,362,3
114,363,48
114,373,65
114,375,76
114,377,17
114,379,33
114,384,13
114,385,86
114,387,17
114,389,24
114,390,42
114,391,100
114,394,13
114,395,87
114,396,83
114,397,33
114,399,78
114,400,69
114,405,75
114,406,97
114,408,6
114,410,18
114,413,70
114,414,12
114,423,25
114,424,95
114,425,83
114,428,99
114,429,52
114,433,32
114,436,69
114,440,72
114,444,19
114,445,36
114,452,72
114,454,16
114,456,95
114,460,69
114,462,42
114,468,73
114,474,87
114,475,93
114,478,25
114,481,44
114,483,55
114,488,27
114,492,49
114,499,46
114,501,20
114,504,55
114,507,62
114,115,34
115,117,34
115,118,84
115,128,62
115,132,55
115,133,16
115,135,89
115,136,93
115,137,65
115,138,32
115,139,9
115,140,7
115,141,60
115,143,75
115,146,82
115,148,18
115,150,19
115,157,17
115,158,82
115,159,37
115,161,84
115,172,37
115,174,64
115,182,10
115,183,85
115,189,53
115,194,56
115,197,33
115,198,56
115,201,19
115,202,26
115,205,72
115,206,23
115,208,8
115,211,11
115,214,53
115,219,74
115,220,62
115,226,25
115,233,42
115,238,24
115,246,6
115,252,100
115,255,65
115,259,80
115,260,98
115,266,79
115,267,10
115,272,53
115,274,50
115,275,16
115,280,70
115,285,10
115,297,73
115,301,71
115,305,69
115,311,82
115,314,23
115,316,91
115,317,66
115,323,93
115,324,82
115,325,37
115,334,24
115,335,57
115,338,81
115,341,25
115,344,90
115,345,38
115,348,35
115,350,96
115,351,69
115,353,80
115,360,68
115,367,28
115,368,81
115,371,90
115,372,12
115,375,43
115,376,82
115,382,82
115,383,71
115,385,6
115,387,74
115,391,6
115,395,17
115,397,91
115,403,60
115,405,8
115,408,54
115,409,29
115,419,65
115,420,15
115,425,3
115,426,61
115,427,22
115,430,14
115,431,57
115,433,15
115,434,33
115,436,77
115,439,95
115,440,87
115,443,90
115,446,1
115,447,99
115,448,62
115,457,14
115,461,96
115,468,98
115,472,70
115,473,8
115,478,21
115,479,11
115,482,53
115,486,16
115,496,43
115,499,30
115,502,98
115,504,49
115,116,89
116,119,49
116,125,37
116,126,31
116,129,40
116,132,38
116,133,61
116,135,47
116,141,92
116,144,22
116,146,4
116,152,35
116,154,40
116,161,20
116,163,36
116,164,1
116,166,63
116,170,55
116,181,36
116,186,89
116,188,100
116,189,1
116,190,73
116,192,6
116,193,89
116,194,32
116,197,6
116,198,87
116,202,61
116,204,91
116,205,33
116,207,47
116,209,87
116,210,61
116,212,18
116,213,19
116,217,75
116,219,31
116,230,20
116,232,51
116,234,57
116,235,12
116,236,50
116,237,72
116,248,65
116,252,90
116,255,64
116,258,66
116,261,90
116,262,85
116,271,96
116,273,87
116,274,16
116,279,6
116,280,63
116,283,30
116,292,74
116,294,13
116,298,62
116,299,35
116,301,71
116,303,56
116,304,8
116,310,83
116,314,56
116,318,74
116,320,46
116,321,27
116,323,8
116,324,49
116,325,56
116,329,71
116,331,85
116,333,18
116,338,1
116,339,6
116,342,15
116,346,53
116,351,79
116,354,56
116,356,87
116,357,84
116,363,95
116,366,7
116,367,75
116,375,96
116,376,44
116,384,35
116,385,64
116,392,52
116,393,13
116,396,89
116,397,31
116,398,52
116,403,1
116,405,75
116,406,33
116,414,23
116,417,56
116,418,41
116,434,81
116,435,69
116,437,87
116,440,75
116,441,88
116,449,33
116,452,41
116,453,55
116,455,43
116,466,8
116,468,45
116,473,99
116,475,29
116,478,75
116,483,15
116,498,71
116,500,52
116,503,93
116,506,20
116,511,85
116,117,29
117,119,60
117,135,2
117,137,41
117,149,34
117,159,81
117,161,7
117,166,15
117,168,94
117,169,62
117,170,15
117,171,37
117,173,74
117,178,70
117,179,77
117,180,20
117,184,78
117,193,86
117,194,1
117,195,42
117,200,1
117,201,38
117,205,12
117,210,50
117,212,11
117,214,81
117,216,83
117,222,97
117,229,53
117,232,23
117,237,16
117,249,80
117,250,22
117,253,67
117,257,71
117,259,56
117,271,93
117,273,26
117,275,77
117,277,71
117,278,66
117,282,76
117,283,47
117,286,84
117,290,55
117,292,59
117,293,1
117,299,36
117,300,89
117,305,76
117,306,37
117,308,18
117,313,66
117,318,80
117,322,63
117,325,50
117,339,60
117,340,31
117,343,28
117,348,86
117,353,47
117,358,42
117,359,55
117,360,59
117,363,45
117,364,73
117,366,3
117,367,65
117,369,48
117,374,88
117,375,39
117,376,3
117,385,57
117,389,80
117,390,26
117,391,24
117,392,58
117,398,26
117,399,67
117,400,62
117,401,31
117,404,24
117,412,22
117,413,33
117,416,48
117,426,46
117,428,89
117,435,61
117,437,39
117,438,42
117,439,79
117,442,5
117,446,85
117,447,95
117,449,70
117,450,59
117,457,16
117,458,16
117,466,60
117,468,3
117,471,83
117,473,17
117,475,69
117,477,79
117,481,97
117,483,99
117,489,33
117,493,62
117,497,2
117,498,46
117,499,83
117,500,98
117,502,33
117,505,23
117,506,67
117,118,4
118,121,68
118,122,83
118,125,32
118,127,3
118,130,54
118,133,46
118,138,98
118,143,54
118,151,61
118,152,48
118,157,44
118,158,30
118,161,25
118,168,80
118,172,55
118,174,45
118,178,36
118,180,25
118,187,92
118,188,61
118,189,21
118,191,31
118,194,45
118,196,12
118,197,98
118,198,5
118,200,76
118,202,54
118,211,91
118,212,1
118,216,75
118,220,16
118,221,6
118,224,20
118,225,45
118,226,72
118,230,20
118,233,96
118,234,60
118,236,32
118,239,38
118,243,12
118,245,57
118,248,12
118,250,50
118,255,15
118,256,83
118,258,47
118,262,89
118,267,17
118,269,35
118,273,60
118,274,24
118,284,46
118,286,70
118,287,27
118,291,76
118,292,31
118,296,14
118,297,21
118,302,58
118,303,96
118,305,86
118,309,34
118,316,93
118,322,72
118,323,74
118,327,1
118,329,62
118,333,63
118,335,61
118,339,76
118,343,87
118,348,17
118,349,41
118,352,42
118,358,63
118,363,71
118,369,27
118,371,68
118,378,41
118,385,53
118,390,66
118,391,52
118,396,18
118,402,93
118,406,95
118,407,56
118,408,94
118,415,28
118,416,22
118,417,5
118,426,80
118,427,87
118,429,44
118,430,16
118,432,24
118,433,19
118,434,79
118,437,78
118,438,64
118,441,62
118,442,92
118,448,58
118,450,18
118,452,16
118,459,66
118,463,83
118,466,14
118,471,36
118,472,32
118,473,24
118,476,81
118,480,99
118,481,67
118,482,28
118,488,80
118,490,14
118,493,84
118,494,55
118,497,26
118,506,39
118,509,13
118,119,84
119,121,9
119,122,61
119,126,5
119,133,45
119,134,38
119,135,8
119,139,97
119,145,86
119,151,10
119,155,45
119,159,19
119,162,15
119,163,50
119,169,72
119,174,57
119,177,40
119,180,48
119,183,42
119,187,15
119,189,76
119,191,39
119,193,78
119,197,47
119,198,15
119,202,93
119,204,52
119,205,95
119,206,58
119,207,41
119,210,19
119,214,52
119,216,83
119,218,35
119,220,66
119,228,64
119,230,52
119,234,22
119,236,73
119,237,11
119,238,28
119,240,41
119,243,45
119,244,15
119,245,91
119,246,59
119,248,74
119,252,65
119,253,40
119,254,66
119,256,68
119,267,36
119,269,20
119,270,24
119,272,65
119,273,49
119,274,42
119,284,46
119,286,13
119,288,12
119,289,57
119,293,19
119,294,85
119,295,77
119,297,82
119,298,40
119,304,25
119,308,75
119,316,84
119,317,23
119,319,35
119,321,22
119,328,27
119,333,42
119,335,71
119,340,50
119,347,53
119,353,90
119,354,86
119,360,33
119,363,78
119,365,4
119,366,14
119,368,57
119,371,52
119,373,36
119,377,45
119,380,60
119,385,34
119,392,34
119,398,65
119,405,78
119,408,97
119,413,13
119,414,79
119,417,64
119,419,27
119,420,10
119,421,45
119,422,22
119,424,1
119,430,58
119,436,29
119,438,83
119,439,14
119,442,94
119,454,19
119,458,87
119,461,14
119,462,81
119,463,53
119,469,92
119,479,5
119,484,19
119,488,15
119,497,21
119,503,56
119,120,8
120,122,52
120,127,89
120,130,98
120,145,5
120,146,70
120,147,13
120,149,51
120,150,95
120,151,93
120,152,44
120,155,15
120,160,80
120,162,10
120,163,18
120,164,89
120,166,12
120,167,16
120,172,41
120,173,3
120,175,60
120,176,60
120,177,25
120,179,17
120,180,20
120,186,71
120,191,76
120,192,27
120,195,7
120,207,82
120,210,4
120,211,35
120,218,93
120,222,76
120,224,78
120,226,74
120,230,60
120,231,46
120,232,50
120,239,90
120,241,22
120,245,78
120,249,88
120,254,54
120,255,77
120,257,28
120,264,64
120,272,72
120,273,2
120,277,13
120,279,64
120,284,12
120,285,39
120,286,36
120,290,5
120,299,36
120,305,75
120,310,78
120,317,100
120,319,8
120,321,29
120,331,16
120,333,12
120,338,16
120,340,42
120,347,82
120,348,63
120,354,7
120,357,2
120,359,50
120,361,62
120,366,73
120,368,93
120,375,53
120,380,49
120,382,15
120,383,65
120,387,11
120,391,74
120,396,12
120,399,30
120,400,88
120,405,46
120,412,45
120,420,63
120,423,77
120,424,55
120,431,48
120,432,44
120,434,100
120,442,98
120,446,97
120,447,87
120,450,67
120,452,72
120,456,83
120,457,68
120,460,27
120,463,54
120,464,12
120,467,85
120,470,52
120,472,53
120,477,33
120,479,13
120,480,56
120,482,73
120,483,73
120,485,33
120,486,16
120,490,75
120,491,82
120,494,20
120,495,100
120,497,42
120,499,35
120,500,72
120,505,87
120,508,23
120,511,39
120,121,27
121,124,27
121,127,26
121,130,90
121,133,94
121,135,9
121,141,93
121,154,89
121,159,27
121,165,70
121,166,82
121,169,61
121,170,62
121,175,7
121,178,71
121,183,34
121,186,78
121,187,30
121,195,48
121,197,26
121,202,58
121,203,8
121,207,69
121,208,38
121,210,61
121,217,42
121,218,11
121,222,40
121,223,88
121,226,94
121,236,44
121,237,91
121,239,76
121,242,71
121,246,71
121,253,7
121,258,4
121,264,18
121,270,12
121,271,7
121,272,13
121,273,98
121,276,56
121,278,15
121,279,74
121,282,7
121,284,65
121,287,1
121,289,96
121,294,2
121,296,20
121,298,90
121,304,19
121,306,59
121,315,35
121,318,89
121,319,65
121,320,89
121,328,85
121,330,58
121,331,61
121,334,90
121,339,90
121,340,52
121,344,80
121,347,93
121,350,51
121,354,29
121,358,100
121,360,13
121,361,92
121,363,84
121,364,2
121,366,22
121,367,23
121,369,75
121,374,95
121,377,71
121,381,28
121,384,4
121,385,3
121,386,3
121,391,16
121,396,71
121,400,70
121,401,34
121,404,57
121,412,50
121,413,51
121,415,48
121,416,9
121,431,95
121,432,62
121,433,73
121,434,91
121,437,61
121,447,48
121,455,59
121,463,26
121,472,81
121,475,44
121,477,48
121,485,35
121,487,37
121,488,21
121,489,69
121,492,30
121,495,7
121,496,23
121,497,68
121,500,47
121,501,69
121,502,38
121,504,47
121,505,27
121,506,47
121,508,60
121,122,99
122,127,96
122,132,11
122,134,48
122,136,34
122,137,34
122,139,25
122,141,52
122,143,72
122,145,62
122,146,22
122,148,40
122,152,86
122,159,64
122,160,7
122,162,86
122,166,77
122,167,26
122,169,51
122,171,95
122,173,13
122,175,22
122,176,49
122,179,36
122,181,100
122,183,97
122,184,37
122,186,27
122,189,22
122,199,61
122,202,28
122,203,16
122,205,81
122,210,72
122,211,38
122,217,43
122,218,50
122,225,90
122,231,96
122,233,88
122,234,12
122,235,35
122,236,27
122,239,29
122,240,67
122,244,17
122,247,82
122,250,13
122,254,33
122,255,35
122,259,21
122,260,14
122,265,33
122,266,36
122,268,50
122,269,99
122,270,68
122,274,74
122,279,28
122,282,22
122,283,4
122,284,29
122,286,80
122,288,21
122,291,78
122,296,60
122,300,71
122,301,77
122,303,48
122,305,53
122,308,95
122,310,52
122,314,68
122,325,11
122,331,8
122,333,87
122,335,32
122,337,51
122,339,36
122,342,86
122,347,56
122,351,65
122,353,73
122,358,67
122,361,72
122,365,19
122,366,18
122,369,4
122,372,12
122,373,48
122,377,41
122,385,26
122,394,42
122,400,29
122,402,19
122,403,63
122,405,71
122,411,32
122,414,7
122,420,62
122,428,10
122,436,91
122,440,95
122,443,44
122,444,32
122,450,62
122,460,89
122,462,57
122,463,74
122,467,86
122,468,94
122,478,44
122,482,11
122,486,91
122,488,92
122,496,66
122,497,80
122,498,43
122,500,64
122,502,13
122,503,62
122,505,66
122,509,18
122,123,83
123,128,5
123,129,41
123,130,83
123,131,29
123,132,95
123,133,8
123,138,14
123,139,13
123,142,83
123,143,1
123,145,15
123,147,92
123,158,47
123,163,46
123,164,2
123,169,25
123,179,81
123,183,21
123,185,37
123,196,30
123,198,100
123,202,6
123,203,65
123,205,70
123,207,61
123,214,44
123,217,40
123,222,45
123,223,9
123,231,16
123,232,60
123,233,46
123,236,20
123,240,41
123,242,99
123,244,37
123,247,10
123,252,30
123,253,38
123,254,20
123,256,100
123,257,68
123,258,2
123,270,65
123,271,61
123,272,54
123,273,98
123,276,56
123,278,41
123,279,76
123,281,84
123,284,44
123,288,27
123,291,18
123,294,46
123,303,39
123,305,82
123,310,84
123,311,68
123,315,100
123,320,5
123,323,10
123,328,93
123,333,87
123,337,90
123,338,28
123,341,73
123,343,77
123,345,99
123,348,66
123,353,10
123,355,66
123,357,44
123,358,82
123,367,92
123,370,33
123,372,71
123,373,47
123,377,26
123,378,9
123,383,69
123,384,66
123,386,21
123,388,76
123,391,61
123,393,72
123,400,94
123,403,97
123,408,49
123,414,9
123,416,35
123,417,22
123,418,22
123,419,33
123,420,20
123,427,53
123,428,70
123,429,21
123,435,13
123,437,62
123,444,45
123,446,13
123,447,67
123,449,37
123,451,91
123,452,65
123,453,97
123,454,22
123,456,5
123,460,5
123,461,32
123,463,84
123,467,65
123,469,95
123,472,62
123,475,82
123,482,93
123,483,52
123,485,33
123,491,53
123,492,21
123,494,94
123,499,99
123,503,7
123,508,43
123,124,74
124,126,54
124,127,43
124,128,64
124,129,52
124,131,31
124,132,32
124,136,82
124,137,40
124,144,84
124,146,55
124,148,99
124,150,18
124,156,58
124,159,73
124,161,22
124,166,53
124,171,4
124,173,31
124,179,86
124,181,55
124,182,33
124,184,96
124,188,75
124,191,23
124,192,58
124,199,66
124,202,1
124,207,55
124,208,65
124,209,7
124,211,63
124,212,66
124,214,47
124,215,6
124,216,75
124,218,72
124,224,25
124,225,47
124,230,21
124,231,84
124,233,2
124,235,45
124,239,3
124,243,51
124,244,81
124,247,89
124,248,62
124,259,59
124,265,41
124,271,78
124,277,2
124,282,16
124,284,69
124,285,32
124,287,70
124,289,81
124,292,68
124,293,38
124,296,18
124,297,14
124,298,9
124,300,43
124,302,76
124,305,72
124,306,8
124,310,49
124,311,46
124,318,3
124,319,71
124,324,45
124,325,83
124,331,32
124,332,10
124,340,85
124,343,65
124,346,45
124,347,64
124,349,44
124,350,70
124,351,11
124,357,45
124,360,57
124,362,11
124,366,53
124,372,87
124,374,97
124,376,26
124,377,78
124,379,24
124,381,46
124,384,17
124,385,68
124,393,53
124,394,89
124,395,25
124,398,87
124,399,56
124,402,28
124,403,7
124,405,100
124,406,37
124,408,96
124,409,45
124,410,29
124,415,80
124,419,64
124,428,31
124,435,45
124,438,19
124,439,62
124,440,38
124,441,58
124,443,78
124,444,88
124,446,33
124,454,58
124,461,79
124,466,19
124,476,5
124,478,79
124,479,39
124,483,18
124,485,48
124,486,33
124,487,61
124,488,79
124,500,14
124,501,22
124,505,20
124,125,72
125,127,7
125,136,91
125,137,85
125,138,8
125,139,33
125,140,4
125,142,86
125,143,70
125,148,69
125,149,4
125,150,11
125,152,36
125,155,54
125,157,75
125,158,19
125,162,74
125,166,48
125,168,75
125,176,78
125,178,37
125,183,32
125,191,61
125,194,74
125,195,19
125,196,74
125,200,86
125,201,81
125,203,79
125,212,94
125,215,4
125,223,65
125,226,48
125,237,80
125,238,38
125,243,22
125,246,5
125,252,80
125,255,93
125,263,51
125,264,89
125,273,1
125,278,64
125,282,40
125,292,84
125,295,68
125,301,71
125,304,49
125,307,51
125,312,31
125,317,4
125,318,11
125,321,99
125,322,6
125,325,30
125,327,16
125,330,16
125,335,87
125,344,95
125,345,11
125,347,3
125,348,5
125,359,66
125,360,10
125,364,95
125,368,45
125,369,62
125,370,19
125,373,17
125,379,91
125,381,38
125,387,7
125,389,51
125,392,14
125,394,2
125,398,70
125,399,21
125,401,60
125,404,28
125,405,80
125,412,79
125,421,73
125,424,68
125,428,91
125,429,62
125,430,28
125,434,42
125,435,58
125,436,2
125,439,13
125,443,63
125,446,26
125,447,46
125,448,67
125,449,54
125,451,54
125,457,25
125,460,6
125,461,62
125,463,43
125,468,65
125,469,56
125,470,45
125,473,61
125,474,45
125,482,69
125,489,73
125,495,87
125,496,44
125,497,42
125,498,14
125,501,41
125,506,43
125,510,32
125,126,10
126,129,63
126,136,16
126,140,59
126,145,84
126,146,54
126,153,86
126,155,70
126,159,15
126,161,72
126,162,54
126,163,18
126,165,27
126,167,51
126,173,46
126,175,69
126,188,89
126,193,85
126,197,15
126,204,37
126,210,58
126,217,24
126,218,80
126,220,91
126,221,2
126,223,42
126,227,91
126,228,60
126,229,99
126,232,46
126,234,95
126,238,13
126,251,72
126,254,97
126,256,91
126,258,40
126,260,33
126,261,30
126,264,14
126,267,10
126,268,15
126,273,33
126,274,66
126,279,44
126,281,16
126,282,46
126,283,74
126,290,46
126,292,4
126,298,99
126,301,51
126,303,70
126,304,56
126,306,33
126,311,93
126,313,58
126,316,13
126,325,34
126,326,72
126,332,51
126,333,13
126,335,100
126,338,23
126,342,37
126,348,45
126,350,15
126,351,11
126,354,50
126,356,2
126,357,79
126,359,48
126,365,82
126,366,95
126,378,35
126,381,22
126,382,99
126,385,77
126,389,8
126,391,56
126,392,61
126,396,51
126,397,14
126,398,57
126,399,8
126,402,7
126,404,35
126,409,54
126,415,24
126,419,33
126,420,38
126,425,91
126,427,91
126,428,23
126,432,69
126,436,14
126,442,72
126,445,48
126,449,65
126,459,84
126,461,19
126,462,20
126,465,81
126,469,60
126,473,56
126,476,6
126,478,54
126,483,63
126,487,8
126,492,60
126,496,73
126,497,88
126,499,89
126,503,64
126,510,47
126,511,96
126,127,34
127,130,34
127,131,14
127,137,93
127,140,48
127,143,49
127,145,45
127,148,14
127,149,63
127,152,78
127,153,42
127,154,74
127,155,44
127,159,35
127,166,40
127,170,67
127,175,68
127,178,29
127,180,80
127,184,73
127,185,34
127,187,84
127,188,81
127,191,27
127,194,58
127,197,67
127,203,26
127,207,35
127,209,72
127,210,92
127,215,89
127,220,13
127,221,31
127,222,80
127,234,67
127,235,23
127,238,26
127,240,32
127,244,6
127,251,28
127,257,40
127,260,47
127,264,92
127,265,41
127,266,31
127,271,40
127,274,12
127,275,14
127,276,30
127,278,8
127,281,24
127,288,21
127,291,30
127,293,94
127,298,21
127,299,34
127,302,79
127,305,48
127,309,49
127,310,75
127,312,47
127,313,24
127,315,31
127,316,79
127,317,76
127,318,13
127,321,95
127,324,99
127,325,76
127,327,6
127,330,73
127,339,22
127,340,95
127,341,70
127,351,48
127,359,11
127,360,6
127,362,97
127,369,22
127,370,78
127,371,96
127,374,57
127,375,42
127,380,85
127,386,41
127,392,54
127,393,11
127,396,80
127,399,6
127,403,19
127,404,4
127,405,85
127,406,87
127,415,46
127,420,71
127,421,20
127,422,62
127,427,39
127,436,65
127,439,41
127,448,32
127,452,82
127,453,59
127,455,77
127,465,50
127,467,47
127,471,6
127,479,39
127,484,75
127,488,8
127,489,99
127,492,20
127,493,49
127,495,87
127,497,85
127,503,46
127,505,8
127,506,27
127,507,77
127,509,94
127,128,92
128,129,71
128,133,13
128,136,66
128,137,10
128,138,72
128,139,74
128,142,18
128,150,39
128,151,56
128,152,89
128,153,49
128,155,90
128,157,27
128,161,22
128,166,34
128,174,64
128,176,23
128,177,54
128,188,10
128,193,29
128,194,37
128,195,60
128,196,22
128,197,5
128,202,63
128,203,48
128,205,31
128,207,47
128,212,65
128,215,87
128,216,63
128,220,37
128,223,36
128,226,3
128,227,90
128,229,54
128,230,80
128,233,2
128,238,46
128,242,12
128,244,51
128,250,33
128,251,100
128,263,26
128,268,72
128,270,17
128,271,17
128,274,58
128,275,64
128,281,45
128,284,21
128,287,13
128,293,97
128,295,47
128,296,25
128,297,78
128,300,76
128,306,29
128,314,51
128,316,97
128,317,3
128,320,6
128,331,45
128,340,7
128,347,26
128,350,88
128,351,69
128,354,29
128,355,87
128,365,55
128,367,10
128,370,8
128,372,76
128,373,19
128,376,24
128,383,14
128,385,97
128,389,1
128,390,34
128,397,35
128,398,64
128,403,34
128,408,27
128,411,60
128,414,87
128,417,11
128,420,18
128,422,12
128,425,43
128,430,63
128,431,20
128,437,80
128,442,44
128,443,93
128,445,40
128,447,9
128,448,35
128,450,28
128,452,79
128,455,17
128,456,15
128,458,46
128,459,52
128,460,76
128,461,88
128,462,32
128,463,49
128,466,82
128,473,74
128,480,60
128,484,29
128,485,86
128,498,60
128,499,76
128,506,4
128,507,54
128,510,67
129,131,25
129,136,32
129,140,42
129,141,22
129,144,54
129,145,78
129,146,64
129,148,76
129,156,28
129,160,96
129,162,34
129,164,62
129,167,12
129,173,14
129,185,36
129,186,17
129,191,88
129,193,63
129,197,81
129,198,73
129,208,84
129,209,28
129,211,54
129,212,52
129,213,2
129,216,96
129,219,7
129,226,93
129,229,67
129,231,59
129,232,76
129,233,94
129,237,81
129,242,45
129,244,44
129,248,99
129,249,64
129,250,10
129,252,96
129,253,13
129,259,44
129,263,62
129,264,96
129,268,71
129,271,19
129,281,28
129,282,60
129,287,12
129,291,5
129,292,35
129,293,76
129,298,49
129,300,47
129,301,85
129,318,72
129,324,68
129,326,63
129,328,18
129,332,27
129,334,12
129,338,12
129,341,34
129,342,46
129,348,27
129,349,19
129,351,40
129,353,89
129,354,92
129,359,20
129,363,6
129,366,82
129,367,14
129,369,94
129,370,74
129,372,37
129,373,8
129,376,45
129,380,14
129,383,36
129,385,17
129,389,80
129,392,77
129,398,45
129,410,46
129,415,90
129,416,80
129,417,97
129,420,41
129,421,17
129,424,15
129,426,74
129,427,37
129,429,50
129,441,30
129,443,45
129,444,57
129,449,34
129,451,46
129,455,99
129,456,53
129,457,13
129,460,11
129,461,3
129,465,58
129,468,43
129,470,64
129,471,66
129,476,61
129,481,56
129,491,54
129,494,45
129,495,51
129,500,63
129,502,60
129,507,75
129,130,82
130,133,5
130,135,85
130,136,98
130,143,96
130,147,22
130,151,67
130,152,44
130,153,68
130,154,95
130,163,59
130,164,63
130,166,48
130,167,99
130,174,22
130,175,30
130,181,10
130,190,29
130,193,89
130,195,6
130,197,4
130,199,73
130,200,82
130,204,12
130,207,39
130,212,36
130,217,68
130,219,20
130,220,72
130,228,62
130,231,76
130,234,94
130,245,32
130,249,48
130,250,35
130,251,78
130,254,12
130,256,7
130,257,55
130,261,24
130,266,33
130,267,14
130,271,99
130,272,55
130,277,78
130,279,63
130,280,9
130,286,51
130,290,62
130,293,50
130,300,83
130,301,98
130,302,84
130,304,79
130,307,62
130,312,83
130,318,97
130,321,26
130,322,58
130,324,63
130,331,16
130,338,89
130,342,8
130,343,75
130,349,69
130,352,29
130,354,38
130,355,5
130,356,100
130,361,36
130,365,87
130,370,63
130,374,97
130,376,43
130,378,82
130,379,69
130,380,16
130,382,53
130,383,86
130,386,82
130,387,61
130,390,2
130,395,98
130,398,24
130,400,36
130,402,77
130,405,42
130,408,94
130,410,18
130,411,66
130,418,17
130,420,5
130,423,75
130,424,46
130,426,16
130,433,48
130,435,84
130,442,20
130,451,4
130,456,25
130,458,9
130,460,56
130,461,53
130,466,48
130,467,48
130,470,78
130,476,8
130,478,30
130,481,8
130,482,48
130,483,26
130,490,84
130,492,38
130,495,13
130,496,83
130,499,51
130,502,71
130,503,70
130,504,38
130,506,17
130,508,61
130,131,19
131,133,60
131,134,73
131,135,73
131,140,88
131,143,63
131,147,40
131,148,96
131,151,16
131,154,45
131,174,14
131,178,71
131,181,6
131,182,79
131,183,53
131,184,34
131,186,19
131,188,55
131,191,57
131,195,91
131,199,12
131,202,37
131,204,50
131,223,17
131,226,18
131,231,94
131,234,21
131,236,42
131,238,10
131,239,48
131,243,47
131,247,82
131,250,19
131,251,13
131,253,92
131,255,68
131,259,61
131,260,98
131,261,99
131,266,91
131,269,3
131,275,71
131,276,29
131,277,7
131,281,64
131,282,38
131,283,40
131,285,21
131,286,74
131,292,20
131,300,38
131,305,54
131,307,44
131,312,13
131,313,33
131,320,84
131,328,23
131,330,18
131,333,46
131,338,72
131,339,94
131,340,50
131,341,15
131,343,20
131,346,18
131,349,70
131,355,64
131,357,36
131,360,41
131,366,7
131,369,66
131,370,35
131,372,89
131,377,72
131,378,88
131,386,32
131,395,87
131,396,22
131,397,42
131,399,41
131,401,60
131,406,22
131,408,72
131,409,15
131,412,33
131,413,17
131,415,98
131,418,94
131,420,3
131,422,80
131,423,17
131,427,73
131,431,41
131,432,86
131,436,29
131,438,55
131,440,22
131,443,33
131,449,96
131,454,19
131,460,37
131,463,38
131,464,56
131,465,76
131,467,63
131,471,43
131,473,73
131,474,92
131,477,22
131,479,90
131,490,78
131,493,65
131,495,50
131,499,99
131,501,54
131,506,43
131,511,81
131,132,1
132,136,75
132,138,47
132,145,54
132,147,39
132,148,82
132,149,73
132,150,70
132,152,7
132,153,98
132,163,59
132,166,48
132,167,86
132,168,56
132,177,75
132,181,90
132,187,84
132,190,95
132,195,70
132,196,21
132,204,38
132,207,3
132,209,54
132,215,47
132,216,47
132,217,13
132,218,94
132,223,6
132,226,82
132,228,46
132,232,75
132,233,94
132,235,17
132,238,28
132,239,45
132,240,21
132,243,50
132,244,60
132,248,43
132,251,31
132,252,90
132,255,16
132,259,70
132,261,46
132,263,46
132,265,97
132,266,6
132,268,69
132,275,4
132,276,38
132,285,74
132,287,100
132,292,78
132,298,30
132,299,66
132,317,53
132,319,72
132,320,70
132,322,19
132,325,68
132,327,49
132,331,21
132,334,13
132,336,95
132,338,6
132,342,80
132,353,44
132,355,10
132,363,22
132,365,4
132,367,54
132,369,86
132,375,7
132,377,79
132,379,68
132,383,26
132,387,76
132,390,44
132,393,91
132,394,34
132,395,67
132,397,48
132,398,29
132,399,42
132,401,7
132,404,37
132,407,7
132,412,94
132,413,18
132,416,25
132,420,27
132,425,84
132,433,69
132,438,99
132,444,46
132,448,65
132,455,77
132,458,99
132,459,21
132,460,99
132,463,7
132,465,8
132,469,87
132,473,51
132,474,28
132,479,80
132,485,79
132,489,81
132,490,71
132,493,50
132,495,93
132,498,84
132,500,34
132,503,29
132,506,10
132,133,80
133,138,18
133,141,70
133,150,65
133,154,59
133,158,4
133,160,5
133,164,84
133,165,32
133,167,50
133,168,82
133,174,88
133,177,93
133,179,11
133,186,7
133,188,25
133,197,32
133,204,91
133,208,76
133,214,3
133,217,69
133,220,87
133,224,74
133,226,29
133,227,8
133,231,10
133,234,61
133,237,68
133,238,13
133,240,70
133,246,77
133,249,42
133,252,53
133,258,47
133,260,55
133,262,13
133,264,76
133,265,33
133,266,67
133,271,63
133,272,78
133,275,18
133,276,46
133,277,89
133,279,61
133,280,81
133,285,31
133,294,13
133,296,15
133,298,51
133,302,60
133,304,91
133,306,5
133,307,15
133,313,76
133,319,98
133,320,83
133,325,91
133,327,18
133,328,94
133,330,61
133,333,65
133,334,87
133,336,100
133,338,61
133,341,52
133,343,3
133,344,86
133,346,82
133,347,30
133,348,87
133,349,53
133,353,34
133,356,27
133,360,42
133,363,75
133,367,1
133,375,14
133,377,83
133,381,15
133,382,5
133,385,8
133,388,69
133,392,35
133,393,2
133,397,7
133,401,79
133,408,59
133,409,93
133,410,40
133,411,48
133,418,10
133,419,82
133,430,97
133,431,16
133,438,42
133,444,69
133,445,19
133,446,80
133,447,37
133,450,29
133,452,93
133,454,86
133,458,93
133,460,10
133,462,71
133,469,38
133,474,67
133,481,63
133,482,4
133,486,16
133,487,69
133,490,64
133,497,38
133,501,7
133,502,69
133,503,82
133,504,11
133,508,70
133,509,31
133,511,51
133,134,5
134,145,5
134,151,1
134,153,2
134,157,19
134,159,13
134,160,10
134,164,40
134,166,74
134,178,25
134,181,22
134,183,34
134,184,29
134,185,42
134,186,80
134,187,30
134,193,24
134,197,90
134,198,97
134,201,64
134,202,71
134,203,65
134,204,26
134,212,73
134,213,20
134,218,34
134,219,56
134,224,92
134,225,4
134,226,84
134,233,40
134,236,81
134,237,60
134,238,89
134,239,98
134,243,12
134,251,65
134,257,42
134,258,74
134,259,83
134,261,15
134,267,67
134,274,79
134,275,70
134,277,34
134,287,23
134,292,100
134,300,44
134,302,93
134,304,15
134,305,37
134,310,37
134,312,46
134,315,12
134,317,17
134,321,72
134,323,30
134,326,27
134,327,49
134,328,38
134,332,75
134,334,53
134,335,21
134,339,67
134,341,46
134,342,40
134,344,24
134,345,70
134,355,12
134,357,33
134,360,83
134,362,83
134,363,34
134,366,9
134,367,99
134,368,36
134,371,98
134,373,70
134,376,75
134,379,35
134,392,42
134,400,53
134,403,11
134,405,31
134,407,5
134,408,92
134,421,47
134,424,61
134,426,31
134,427,52
134,429,40
134,433,79
134,442,44
134,444,10
134,447,53
134,451,62
134,453,100
134,455,48
134,458,20
134,461,84
134,463,84
134,464,90
134,465,87
134,467,100
134,468,86
134,470,96
134,473,13
134,478,57
134,480,23
134,485,53
134,487,82
134,491,8
134,493,21
134,494,80
134,502,94
134,506,35
134,507,11
134,509,11
134,510,27
134,511,37
134,135,72
135,137,11
135,147,52
135,149,7
135,151,30
135,155,65
135,168,34
135,170,87
135,174,6
135,176,56
135,183,69
135,190,49
135,197,32
135,202,13
135,203,27
135,204,77
135,207,3
135,208,66
135,210,56
135,212,60
135,218,90
135,221,65
135,224,88
135,227,44
135,228,24
135,232,64
135,233,25
135,234,82
135,238,40
135,239,48
135,244,6
135,246,72
135,253,6
135,254,87
135,255,87
135,257,47
135,258,48
135,259,90
135,263,76
135,264,90
135,266,11
135,268,35
135,269,99
135,270,54
135,274,63
135,277,65
135,281,41
135,289,74
135,293,21
135,295,19
135,296,50
135,298,83
135,306,10
135,310,81
135,315,30
135,317,12
135,319,40
135,320,10
135,337,74
135,339,69
135,342,78
135,344,29
135,345,85
135,346,40
135,352,2
135,362,37
135,364,54
135,369,78
135,371,76
135,372,92
135,375,6
135,376,1
135,378,18
135,379,62
135,383,55
135,387,19
135,392,77
135,396,81
135,402,10
135,403,36
135,406,50
135,412,72
135,417,56
135,420,49
135,421,3
135,424,20
135,432,7
135,436,23
135,440,22
135,444,78
135,446,71
135,451,56
135,452,46
135,461,39
135,466,55
135,470,81
135,472,89
135,482,11
135,486,40
135,487,83
135,489,54
135,493,56
135,494,96
135,500,12
135,505,58
135,509,64
135,510,70
135,136,65
136,138,51
136,139,36
136,140,51
136,141,92
136,156,58
136,158,52
136,159,44
136,163,94
136,166,12
136,168,49
136,171,33
136,172,23
136,173,21
136,175,96
136,183,7
136,186,9
136,195,85
136,197,42
136,200,5
136,201,16
136,204,65
136,206,91
136,207,88
136,208,7
136,212,45
136,214,36
136,216,73
136,217,45
136,221,31
136,222,69
136,224,73
136,226,34
136,232,48
136,234,38
136,235,88
136,242,37
136,244,83
136,246,52
136,248,21
136,250,50
136,252,34
136,254,8
136,255,51
136,256,16
136,258,45
136,263,73
136,271,80
136,272,93
136,277,62
136,281,24
136,283,43
136,285,12
136,293,63
136,294,50
136,296,8
136,297,69
136,300,18
136,309,62
136,313,21
136,314,45
136,323,58
136,325,77
136,327,93
136,329,9
136,331,44
136,341,95
136,342,24
136,343,7
136,346,27
136,348,11
136,349,44
136,350,25
136,351,42
136,359,21
136,364,58
136,365,23
136,371,21
136,375,90
136,378,83
136,379,2
136,384,72
136,388,100
136,389,1
136,390,76
136,401,18
136,402,33
136,405,72
136,406,100
136,407,40
136,409,90
136,410,80
136,412,67
136,414,19
136,428,16
136,432,62
136,433,15
136,435,1
136,437,83
136,439,51
136,447,4
136,448,84
136,449,35
136,450,83
136,452,35
136,454,71
136,461,22
136,463,12
136,473,76
136,474,7
136,475,26
136,476,62
136,482,27
136,487,46
136,489,100
136,504,48
136,137,24
137,138,2
137,142,96
137,144,1
137,147,58
137,159,31
137,165,64
137,166,56
137,168,82
137,171,57
137,179,30
137,180,65
137,185,46
137,191,2
137,193,34
137,197,38
137,200,49
137,203,91
137,204,92
137,205,56
137,210,47
137,214,59
137,215,78
137,219,96
137,229,28
137,231,23
137,235,82
137,238,20
137,239,21
137,241,7
137,244,87
137,248,91
137,252,86
137,253,11
137,260,57
137,262,51
137,263,14
137,265,59
137,268,76
137,269,97
137,270,56
137,275,51
137,278,24
137,279,40
137,280,33
137,291,24
137,297,58
137,298,58
137,300,65
137,302,3
137,307,80
137,314,99
137,316,8
137,320,32
137,322,60
137,323,62
137,324,36
137,325,95
137,326,23
137,329,33
137,331,80
137,333,46
137,340,53
137,342,46
137,343,31
137,349,86
137,350,94
137,352,31
137,353,11
137,362,18
137,366,98
137,373,76
137,377,2
137,381,69
137,385,47
137,387,83
137,389,52
137,390,16
137,391,18
137,393,94
137,399,93
137,402,50
137,403,70
137,410,71
137,412,100
137,413,48
137,417,96
137,423,90
137,426,24
137,434,20
137,436,12
137,437,64
137,441,4
137,443,35
137,446,48
137,447,50
137,450,36
137,453,2
137,457,8
137,459,44
137,463,5
137,465,65
137,466,29
137,473,35
137,476,39
137,478,98
137,481,67
137,485,71
137,486,52
137,489,71
137,498,83
137,500,3
137,501,34
137,503,82
137,505,78
137,506,95
137,508,13
137,509,48
138,140,64
138,143,70
138,151,64
138,153,13
138,154,21
138,155,8
138,156,88
138,159,57
138,160,16
138,162,75
138,169,85
138,170,22
138,172,51
138,174,53
138,175,21
138,177,92
138,187,11
138,190,86
138,191,77
138,196,14
138,197,46
138,198,8
138,204,19
138,205,60
138,208,86
138,209,76
138,210,64
138,212,8
138,218,51
138,219,76
138,221,83
138,226,74
138,227,68
138,233,49
138,234,49
138,242,27
138,244,32
138,246,93
138,248,83
138,252,33
138,254,63
138,255,24
138,256,38
138,257,22
138,259,28
138,260,32
138,265,98
138,273,88
138,274,95
138,277,9
138,283,11
138,284,43
138,285,87
138,289,46
138,295,69
138,297,26
138,305,82
138,308,89
138,309,20
138,315,7
138,317,32
138,326,28
138,327,24
138,328,95
138,333,65
138,338,62
138,339,15
138,349,69
138,352,40
138,353,72
138,361,24
138,362,29
138,363,69
138,369,16
138,374,28
138,376,21
138,378,20
138,379,46
138,381,93
138,382,86
138,384,47
138,386,70
138,388,66
138,397,12
138,398,49
138,404,68
138,408,22
138,411,40
138,412,39
138,413,13
138,418,4
138,436,44
138,455,80
138,458,1
138,462,91
138,463,52
138,465,94
138,468,95
138,471,95
138,472,2
138,477,11
138,480,62
138,486,77
138,493,54
138,505,57
138,509,41
138,511,79
138,139,49
139,140,55
139,141,32
139,142,28
139,153,92
139,157,60
139,162,45
139,176,41
139,183,66
139,185,39
139,186,49
139,187,79
139,188,52
139,190,95
139,192,71
139,197,47
139,198,42
139,209,40
139,212,99
139,216,91
139,217,19
139,223,14
139,224,23
139,226,31
139,229,94
139,231,96
139,232,2
139,244,82
139,246,79
139,249,26
139,250,74
139,255,34
139,260,33
139,262,66
139,263,54
139,267,30
139,269,77
139,273,11
139,274,9
139,276,53
139,278,58
139,284,95
139,299,61
139,302,42
139,304,88
139,307,46
139,326,70
139,329,99
139,331,57
139,334,62
139,335,24
139,337,30
139,341,12
139,346,96
139,349,99
139,353,29
139,354,96
139,357,60
139,360,34
139,364,23
139,366,48
139,367,12
139,368,2
139,371,67
139,373,38
139,377,67
139,380,13
139,381,91
139,385,35
139,390,37
139,392,42
139,393,57
139,409,49
139,415,49
139,420,74
139,428,55
139,429,7
139,430,89
139,435,35
139,437,45
139,438,30
139,443,19
139,445,52
139,457,4
139,460,69
139,464,55
139,471,26
139,473,45
139,475,99
139,476,43
139,477,97
139,480,76
139,481,26
139,482,67
139,489,31
139,500,49
139,503,77
139,505,93
139,506,19
139,507,55
140,142,92
140,148,55
140,150,82
140,151,71
140,154,62
140,156,16
140,158,90
140,161,25
140,165,2
140,170,93
140,171,34
140,174,55
140,175,51
140,177,95
140,178,27
140,183,45
140,184,3
140,186,3
140,190,20
140,194,95
140,196,48
140,197,30
140,202,56
140,203,7
140,206,56
140,207,55
140,208,86
140,209,24
140,215,47
140,221,15
140,225,93
140,229,21
140,231,74
140,237,77
140,239,52
140,240,40
140,241,47
140,242,79
140,244,100
140,249,39
140,251,73
140,255,49
140,257,86
140,268,36
140,269,53
140,271,30
140,279,97
140,280,51
140,281,56
140,283,82
140,292,37
140,293,82
140,294,63
140,297,75
140,301,32
140,303,47
140,305,15
140,307,21
140,309,95
140,311,68
140,319,23
140,321,50
140,323,73
140,324,20
140,330,4
140,331,71
140,334,9
140,341,31
140,353,98
140,360,44
140,362,79
140,364,91
140,367,63
140,369,19
140,376,32
140,378,29
140,384,85
140,386,34
140,387,8
140,388,74
140,389,98
140,392,20
140,394,43
140,397,77
140,399,90
140,401,98
140,402,10
140,404,69
140,405,6
140,408,36
140,410,83
140,416,18
140,418,82
140,420,97
140,422,53
140,424,6
140,437,82
140,438,62
140,446,21
140,450,64
140,454,41
140,456,2
140,466,50
140,470,63
140,471,80
140,475,77
140,476,99
140,477,54
140,482,29
140,483,3
140,484,51
140,485,67
140,490,67
140,492,94
140,496,71
140,503,62
140,508,16
140,509,5
140,510,45
140,141,30
141,142,86
141,144,35
141,147,87
141,150,63
141,151,98
141,158,29
141,159,33
141,160,1
141,161,28
141,164,94
141,167,81
141,168,44
141,172,72
141,179,87
141,180,65
141,182,39
141,183,82
141,189,65
141,190,51
141,193,59
141,198,32
141,200,94
141,201,41
141,206,35
141,208,49
141,209,95
141,216,36
141,217,97
141,218,37
141,221,49
141,222,22
141,224,93
141,230,86
141,231,16
141,237,87
141,246,91
141,253,80
141,254,49
141,256,67
141,262,42
141,263,55
141,266,26
141,267,64
141,269,38
141,272,94
141,276,88
141,277,99
141,279,41
141,283,7
141,288,2
141,289,67
141,290,47
141,291,72
141,292,91
141,299,99
141,301,85
141,302,48
141,303,57
141,304,95
141,307,71
141,313,14
141,316,17
141,318,5
141,328,87
141,332,34
141,335,81
141,336,23
141,342,99
141,345,65
141,346,23
141,348,40
141,349,8
141,352,29
141,353,88
141,355,86
141,356,26
141,357,61
141,359,62
141,360,50
141,364,83
141,366,20
141,369,41
141,373,41
141,384,61
141,385,100
141,388,56
141,392,93
141,396,48
141,399,40
141,400,83
141,401,97
141,410,36
141,411,17
141,416,84
141,417,8
141,421,64
141,422,42
141,425,66
141,426,43
141,427,25
141,429,75
141,436,29
141,437,35
141,443,90
141,447,72
141,449,40
141,462,91
141,463,21
141,472,26
141,476,58
141,478,85
141,479,98
141,483,66
141,486,42
141,487,33
141,493,23
141,500,3
141,501,69
141,505,96
141,510,79
142,143,20
142,144,74
142,145,75
142,147,82
142,150,76
142,151,1
142,161,36
142,162,45
142,165,4
142,172,6
142,175,46
142,177,34
142,181,22
142,185,86
142,186,32
142,189,88
142,190,18
142,192,24
142,194,66
142,196,65
142,200,77
142,211,55
142,212,48
142,218,88
142,219,64
142,221,85
142,223,94
142,225,76
142,226,8
142,227,75
142,229,23
142,235,88
142,237,18
142,238,1
142,239,84
142,242,68
142,243,73
142,244,58
142,249,16
142,260,88
142,265,65
142,266,68
142,267,31
142,273,100
142,275,8
142,281,34
142,284,9
142,285,53
142,291,7
142,293,93
142,295,22
142,296,69
142,300,51
142,301,57
142,310,38
142,313,38
142,314,32
142,315,16
142,324,81
142,329,79
142,335,41
142,339,96
142,343,87
142,346,64
142,350,26
142,351,50
142,354,63
142,356,24
142,357,14
142,358,59
142,360,36
142,362,41
142,365,90
142,369,71
142,372,71
142,374,70
142,376,40
142,383,48
142,388,77
142,390,4
142,393,100
142,401,49
142,402,4
142,405,10
142,406,15
142,407,97
142,408,29
142,414,70
142,415,70
142,417,39
142,421,51
142,422,38
142,427,97
142,430,15
142,432,98
142,435,91
142,443,37
142,445,84
142,446,33
142,447,26
142,450,6
142,457,64
142,460,98
142,464,62
142,468,43
142,470,38
142,477,30
142,479,5
142,481,12
142,482,60
142,486,36
142,491,71
142,493,57
142,495,6
142,497,52
142,498,37
142,505,19
142,509,63
142,510,2
142,511,58
143,146,2
143,148,32
143,155,78
143,158,65
143,159,30
143,162,49
143,164,96
143,165,82
143,168,80
143,172,51
143,177,89
143,178,7
143,179,9
143,182,32
143,183,100
143,187,6
143,189,6
143,191,82
143,195,19
143,197,61
143,200,44
143,201,17
143,206,68
143,210,54
143,213,30
143,215,2
143,229,74
143,233,89
143,234,66
143,237,26
143,241,75
143,246,30
143,247,98
143,249,45
143,256,71
143,257,10
143,261,69
143,262,56
143,265,9
143,268,39
143,271,11
143,276,13
143,280,3
143,281,51
143,285,24
143,290,82
143,292,92
143,294,46
143,295,51
143,298,49
143,300,18
143,305,39
143,306,38
143,307,67
143,312,51
143,313,26
143,317,41
143,318,97
143,321,19
143,327,9
143,331,41
143,332,23
143,338,38
143,339,39
143,343,13
143,345,14
143,348,10
143,349,43
143,351,64
143,353,39
143,356,56
143,358,94
143,359,88
143,363,67
143,364,90
143,365,19
143,367,25
143,378,81
143,382,31
143,383,24
143,388,25
143,389,78
143,391,64
143,392,11
143,393,35
143,395,92
143,397,83
143,403,89
143,404,35
143,410,22
143,412,17
143,414,95
143,418,98
143,420,52
143,421,73
143,427,93
143,428,59
143,434,94
143,435,12
143,437,33
143,440,27
143,443,89
143,444,73
143,445,14
143,447,6
143,450,35
143,453,31
143,456,85
143,461,54
143,466,42
143,467,6
143,472,28
143,474,29
143,480,40
143,481,90
143,487,45
143,489,74
143,490,38
143,491,14
143,495,50
143,499,14
143,506,39
143,511,90
143,144,20
144,145,22
144,151,64
144,152,81
144,153,26
144,155,72
144,156,29
144,160,97
144,162,100
144,163,65
144,166,2
144,167,2
144,180,93
144,188,13
144,189,12
144,190,16
144,193,39
144,199,19
144,200,4
144,202,55
144,204,72
144,205,73
144,207,41
144,209,100
144,218,92
144,222,22
144,225,51
144,226,1
144,227,58
144,230,3
144,231,59
144,233,82
144,236,24
144,237,29
144,238,18
144,239,49
144,242,91
144,254,21
144,257,43
144,258,35
144,264,71
144,265,14
144,266,58
144,267,61
144,268,73
144,269,4
144,270,99
144,276,38
144,277,86
144,279,97
144,281,76
144,283,53
144,293,7
144,294,94
144,297,71
144,298,47
144,301,19
144,302,48
144,308,64
144,311,82
144,313,96
144,318,14
144,322,95
144,325,51
144,327,60
144,332,14
144,336,13
144,342,45
144,345,27
144,347,28
144,348,90
144,352,3
144,354,20
144,359,32
144,360,31
144,361,40
144,362,67
144,364,40
144,367,6
144,376,35
144,378,60
144,383,56
144,384,99
144,387,89
144,389,87
144,394,96
144,399,59
144,403,73
144,405,82
144,411,77
144,416,87
144,417,34
144,421,6
144,427,59
144,430,98
144,433,52
144,436,91
144,438,63
144,441,37
144,442,72
144,447,54
144,449,21
144,450,80
144,451,18
144,454,77
144,457,52
144,458,92
144,461,92
144,464,54
144,465,18
144,469,91
144,471,39
144,476,5
144,477,55
144,480,30
144,482,16
144,483,37
144,490,63
144,496,65
144,501,25
145,148,86
145,151,17
145,156,96
145,157,21
145,158,2
145,159,3
145,162,100
145,164,88
145,169,19
145,171,52
145,172,69
145,175,26
145,179,61
145,185,10
145,186,43
145,189,85
145,199,9
145,204,22
145,206,8
145,212,1
145,213,14
145,217,50
145,219,9
145,220,38
145,229,83
145,230,31
145,232,34
145,237,79
145,238,94
145,239,61
145,240,62
145,246,64
145,248,71
145,261,82
145,267,58
145,270,73
145,274,82
145,275,76
145,276,16
145,277,21
145,285,12
145,286,64
145,287,87
145,288,50
145,297,40
145,299,62
145,301,38
145,302,91
145,303,43
145,308,9
145,309,92
145,311,63
145,315,18
145,317,81
145,322,25
145,324,87
145,333,56
145,337,39
145,338,70
145,339,8
145,345,98
145,352,47
145,360,8
145,361,89
145,366,31
145,375,96
145,376,52
145,380,79
145,382,44
145,383,40
145,390,46
145,392,55
145,393,26
145,398,84
145,401,24
145,404,56
145,405,19
145,407,11
145,409,19
145,410,82
145,418,8
145,419,50
145,420,39
145,422,80
145,423,20
145,424,33
145,427,95
145,429,12
145,432,4
145,434,5
145,436,49
145,440,15
145,442,60
145,443,17
145,445,62
145,450,72
145,452,92
145,454,16
145,458,80
145,462,92
145,466,77
145,469,21
145,472,88
145,474,40
145,483,29
145,486,49
145,487,65
145,489,29
145,490,77
145,491,82
145,492,46
145,494,24
145,497,26
145,500,51
145,501,95
145,505,30
145,508,18
145,146,38
146,149,78
146,160,52
146,161,41
146,162,39
146,166,80
146,167,17
146,174,90
146,176,7
146,178,65
146,180,76
146,185,50
146,186,89
146,190,30
146,197,43
146,200,100
146,204,42
146,205,47
146,209,63
146,212,84
146,216,7
146,219,97
146,223,34
146,226,20
146,227,89
146,233,58
146,238,25
146,244,58
146,247,54
146,248,91
146,250,83
146,252,92
146,257,67
146,258,100
146,264,78
146,265,10
146,268,44
146,271,11
146,273,75
146,275,24
146,278,95
146,279,73
146,289,57
146,290,32
146,295,18
146,296,37
146,297,47
146,302,23
146,304,86
146,306,47
146,310,99
146,311,4
146,314,41
146,316,38
146,318,21
146,319,62
146,322,18
146,324,81
146,329,91
146,331,43
146,339,43
146,348,43
146,353,56
146,356,98
146,357,37
146,359,66
146,360,93
146,364,15
146,365,82
146,376,8
146,377,13
146,387,63
146,391,83
146,395,51
146,398,49
146,403,27
146,423,35
146,429,99
146,430,94
146,431,28
146,433,78
146,434,37
146,441,41
146,448,29
146,449,53
146,450,84
146,453,14
146,455,96
146,459,93
146,461,79
146,462,86
146,468,1
146,470,70
146,472,12
146,474,24
146,476,44
146,477,53
146,478,59
146,480,92
146,484,3
146,488,36
146,489,100
146,494,33
146,495,4
146,501,72
146,502,56
146,503,13
146,147,30
147,149,40
147,150,31
147,151,83
147,152,87
147,153,10
147,155,87
147,156,15
147,157,21
147,160,69
147,164,66
147,167,70
147,173,15
147,176,29
147,184,74
147,190,75
147,191,17
147,196,12
147,197,29
147,202,76
147,205,33
147,206,84
147,211,60
147,215,32
147,219,46
147,220,51
147,223,62
147,227,45
147,236,4
147,237,89
147,239,51
147,241,19
147,247,8
147,255,92
147,264,43
147,272,26
147,273,47
147,275,19
147,277,42
147,285,95
147,305,74
147,308,56
147,313,26
147,314,35
147,315,47
147,322,56
147,333,26
147,337,35
147,345,35
147,348,29
147,354,57
147,355,83
147,356,14
147,357,9
147,362,8
147,363,30
147,364,96
147,365,36
147,367,40
147,368,36
147,369,68
147,372,34
147,377,54
147,378,97
147,379,88
147,384,100
147,386,17
147,390,58
147,391,65
147,392,43
147,394,57
147,395,52
147,397,77
147,398,63
147,399,61
147,410,9
147,414,91
147,415,12
147,421,38
147,422,88
147,424,46
147,425,74
147,429,43
147,434,24
147,436,98
147,438,11
147,444,37
147,446,55
147,449,21
147,451,15
147,456,16
147,471,49
147,472,8
147,474,21
147,492,32
147,502,89
147,511,35
147,148,45
148,150,10
148,157,98
148,160,35
148,162,22
148,164,44
148,165,67
148,168,58
148,169,45
148,172,52
148,173,74
148,174,87
148,180,96
148,183,34
148,184,43
148,189,20
148,193,18
148,194,38
148,196,85
148,201,16
148,202,7
148,204,68
148,213,52
148,214,24
148,216,97
148,229,6
148,230,62
148,231,51
148,233,67
148,234,67
148,237,29
148,243,100
148,245,70
148,249,3
148,255,1
148,256,26
148,260,57
148,268,38
148,271,41
148,274,58
148,279,52
148,283,47
148,286,74
148,289,21
148,290,44
148,294,24
148,295,63
148,296,81
148,298,33
148,299,86
148,300,77
148,302,35
148,306,2
148,308,17
148,312,12
148,318,12
148,319,86
148,321,33
148,323,62
148,328,98
148,330,2
148,334,35
148,337,10
148,344,60
148,345,18
148,346,98
148,347,31
148,349,93
148,353,48
148,354,95
148,358,85
148,360,71
148,364,77
148,367,30
148,368,33
148,370,21
148,371,70
148,372,42
148,374,43
148,376,9
148,378,1
148,386,64
148,391,75
148,393,64
148,396,12
148,398,34
148,400,21
148,404,36
148,405,72
148,406,5
148,411,73
148,412,16
148,416,56
148,418,70
148,420,18
148,429,76
148,433,52
148,435,67
148,441,69
148,442,26
148,444,13
148,448,54
148,450,99
148,453,9
148,454,72
148,455,36
148,459,35
148,463,96
148,464,21
148,465,91
148,476,82
148,477,75
148,478,20
148,480,30
148,481,42
148,483,45
148,485,68
148,492,14
148,493,99
148,494,66
148,495,57
148,498,75
148,501,51
148,506,39
148,507,59
148,149,30
149,152,11
149,153,70
149,155,65
149,159,26
149,165,75
149,169,27
149,172,94
149,177,96
149,186,91
149,189,49
149,190,76
149,194,44
149,198,78
149,202,77
149,203,5
149,208,30
149,209,65
149,210,62
149,212,95
149,215,49
149,216,87
149,218,68
149,223,55
149,226,2
149,235,9
149,237,37
149,243,73
149,247,23
149,248,78
149,251,20
149,258,90
149,262,35
149,264,42
149,267,78
149,274,73
149,280,22
149,283,9
149,284,49
149,287,92
149,289,8
149,291,83
149,298,97
149,307,37
149,314,97
149,317,40
149,318,98
149,320,51
149,321,81
149,322,54
149,324,74
149,326,92
149,329,55
149,333,66
149,335,43
149,336,76
149,341,73
149,349,83
149,350,95
149,352,73
149,362,60
149,368,34
149,375,87
149,377,44
149,378,74
149,382,87
149,386,80
149,391,27
149,394,23
149,398,7
149,404,4
149,409,75
149,412,71
149,413,26
149,416,19
149,418,6
149,425,66
149,427,1
149,428,88
149,429,15
149,430,51
149,431,58
149,432,46
149,433,10
149,443,53
149,448,54
149,454,87
149,457,94
149,467,16
149,469,4
149,472,59
149,473,40
149,480,71
149,481,16
149,483,67
149,486,42
149,488,12
149,492,82
149,495,14
149,507,25
149,508,30
149,150,6
150,152,20
150,157,63
150,158,25
150,162,91
150,163,40
150,165,54
150,171,85
150,177,81
150,178,24
150,181,31
150,182,79
150,183,13
150,184,36
150,185,32
150,186,89
150,187,13
150,190,56
150,192,33
150,201,58
150,205,90
150,210,100
150,211,35
150,218,50
150,226,32
150,229,17
150,230,64
150,235,70
150,236,60
150,240,47
150,245,90
150,246,55
150,247,49
150,250,95
150,255,57
150,256,49
150,260,73
150,264,94
150,265,65
150,268,4
150,269,12
150,281,91
150,285,13
150,289,74
150,291,21
150,297,52
150,298,57
150,307,92
150,308,87
150,313,7
150,315,94
150,321,66
150,327,12
150,329,19
150,330,31
150,333,94
150,334,80
150,335,71
150,343,82
150,344,8
150,346,29
150,347,96
150,349,91
150,350,44
150,356,29
150,357,10
150,360,6
150,362,71
150,367,77
150,368,63
150,369,69
150,370,27
150,372,73
150,377,98
150,378,44
150,379,34
150,380,80
150,386,8
150,388,1
150,391,100
150,394,39
150,395,42
150,401,45
150,405,26
150,407,95
150,408,46
150,414,33
150,415,47
150,418,8
150,419,14
150,420,81
150,431,20
150,434,3
150,443,95
150,451,3
150,452,29
150,453,61
150,455,99
150,466,14
150,469,96
150,470,82
150,475,70
150,476,66
150,482,8
150,489,7
150,496,77
150,499,81
150,500,31
150,502,79
150,503,12
150,151,52
151,153,80
151,154,25
151,158,45
151,163,10
151,167,79
151,170,48
151,171,66
151,174,12
151,178,54
151,179,49
151,181,89
151,183,40
151,188,83
151,189,49
151,190,56
151,195,45
151,202,12
151,207,97
151,210,19
151,211,35
151,212,50
151,214,68
151,215,23
151,216,34
151,217,23
151,218,18
151,220,75
151,221,18
151,223,79
151,229,65
151,230,1
151,235,67
151,236,82
151,238,15
151,241,3
151,243,47
151,249,64
151,255,6
151,257,41
151,261,75
151,262,80
151,264,80
151,265,57
151,266,46
151,275,38
151,276,36
151,277,11
151,289,47
151,290,8
151,292,87
151,296,82
151,298,47
151,301,6
151,302,53
151,305,58
151,306,20
151,312,91
151,313,89
151,314,67
151,318,46
151,321,19
151,324,67
151,337,83
151,347,3
151,348,44
151,349,44
151,350,23
151,356,64
151,357,32
151,359,95
151,361,59
151,368,48
151,370,93
151,371,65
151,373,69
151,375,88
151,376,10
151,378,45
151,383,23
151,385,9
151,390,20
151,391,67
151,399,42
151,400,4
151,402,86
151,403,32
151,404,78
151,405,75
151,419,73
151,420,85
151,424,99
151,437,40
151,441,5
151,442,93
151,447,54
151,450,84
151,452,26
151,456,15
151,461,31
151,465,25
151,466,25
151,469,84
151,471,7
151,473,85
151,474,96
151,479,2
151,481,92
151,482,69
151,493,7
151,152,72
152,156,14
152,159,12
152,162,10
152,163,38
152,173,69
152,174,24
152,175,96
152,177,70
152,178,1
152,180,59
152,181,55
152,182,75
152,183,84
152,196,73
152,199,83
152,201,10
152,202,61
152,207,32
152,211,67
152,213,10
152,219,65
152,223,60
152,224,38
152,226,59
152,227,26
152,228,1
152,230,1
152,231,67
152,235,83
152,236,22
152,242,67
152,243,92
152,245,76
152,251,38
152,252,69
152,253,79
152,254,31
152,260,60
152,263,83
152,265,28
152,268,5
152,270,52
152,272,10
152,274,39
152,277,11
152,278,53
152,279,63
152,285,23
152,294,89
152,301,96
152,302,9
152,303,19
152,304,9
152,308,80
152,310,18
152,313,41
152,315,7
152,321,89
152,330,51
152,343,48
152,346,33
152,347,89
152,350,42
152,358,61
152,364,43
152,365,12
152,366,53
152,369,71
152,373,56
152,377,5
152,378,36
152,379,90
152,387,55
152,388,36
152,389,14
152,391,65
152,398,15
152,402,81
152,404,46
152,407,8
152,409,54
152,414,61
152,418,94
152,420,20
152,435,49
152,438,45
152,439,86
152,440,89
152,443,56
152,444,31
152,446,83
152,448,41
152,449,89
152,452,37
152,462,46
152,463,21
152,466,32
152,467,68
152,470,67
152,471,22
152,477,81
152,485,4
152,488,22
152,490,90
152,492,19
152,495,48
152,497,54
152,499,63
152,500,31
152,502,56
152,503,74
152,508,43
152,509,93
152,153,27
153,154,15
153,155,90
153,157,41
153,158,72
153,168,100
153,177,34
153,187,65
153,188,32
153,189,34
153,194,85
153,195,46
153,197,20
153,202,27
153,204,30
153,206,97
153,210,6
153,211,76
153,227,100
153,229,44
153,231,54
153,232,91
153,233,88
153,239,52
153,240,54
153,244,23
153,250,96
153,251,96
153,254,23
153,256,65
153,262,31
153,263,23
153,265,32
153,267,77
153,271,70
153,274,16
153,280,14
153,284,31
153,285,21
153,286,99
153,290,85
153,291,45
153,292,43
153,293,8
153,295,56
153,299,92
153,301,50
153,302,10
153,303,34
153,305,93
153,313,53
153,316,71
153,318,25
153,319,33
153,322,59
153,324,11
153,326,86
153,327,25
153,328,41
153,329,68
153,337,20
153,338,61
153,346,6
153,349,52
153,351,59
153,352,3
153,353,53
153,356,48
153,361,13
153,362,28
153,364,17
153,369,95
153,370,88
153,374,38
153,375,100
153,376,64
153,377,89
153,378,60
153,379,29
153,382,86
153,384,93
153,385,20
153,389,73
153,393,26
153,396,61
153,397,9
153,401,96
153,404,22
153,407,20
153,408,89
153,411,23
153,418,81
153,419,21
153,421,57
153,427,44
153,428,17
153,430,49
153,436,99
153,441,6
153,442,88
153,443,45
153,446,89
153,448,75
153,451,66
153,457,4
153,462,33
153,463,74
153,466,82
153,468,59
153,469,20
153,470,85
153,471,62
153,472,54
153,473,12
153,475,52
153,478,60
153,479,23
153,485,99
153,488,10
153,490,98
153,496,90
153,503,46
154,158,57
154,160,83
154,161,37
154,170,74
154,172,42
154,175,55
154,176,98
154,177,99
154,180,4
154,182,14
154,187,46
154,193,26
154,195,63
154,196,9
154,200,45
154,211,60
154,217,18
154,218,44
154,221,47
154,222,93
154,229,60
154,230,82
154,233,66
154,234,28
154,236,7
154,238,1
154,241,72
154,245,19
154,250,98
154,252,78
154,254,100
154,256,54
154,257,1
154,261,74
154,262,71
154,270,35
154,272,76
154,273,36
154,277,96
154,279,20
154,280,52
154,287,11
154,290,36
154,291,68
154,296,83
154,298,26
154,300,47
154,304,34
154,306,61
154,310,89
154,314,24
154,317,4
154,319,98
154,321,41
154,324,90
154,326,84
154,330,37
154,336,13
154,342,27
154,346,53
154,348,53
154,352,4
154,353,6
154,356,20
154,359,82
154,360,32
154,362,84
154,366,45
154,367,23
154,368,30
154,373,46
154,374,80
154,377,64
154,384,93
154,387,40
154,389,74
154,392,42
154,393,77
154,394,31
154,398,78
154,400,16
154,403,65
154,406,5
154,411,4
154,416,70
154,421,14
154,425,1
154,429,29
154,434,70
154,438,49
154,441,20
154,443,32
154,447,58
154,448,55
154,450,25
154,451,76
154,461,34
154,464,35
154,476,98
154,479,23
154,484,13
154,500,100
154,511,57
154,155,95
155,156,79
155,163,35
155,173,79
155,174,57
155,180,23
155,185,28
155,186,82
155,195,68
155,197,80
155,198,27
155,201,23
155,209,72
155,213,31
155,214,14
155,217,17
155,219,20
155,220,30
155,223,39
155,227,68
155,228,22
155,229,31
155,234,72
155,235,96
155,240,62
155,242,11
155,246,85
155,248,58
155,253,92
155,254,72
155,261,32
155,265,46
155,267,42
155,269,87
155,276,43
155,281,43
155,284,94
155,285,13
155,301,32
155,306,91
155,309,16
155,312,43
155,313,9
155,317,52
155,323,99
155,326,35
155,329,77
155,332,93
155,335,31
155,336,59
155,337,41
155,342,43
155,344,6
155,345,26
155,349,70
155,350,56
155,352,2
155,355,95
155,358,69
155,359,68
155,361,15
155,366,78
155,367,71
155,368,89
155,369,81
155,370,24
155,372,34
155,373,29
155,378,53
155,380,16
155,381,50
155,386,85
155,393,94
155,394,43
155,396,83
155,398,44
155,403,11
155,410,67
155,411,97
155,412,23
155,416,39
155,419,49
155,420,24
155,421,17
155,425,74
155,426,68
155,432,23
155,433,92
155,434,18
155,435,38
155,439,100
155,440,15
155,448,7
155,449,63
155,458,20
155,461,12
155,462,58
155,463,19
155,465,38
155,467,52
155,471,55
155,474,84
155,476,50
155,477,62
155,478,25
155,479,91
155,484,46
155,485,25
155,491,74
155,492,93
155,495,67
155,496,95
155,501,40
155,502,56
155,507,46
155,510,92
155,511,44
156,160,49
156,165,89
156,167,74
156,168,25
156,169,22
156,174,53
156,176,18
156,177,91
156,179,24
156,182,19
156,185,10
156,188,78
156,191,53
156,192,67
156,194,36
156,196,31
156,197,70
156,200,72
156,202,31
156,203,1
156,204,68
156,205,54
156,208,62
156,214,32
156,216,30
156,217,92
156,218,12
156,221,6
156,223,11
156,224,7
156,225,44
156,231,1
156,234,37
156,235,71
156,245,98
156,246,33
156,247,87
156,248,28
156,250,67
156,254,43
156,256,22
156,260,55
156,271,15
156,272,32
156,274,75
156,276,90
156,279,27
156,283,3
156,285,98
156,288,90
156,296,37
156,298,37
156,303,94
156,306,32
156,308,21
156,312,20
156,323,41
156,324,37
156,325,29
156,327,9
156,328,39
156,329,96
156,331,12
156,332,41
156,336,65
156,338,69
156,339,67
156,343,72
156,348,84
156,349,23
156,356,45
156,357,44
156,366,90
156,367,16
156,370,61
156,374,70
156,378,80
156,382,9
156,383,94
156,384,10
156,386,73
156,387,61
156,395,86
156,404,47
156,408,70
156,410,35
156,412,45
156,424,2
156,427,91
156,429,28
156,432,88
156,435,13
156,442,50
156,452,85
156,453,34
156,454,87
156,458,25
156,462,29
156,468,14
156,476,51
156,489,72
156,490,40
156,495,88
156,502,35
156,506,68
156,507,36
156,157,24
157,162,2
157,163,40
157,165,80
157,166,23
157,168,8
157,171,78
157,181,90
157,189,51
157,190,7
157,191,10
157,192,15
157,196,89
157,205,52
157,206,3
157,208,83
157,213,94
157,219,90
157,220,100
157,224,17
157,225,12
157,227,65
157,228,32
157,229,9
157,232,7
157,234,64
157,241,92
157,242,71
157,245,91
157,258,47
157,259,84
157,263,44
157,265,86
157,269,31
157,270,72
157,272,53
157,274,12
157,275,48
157,280,50
157,282,47
157,283,70
157,287,8
157,288,62
157,289,68
157,292,80
157,296,65
157,305,52
157,311,63
157,312,26
157,314,59
157,315,63
157,316,79
157,319,27
157,323,23
157,325,2
157,327,70
157,330,28
157,332,73
157,333,46
157,335,7
157,342,88
157,343,78
157,347,62
157,351,18
157,357,34
157,359,62
157,363,21
157,364,15
157,372,33
157,375,82
157,383,9
157,384,13
157,385,37
157,387,91
157,389,31
157,391,17
157,396,55
157,400,75
157,401,79
157,405,13
157,406,12
157,407,28
157,408,86
157,409,6
157,414,24
157,416,98
157,419,9
157,420,28
157,422,44
157,428,95
157,437,30
157,438,7
157,440,1
157,443,43
157,445,90
157,448,100
157,450,17
157,451,77
157,452,35
157,457,1
157,458,10
157,462,9
157,466,52
157,467,27
157,470,15
157,474,4
157,476,5
157,477,82
157,478,74
157,479,61
157,482,70
157,486,4
157,492,83
157,493,25
157,498,97
157,506,29
157,158,62
158,159,13
158,163,54
158,166,21
158,170,24
158,175,23
158,177,89
158,178,26
158,180,90
158,181,9
158,195,76
158,196,33
158,199,88
158,203,30
158,205,34
158,206,92
158,208,78
158,213,88
158,218,3
158,220,14
158,221,34
158,224,31
158,225,87
158,231,65
158,233,58
158,234,80
158,236,86
158,237,23
158,241,2
158,242,5
158,243,48
158,246,59
158,248,74
158,249,2
158,253,76
158,254,48
158,255,65
158,258,46
158,264,59
158,269,5
158,274,72
158,278,54
158,279,84
158,291,91
158,292,84
158,295,41
158,298,27
158,300,57
158,309,87
158,310,18
158,312,97
158,329,43
158,331,89
158,333,91
158,335,77
158,337,72
158,341,16
158,351,55
158,353,82
158,360,38
158,363,17
158,364,48
158,366,36
158,369,62
158,374,74
158,378,18
158,379,33
158,384,25
158,386,4
158,388,85
158,391,56
158,393,63
158,396,14
158,401,99
158,403,69
158,407,43
158,419,93
158,420,84
158,425,52
158,426,96
158,428,56
158,431,78
158,434,78
158,435,52
158,437,50
158,442,21
158,445,62
158,446,92
158,447,48
158,456,1
158,459,96
158,463,11
158,464,36
158,472,69
158,474,82
158,477,61
158,481,63
158,483,58
158,484,98
158,490,14
158,492,78
158,497,77
158,504,90
158,506,18
158,508,28
158,509,78
159,161,22
159,167,15
159,168,16
159,172,4
159,173,12
159,179,98
159,182,73
159,183,19
159,187,74
159,190,93
159,199,73
159,200,93
159,201,31
159,203,34
159,204,46
159,206,28
159,208,75
159,209,74
159,210,71
159,211,21
159,213,94
159,215,79
159,217,70
159,222,49
159,225,15
159,232,29
159,234,60
159,238,75
159,246,93
159,250,56
159,252,59
159,254,1
159,255,100
159,259,17
159,260,54
159,261,54
159,263,54
159,264,56
159,270,14
159,272,27
159,275,72
159,286,32
159,287,26
159,289,52
159,290,99
159,291,55
159,298,47
159,300,32
159,302,26
159,304,69
159,305,1
159,310,31
159,313,33
159,323,23
159,325,50
159,331,77
159,333,74
159,339,93
159,342,86
159,343,22
159,351,17
159,352,8
159,353,9
159,359,58
159,362,35
159,365,68
159,370,23
159,381,41
159,390,4
159,391,98
159,392,98
159,393,21
159,397,16
159,404,12
159,405,36
159,407,95
159,410,82
159,412,51
159,415,37
159,424,63
159,425,67
159,426,49
159,430,90
159,433,90
159,436,34
159,437,67
159,439,6
159,440,32
159,441,47
159,442,70
159,447,62
159,449,61
159,450,45
159,454,16
159,463,61
159,466,46
159,475,12
159,477,63
159,478,92
159,479,19
159,482,65
159,483,29
159,485,90
159,491,54
159,492,55
159,496,71
159,507,28
159,511,77
159,160,23
160,162,11
160,164,2
160,165,79
160,168,96
160,170,5
160,175,76
160,180,55
160,181,88
160,188,63
160,195,40
160,197,56
160,199,6
160,200,71
160,206,41
160,207,21
160,212,17
160,215,2
160,218,88
160,219,73
160,226,35
160,227,17
160,228,69
160,231,31
160,237,8
160,238,15
160,242,28
160,247,23
160,249,86
160,250,98
160,256,43
160,260,33
160,261,47
160,263,52
160,264,27
160,265,90
160,270,21
160,276,59
160,280,58
160,281,29
160,286,41
160,289,26
160,290,36
160,292,53
160,295,47
160,297,37
160,299,36
160,300,74
160,303,71
160,305,98
160,307,80
160,308,73
160,318,13
160,327,97
160,328,66
160,339,50
160,342,19
160,343,85
160,350,39
160,354,72
160,357,62
160,363,16
160,371,49
160,372,49
160,375,83
160,379,33
160,384,37
160,390,10
160,391,35
160,392,57
160,413,75
160,416,95
160,421,79
160,427,92
160,429,28
160,430,56
160,432,41
160,442,25
160,445,81
160,446,74
160,451,55
160,454,16
160,456,72
160,458,98
160,461,27
160,464,26
160,466,78
160,467,59
160,471,59
160,472,88
160,474,97
160,475,42
160,476,73
160,479,26
160,480,64
160,481,30
160,483,1
160,488,7
160,490,89
160,492,18
160,496,75
160,500,23
160,503,57
160,509,10
160,511,21
160,161,37
161,162,81
161,163,30
161,165,61
161,166,23
161,168,13
161,169,33
161,178,21
161,182,90
161,184,75
161,186,44
161,190,2
161,193,51
161,197,89
161,200,28
161,201,24
161,206,3
161,208,84
161,209,94
161,210,64
161,218,20
161,220,72
161,237,78
161,238,76
161,239,90
161,240,29
161,242,98
161,251,12
161,253,69
161,257,28
161,261,76
161,263,74
161,268,9
161,271,94
161,272,69
161,274,45
161,276,51
161,282,78
161,289,53
161,290,98
161,295,78
161,298,13
161,301,40
161,306,31
161,311,76
161,312,79
161,314,17
161,316,94
161,319,53
161,320,15
161,327,78
161,328,63
161,336,28
161,340,77
161,342,13
161,344,39
161,346,25
161,350,75
161,352,90
161,356,32
161,358,99
161,359,54
161,360,93
161,363,28
161,365,77
161,369,64
161,373,74
161,376,71
161,377,27
161,380,96
161,381,35
161,388,35
161,390,30
161,393,70
161,398,53
161,402,95
161,403,93
161,404,24
161,406,39
161,407,65
161,413,39
161,417,74
161,418,2
161,420,64
161,423,17
161,426,49
161,427,16
161,428,84
161,433,46
161,434,94
161,436,87
161,437,89
161,438,52
161,439,43
161,441,11
161,444,97
161,447,89
161,456,8
161,458,51
161,466,12
161,467,37
161,468,18
161,478,28
161,482,30
161,484,70
161,485,46
161,491,17
161,492,76
161,493,28
161,496,64
161,497,92
161,500,92
161,502,73
161,505,27
161,509,20
161,511,63
162,168,61
162,171,17
162,173,10
162,179,23
162,180,53
162,191,10
162,194,62
162,196,9
162,197,17
162,198,76
162,199,32
162,203,53
162,207,9
162,210,54
162,211,69
162,212,38
162,214,8
162,216,8
162,224,100
162,228,71
162,229,55
162,230,74
162,232,48
162,236,25
162,241,27
162,242,68
162,247,21
162,252,49
162,253,30
162,258,37
162,261,7
162,263,88
162,264,35
162,269,68
162,276,42
162,279,12
162,282,55
162,285,89
162,286,79
162,289,99
162,290,52
162,298,43
162,304,56
162,305,86
162,307,59
162,309,82
162,310,77
162,312,78
162,314,6
162,315,16
162,316,67
162,317,65
162,318,8
162,319,39
162,320,56
162,328,26
162,342,8
162,343,78
162,345,68
162,349,70
162,358,79
162,360,77
162,367,71
162,373,78
162,375,13
162,385,80
162,386,63
162,389,91
162,392,48
162,394,26
162,399,38
162,400,95
162,401,75
162,404,77
162,405,29
162,406,34
162,408,35
162,409,5
162,410,46
162,413,7
162,414,37
162,415,67
162,418,45
162,421,24
162,425,79
162,427,81
162,431,37
162,432,75
162,434,85
162,436,30
162,438,24
162,440,83
162,445,23
162,447,19
162,449,73
162,451,96
162,457,54
162,463,72
162,464,55
162,468,14
162,471,29
162,478,97
162,480,96
162,481,9
162,487,35
162,489,54
162,492,48
162,493,89
162,504,12
162,508,7
162,510,67
162,511,57
162,163,96
163,167,51
163,171,60
163,173,36
163,188,58
163,190,34
163,193,50
163,194,38
163,198,4
163,199,83
163,201,96
163,212,43
163,218,3
163,221,91
163,228,98
163,229,62
163,231,13
163,235,83
163,236,63
163,238,64
163,241,91
163,243,66
163,246,2
163,247,86
163,248,54
163,252,46
163,254,10
163,256,72
163,258,44
163,259,96
163,261,88
163,262,19
163,263,61
163,270,85
163,271,41
163,275,32
163,279,62
163,280,52
163,281,12
163,288,18
163,291,30
163,297,88
163,300,85
163,301,62
163,306,19
163,311,64
163,312,2
163,314,18
163,315,23
163,317,9
163,319,7
163,321,54
163,332,55
163,343,3
163,346,66
163,347,26
163,348,91
163,352,16
163,354,81
163,365,45
163,369,32
163,370,36
163,380,52
163,381,34
163,385,87
163,386,19
163,387,39
163,404,55
163,405,12
163,406,82
163,408,99
163,415,39
163,426,3
163,427,4
163,430,2
163,431,98
163,434,6
163,435,60
163,438,17
163,440,46
163,441,100
163,442,19
163,445,44
163,447,61
163,449,5
163,450,21
163,452,39
163,457,68
163,465,57
163,471,75
163,475,29
163,477,27
163,486,99
163,490,47
163,492,65
163,497,77
163,500,93
163,505,20
163,507,53
163,510,34
163,164,20
164,165,84
164,166,92
164,168,13
164,174,82
164,175,6
164,176,88
164,178,75
164,186,65
164,195,44
164,197,39
164,200,35
164,202,89
164,203,18
164,208,44
164,211,10
164,214,50
164,216,30
164,232,32
164,233,81
164,238,64
164,245,24
164,253,46
164,258,41
164,261,66
164,262,50
164,266,6
164,269,8
164,273,58
164,275,43
164,278,33
164,279,9
164,282,61
164,287,32
164,290,59
164,297,11
164,300,46
164,301,78
164,304,63
164,316,10
164,317,33
164,321,38
164,326,51
164,331,61
164,334,90
164,337,10
164,339,29
164,347,55
164,352,85
164,356,42
164,362,73
164,366,80
164,367,41
164,368,56
164,369,77
164,370,57
164,372,94
164,373,68
164,374,92
164,379,9
164,380,12
164,381,60
164,383,7
164,389,77
164,391,52
164,395,52
164,400,53
164,402,57
164,407,24
164,409,3
164,416,29
164,432,32
164,433,30
164,441,52
164,445,26
164,449,11
164,451,65
164,452,78
164,455,93
164,460,52
164,463,37
164,464,9
164,470,66
164,474,100
164,479,67
164,480,40
164,484,64
164,485,69
164,486,34
164,491,75
164,502,7
164,503,14
164,504,46
164,505,89
164,507,21
164,508,74
164,509,85
164,510,26
165,166,82
165,174,79
165,178,54
165,180,12
165,181,20
165,183,10
165,190,67
165,191,69
165,192,49
165,193,72
165,197,5
165,205,37
165,207,3
165,208,5
165,211,38
165,213,28
165,216,73
165,217,2
165,218,51
165,222,59
165,225,9
165,228,14
165,230,72
165,232,5
165,240,69
165,242,61
165,244,16
165,251,8
165,252,1
165,253,66
165,255,66
165,258,74
165,259,74
165,274,38
165,285,29
165,291,19
165,293,42
165,295,91
165,297,90
165,301,74
165,302,91
165,303,29
165,305,22
165,306,54
165,310,17
165,316,82
165,329,68
165,333,67
165,340,19
165,342,13
165,345,62
165,349,48
165,350,76
165,351,66
165,356,94
165,361,78
165,362,84
165,363,18
165,364,78
165,367,52
165,370,71
165,371,22
165,377,82
165,378,29
165,381,73
165,382,20
165,388,2
165,396,60
165,398,89
165,399,84
165,402,31
165,404,35
165,405,96
165,408,77
165,411,78
165,413,31
165,417,17
165,426,32
165,429,57
165,434,49
165,439,54
165,440,47
165,444,12
165,448,14
165,451,50
165,453,65
165,455,5
165,456,15
165,462,27
165,463,21
165,464,37
165,468,56
165,469,3
165,475,60
165,477,11
165,478,86
165,480,83
165,482,26
165,485,90
165,486,58
165,494,94
165,495,79
165,496,90
165,500,46
165,502,38
165,503,94
165,510,97
166,169,38
166,170,52
166,173,5
166,174,39
166,178,2
166,179,4
166,180,36
166,184,57
166,185,79
166,186,67
166,191,7
166,193,97
166,196,99
166,197,91
166,198,78
166,202,34
166,203,58
166,206,3
166,210,5
166,211,99
166,212,73
166,215,49
166,221,6
166,230,10
166,233,79
166,236,53
166,241,15
166,243,78
166,245,5
166,247,18
166,250,7
166,251,17
166,257,92
166,258,12
166,259,10
166,266,55
166,267,9
166,271,54
166,279,17
166,281,43
166,286,14
166,288,83
166,292,18
166,297,79
166,298,67
166,300,71
166,307,33
166,312,36
166,313,67
166,321,76
166,322,40
166,324,42
166,329,69
166,330,64
166,331,72
166,334,11
166,336,60
166,337,47
166,341,73
166,354,41
166,357,2
166,364,100
166,372,22
166,377,87
166,380,42
166,382,87
166,384,72
166,385,8
166,388,24
166,389,7
166,394,40
166,397,78
166,409,80
166,412,11
166,413,22
166,415,77
166,416,61
166,418,87
166,420,62
166,433,86
166,446,66
166,447,28
166,449,12
166,452,5
166,454,46
166,457,70
166,465,15
166,466,60
166,472,28
166,476,84
166,482,39
166,483,94
166,484,10
166,485,58
166,489,88
166,490,94
166,494,1
166,496,55
166,497,28
166,500,55
166,501,98
166,503,13
166,509,59
166,167,81
167,168,6
167,177,61
167,189,73
167,190,99
167,191,6
167,192,90
167,196,15
167,199,34
167,200,3
167,203,66
167,204,16
167,210,78
167,213,6
167,224,60
167,230,41
167,233,68
167,234,4
167,235,23
167,243,75
167,245,12
167,248,62
167,250,37
167,252,53
167,256,54
167,261,32
167,262,2
167,277,64
167,279,73
167,282,20
167,286,68
167,288,66
167,295,71
167,296,77
167,297,92
167,299,81
167,302,65
167,303,75
167,309,53
167,310,49
167,311,44
167,315,71
167,326,61
167,327,28
167,331,37
167,338,100
167,342,74
167,343,99
167,348,25
167,356,15
167,368,26
167,370,81
167,373,11
167,375,74
167,378,84
167,386,87
167,387,3
167,399,6
167,400,71
167,402,8
167,404,69
167,406,3
167,407,33
167,410,71
167,415,29
167,416,52
167,424,59
167,427,49
167,433,1
167,440,47
167,442,94
167,457,26
167,458,53
167,462,77
167,463,24
167,466,97
167,468,64
167,470,52
167,472,48
167,480,5
167,482,96
167,483,88
167,486,16
167,489,57
167,490,99
167,492,18
167,493,6
167,494,70
167,495,41
167,496,15
167,497,52
167,498,9
167,504,74
167,511,66
168,169,47
168,170,15
168,173,13
168,175,81
168,178,27
168,181,61
168,183,50
168,184,95
168,185,66
168,188,11
168,189,45
168,193,12
168,196,40
168,200,37
168,202,23
168,208,49
168,209,100
168,212,94
168,215,77
168,220,85
168,223,42
168,225,14
168,226,37
168,227,67
168,228,89
168,233,90
168,237,93
168,238,66
168,247,21
168,253,30
168,255,54
168,257,41
168,259,49
168,262,12
168,265,9
168,266,12
168,271,22
168,276,23
168,282,27
168,286,14
168,289,75
168,292,20
168,298,50
168,303,77
168,306,43
168,307,11
168,308,86
168,312,83
168,314,22
168,319,29
168,320,5
168,323,23
168,324,51
168,327,86
168,334,44
168,338,49
168,341,52
168,346,81
168,347,31
168,350,28
168,353,57
168,355,43
168,361,20
168,362,7
168,363,40
168,367,86
168,375,36
168,379,1
168,380,63
168,381,50
168,384,48
168,385,4
168,386,68
168,388,62
168,392,97
168,394,37
168,396,96
168,407,79
168,410,43
168,412,58
168,420,34
168,422,3
168,426,47
168,427,13
168,434,67
168,435,69
168,436,52
168,440,35
168,441,98
168,443,96
168,453,59
168,454,19
168,455,5
168,456,66
168,458,96
168,462,34
168,470,30
168,474,16
168,475,13
168,483,74
168,491,31
168,502,24
168,507,40
168,509,34
168,511,89
169,171,4
169,174,35
169,175,12
169,179,40
169,180,50
169,192,69
169,194,33
169,195,30
169,196,9
169,197,14
169,200,80
169,202,66
169,203,22
169,204,70
169,205,90
169,209,43
169,215,67
169,219,97
169,220,3
169,225,42
169,227,33
169,228,58
169,230,6
169,234,19
169,235,2
169,238,49
169,251,66
169,252,29
169,253,68
169,254,12
169,257,87
169,259,24
169,265,18
169,270,56
169,279,49
169,285,85
169,286,25
169,287,66
169,288,25
169,293,90
169,295,54
169,298,83
169,299,39
169,303,79
169,305,38
169,309,46
169,310,91
169,311,11
169,315,85
169,316,38
169,320,27
169,321,5
169,327,28
169,329,65
169,331,30
169,332,2
169,337,30
169,338,91
169,341,60
169,343,80
169,344,84
169,351,45
169,360,93
169,361,20
169,362,30
169,363,10
169,364,31
169,370,7
169,375,83
169,376,44
169,378,26
169,380,30
169,381,71
169,382,76
169,386,27
169,389,97
169,391,53
169,393,44
169,396,11
169,398,95
169,399,100
169,406,91
169,407,35
169,411,29
169,412,85
169,417,92
169,427,2
169,430,91
169,432,67
169,433,5
169,434,80
169,436,38
169,439,75
169,440,90
169,441,46
169,445,34
169,447,76
169,456,51
169,457,75
169,459,84
169,462,59
169,463,82
169,477,4
169,478,77
169,481,46
169,482,47
169,494,38
169,500,61
169,502,97
169,506,19
169,507,79
169,509,43
169,170,20
170,175,91
170,178,76
170,179,52
170,184,41
170,185,16
170,191,97
170,194,73
170,199,55
170,200,27
170,205,79
170,206,78
170,209,13
170,211,35
170,212,40
170,213,63
170,220,86
170,222,15
170,234,59
170,237,16
170,239,29
170,242,41
170,243,64
170,245,34
170,247,27
170,252,75
170,255,72
170,257,46
170,259,13
170,262,16
170,266,100
170,270,21
170,278,25
170,280,91
170,288,46
170,290,90
170,292,41
170,298,30
170,299,59
170,300,17
170,301,9
170,304,76
170,313,51
170,314,42
170,317,68
170,319,38
170,321,71
170,324,93
170,327,8
170,338,40
170,342,84
170,343,66
170,347,90
170,348,72
170,354,52
170,356,7
170,360,100
170,366,63
170,371,58
170,377,71
170,381,32
170,390,56
170,395,41
170,396,70
170,411,81
170,413,53
170,415,64
170,421,32
170,425,61
170,426,66
170,428,42
170,432,77
170,433,2
170,437,7
170,438,42
170,441,100
170,442,74
170,447,6
170,449,86
170,450,92
170,459,69
170,460,97
170,462,69
170,467,16
170,468,72
170,471,84
170,474,40
170,478,17
170,485,39
170,493,89
170,500,49
170,503,45
170,504,6
170,506,37
170,511,32
170,171,87
171,177,50
171,180,24
171,181,89
171,186,4
171,192,26
171,193,31
171,202,7
171,205,72
171,207,52
171,210,92
171,212,48
171,213,21
171,217,82
171,219,5
171,220,42
171,223,68
171,224,20
171,225,93
171,227,49
171,230,79
171,231,83
171,236,88
171,237,1
171,251,30
171,252,12
171,255,47
171,262,87
171,265,44
171,268,50
171,274,58
171,288,33
171,296,13
171,297,21
171,302,92
171,305,11
171,306,90
171,307,17
171,312,27
171,314,7
171,317,98
171,323,4
171,324,42
171,325,68
171,328,17
171,332,57
171,334,26
171,335,50
171,342,12
171,347,24
171,349,38
171,351,18
171,354,40
171,355,32
171,357,73
171,358,71
171,363,62
171,364,84
171,377,52
171,381,13
171,382,89
171,383,12
171,389,96
171,394,83
171,395,94
171,396,14
171,399,31
171,400,36
171,403,69
171,407,74
171,408,93
171,410,80
171,412,4
171,416,15
171,424,92
171,432,79
171,435,69
171,436,23
171,441,83
171,442,56
171,443,86
171,444,85
171,445,58
171,448,61
171,449,80
171,452,22
171,453,49
171,454,96
171,457,29
171,458,39
171,460,22
171,461,84
171,462,38
171,463,18
171,464,2
171,465,72
171,468,70
171,472,56
171,473,69
171,480,22
171,483,94
171,486,14
171,491,5
171,493,86
171,495,18
171,498,52
171,500,69
171,502,14
171,505,69
171,511,28
171,172,87
172,176,97
172,179,20
172,180,13
172,181,2
172,184,11
172,187,82
172,188,19
172,191,4
172,193,99
172,195,10
172,198,49
172,199,8
172,201,28
172,202,100
172,205,22
172,206,59
172,208,71
172,209,52
172,212,56
172,216,45
172,224,36
172,244,50
172,246,31
172,248,52
172,249,93
172,253,31
172,257,40
172,260,90
172,263,77
172,274,35
172,275,56
172,279,45
172,284,39
172,297,55
172,300,92
172,301,13
172,305,9
172,312,50
172,313,90
172,314,81
172,318,31
172,319,12
172,321,24
172,324,66
172,330,36
172,333,18
172,335,40
172,341,6
172,344,82
172,350,41
172,352,90
172,353,33
172,357,26
172,358,7
172,360,4
172,363,70
172,373,71
172,378,71
172,381,77
172,383,19
172,392,51
172,399,85
172,400,64
172,403,2
172,405,50
172,407,78
172,408,30
172,413,55
172,416,17
172,421,96
172,423,42
172,424,32
172,431,41
172,432,36
172,433,11
172,434,87
172,435,7
172,436,12
172,443,2
172,448,68
172,456,25
172,458,20
172,459,61
172,463,7
172,470,47
172,472,40
172,474,16
172,475,25
172,482,100
172,483,13
172,484,98
172,486,79
172,490,81
172,492,31
172,494,59
172,498,20
172,504,27
172,507,96
172,511,6
172,173,28
173,177,18
173,180,17
173,184,29
173,189,79
173,193,92
173,198,3
173,199,31
173,200,86
173,202,94
173,207,4
173,208,95
173,211,83
173,217,51
173,225,84
173,233,84
173,235,59
173,236,35
173,243,72
173,244,11
173,245,39
173,249,61
173,252,69
173,255,32
173,257,2
173,258,63
173,265,92
173,271,58
173,279,84
173,282,80
173,291,30
173,297,88
173,303,92
173,311,70
173,312,23
173,315,63
173,319,79
173,321,48
173,323,26
173,324,95
173,329,6
173,330,85
173,331,77
173,339,29
173,341,63
173,346,12
173,347,92
173,357,9
173,360,90
173,363,1
173,369,23
173,375,81
173,377,84
173,380,99
173,381,84
173,383,64
173,389,77
173,402,71
173,406,23
173,411,77
173,418,8
173,419,50
173,421,59
173,425,38
173,426,81
173,429,11
173,432,83
173,435,68
173,438,58
173,439,44
173,440,98
173,442,78
173,443,8
173,444,33
173,445,49
173,446,20
173,452,86
173,457,100
173,459,25
173,461,9
173,466,73
173,472,58
173,479,4
173,488,46
173,492,78
173,501,24
173,502,100
173,505,17
173,509,82
173,174,2
174,176,42
174,178,25
174,179,52
174,184,19
174,193,41
174,194,56
174,202,75
174,205,51
174,208,62
174,209,45
174,212,12
174,213,18
174,216,79
174,220,30
174,222,15
174,225,9
174,228,58
174,229,21
174,230,94
174,232,45
174,236,41
174,238,26
174,243,56
174,250,96
174,252,70
174,254,94
174,259,22
174,263,26
174,271,68
174,277,16
174,284,96
174,292,49
174,297,62
174,301,97
174,305,10
174,312,28
174,313,13
174,317,47
174,318,62
174,319,25
174,321,70
174,327,54
174,330,94
174,333,56
174,335,39
174,339,72
174,353,82
174,359,51
174,372,87
174,376,55
174,380,64
174,381,56
174,384,19
174,386,15
174,391,36
174,392,74
174,400,90
174,401,99
174,404,38
174,407,85
174,408,37
174,415,10
174,416,58
174,421,53
174,422,97
174,424,32
174,427,26
174,429,78
174,431,43
174,432,62
174,433,42
174,437,61
174,438,51
174,440,95
174,442,58
174,447,56
174,448,6
174,451,32
174,456,15
174,458,93
174,464,81
174,476,88
174,477,76
174,487,99
174,490,35
174,492,55
174,493,29
174,494,60
174,496,18
174,499,33
174,501,86
174,505,80
174,506,80
174,510,12
174,175,30
175,180,30
175,187,90
175,191,9
175,192,60
175,194,64
175,196,50
175,198,31
175,202,63
175,203,48
175,204,36
175,205,98
175,208,87
175,209,16
175,221,37
175,226,80
175,228,17
175,230,4
175,231,40
175,235,13
175,245,26
175,248,93
175,249,77
175,251,82
175,262,37
175,266,49
175,269,31
175,271,48
175,274,71
175,275,99
175,277,3
175,278,65
175,283,58
175,284,54
175,286,78
175,287,83
175,290,21
175,293,89
175,295,6
175,296,90
175,301,49
175,302,3
175,303,16
175,305,20
175,308,2
175,309,69
175,311,13
175,312,43
175,318,47
175,322,52
175,323,79
175,331,80
175,335,34
175,340,50
175,344,23
175,345,73
175,347,66
175,348,33
175,352,12
175,354,97
175,359,92
175,373,62
175,376,82
175,379,6
175,381,7
175,383,7
175,388,77
175,390,99
175,397,33
175,398,14
175,400,47
175,401,23
175,406,74
175,407,41
175,411,92
175,416,60
175,418,2
175,428,42
175,432,62
175,434,52
175,445,11
175,447,96
175,457,38
175,458,50
175,461,29
175,464,8
175,469,96
175,470,20
175,471,40
175,472,38
175,485,38
175,493,77
175,494,25
175,497,38
175,500,96
175,502,5
175,503,44
175,505,33
175,176,7
176,179,50
176,181,61
176,182,92
176,191,73
176,192,82
176,196,85
176,197,72
176,201,26
176,203,67
176,204,72
176,205,3
176,206,54
176,209,14
176,210,28
176,211,43
176,212,81
176,214,91
176,218,49
176,221,85
176,225,10
176,226,58
176,236,95
176,242,95
176,245,75
176,249,51
176,256,79
176,264,72
176,281,84
176,285,67
176,288,68
176,289,74
176,290,77
176,293,52
176,294,36
176,301,21
176,302,97
176,304,25
176,305,28
176,307,99
176,308,2
176,309,27
176,310,88
176,312,65
176,313,29
176,314,13
176,319,9
176,323,65
176,329,8
176,332,33
176,333,87
176,340,15
176,346,48
176,348,46
176,349,49
176,352,70
176,353,70
176,356,98
176,358,93
176,359,81
176,364,22
176,365,71
176,366,45
176,371,51
176,374,92
176,376,76
176,379,96
176,381,77
176,384,6
176,393,64
176,396,72
176,399,23
176,401,94
176,409,25
176,414,30
176,419,20
176,420,24
176,423,28
176,425,67
176,428,47
176,433,66
176,434,40
176,436,44
176,439,56
176,442,25
176,443,81
176,446,94
176,450,98
176,455,73
176,456,36
176,463,20
176,469,10
176,470,79
176,471,79
176,477,96
176,478,73
176,481,72
176,484,84
176,486,57
176,488,87
176,495,26
176,496,13
176,509,35
176,177,74
177,179,50
177,180,23
177,181,64
177,183,72
177,193,54
177,199,68
177,201,45
177,202,85
177,204,29
177,206,34
177,209,1
177,211,90
177,215,23
177,216,17
177,218,61
177,221,67
177,222,80
177,223,100
177,225,32
177,228,45
177,231,32
177,233,20
177,242,13
177,245,86
177,247,36
177,255,19
177,257,46
177,263,36
177,264,72
177,270,18
177,274,6
177,277,21
177,284,38
177,285,27
177,286,74
177,291,86
177,293,29
177,300,45
177,302,22
177,310,31
177,311,94
177,315,29
177,317,1
177,321,59
177,330,35
177,331,14
177,332,74
177,333,78
177,335,78
177,336,91
177,342,9
177,355,22
177,360,60
177,363,96
177,365,52
177,367,85
177,373,26
177,375,67
177,381,28
177,389,40
177,390,50
177,394,4
177,395,33
177,397,54
177,399,83
177,400,41
177,402,33
177,404,73
177,406,39
177,409,30
177,410,96
177,418,13
177,422,42
177,423,61
177,425,92
177,427,13
177,431,77
177,432,22
177,434,94
177,437,24
177,442,82
177,444,46
177,451,55
177,456,66
177,458,19
177,459,62
177,470,11
177,473,86
177,474,26
177,475,66
177,477,64
177,479,54
177,482,52
177,483,61
177,485,38
177,487,58
177,490,24
177,494,71
177,497,14
177,508,66
177,511,51
177,178,76
178,180,80
178,185,20
178,187,85
178,194,18
178,196,12
178,200,14
178,206,85
178,208,100
178,209,75
178,210,84
178,211,74
178,213,61
178,216,90
178,218,45
178,221,100
178,225,36
178,226,44
178,228,99
178,238,42
178,239,12
178,254,16
178,255,62
178,258,1
178,259,100
178,261,99
178,263,68
178,266,29
178,268,98
178,271,28
178,274,74
178,276,46
178,278,24
178,280,28
178,282,51
178,284,67
178,287,31
178,288,71
178,290,1
178,295,38
178,302,12
178,306,100
178,309,54
178,313,70
178,314,80
178,321,90
178,329,33
178,332,7
178,336,5
178,343,5
178,350,8
178,351,91
178,352,71
178,356,41
178,363,72
178,368,69
178,371,46
178,377,22
178,383,31
178,389,1
178,392,45
178,395,91
178,396,80
178,398,76
178,400,54
178,401,87
178,403,56
178,404,88
178,410,34
178,414,29
178,418,48
178,424,71
178,427,80
178,431,46
178,433,50
178,435,66
178,441,75
178,449,42
178,452,97
178,455,78
178,457,67
178,460,56
178,462,69
178,469,43
178,473,16
178,475,79
178,477,3
178,494,10
178,496,76
178,499,14
178,500,25
178,503,7
178,507,64
178,508,74
178,179,78
179,190,77
179,192,70
179,194,89
179,196,54
179,197,34
179,199,13
179,201,29
179,210,39
179,211,67
179,214,66
179,215,25
179,216,15
179,218,35
179,219,66
179,220,84
179,237,81
179,241,13
179,243,43
179,244,61
179,255,29
179,256,86
179,261,96
179,263,19
179,267,75
179,269,81
179,271,91
179,273,42
179,278,41
179,280,45
179,281,1
179,283,99
179,284,51
179,287,85
179,288,73
179,290,94
179,292,47
179,293,77
179,294,26
179,296,4
179,298,87
179,301,25
179,305,38
179,306,28
179,313,13
179,316,18
179,320,9
179,323,83
179,324,14
179,331,51
179,334,66
179,337,77
179,340,85
179,343,81
179,346,40
179,352,8
179,353,57
179,355,16
179,357,24
179,363,75
179,366,40
179,367,99
179,368,86
179,369,22
179,370,30
179,371,19
179,374,70
179,375,28
179,376,48
179,377,15
179,379,73
179,385,76
179,386,81
179,393,90
179,395,13
179,400,54
179,401,30
179,403,20
179,404,63
179,405,73
179,408,35
179,409,30
179,410,18
179,411,65
179,417,67
179,418,28
179,421,33
179,424,71
179,425,38
179,426,2
179,429,94
179,432,56
179,433,55
179,436,91
179,437,6
179,441,81
179,444,55
179,445,59
179,446,72
179,447,34
179,450,95
179,456,83
179,458,68
179,459,71
179,464,46
179,465,61
179,474,85
179,478,97
179,490,74
179,491,31
179,493,43
179,497,60
179,498,25
179,500,68
179,505,97
179,509,10
179,511,88
179,180,86
180,188,91
180,191,62
180,192,31
180,196,63
180,200,6
180,201,7
180,205,59
180,207,70
180,208,32
180,209,66
180,212,57
180,215,30
180,220,65
180,230,67
180,231,47
180,233,93
180,236,7
180,240,10
180,243,60
180,247,63
180,248,42
180,249,77
180,253,90
180,255,59
180,263,81
180,267,65
180,268,39
180,269,40
180,270,71
180,276,77
180,277,22
180,280,14
180,284,69
180,289,88
180,290,25
180,295,64
180,297,9
180,300,52
180,301,77
180,302,12
180,304,80
180,305,77
180,307,74
180,308,18
180,310,60
180,311,7
180,317,78
180,320,61
180,323,77
180,326,98
180,335,40
180,340,12
180,342,55
180,343,38
180,344,58
180,345,78
180,347,11
180,359,10
180,361,83
180,369,64
180,374,82
180,380,92
180,388,44
180,391,75
180,392,42
180,399,67
180,400,21
180,402,19
180,405,19
180,409,46
180,410,1
180,411,39
180,412,66
180,418,33
180,424,42
180,425,12
180,426,2
180,427,57
180,428,52
180,433,73
180,435,69
180,437,21
180,438,26
180,439,42
180,442,23
180,448,66
180,449,47
180,452,5
180,459,1
180,465,71
180,472,94
180,475,52
180,476,50
180,479,12
180,485,9
180,489,5
180,491,80
180,493,17
180,495,5
180,501,86
180,502,94
180,503,54
180,505,5
180,506,51
180,509,26
180,511,30
180,181,46
181,184,51
181,187,58
181,188,29
181,190,93
181,192,70
181,193,46
181,194,80
181,195,69
181,205,39
181,206,72
181,207,97
181,208,79
181,210,57
181,211,49
181,214,92
181,217,12
181,221,85
181,226,13
181,228,38
181,240,19
181,248,32
181,253,84
181,254,15
181,259,23
181,262,30
181,268,72
181,275,89
181,278,58
181,281,94
181,284,92
181,288,84
181,289,14
181,290,13
181,291,22
181,293,41
181,298,10
181,301,75
181,302,78
181,307,25
181,309,8
181,310,86
181,319,80
181,320,25
181,321,62
181,324,35
181,327,72
181,328,71
181,329,2
181,331,64
181,332,21
181,334,64
181,344,29
181,349,59
181,352,48
181,354,58
181,357,83
181,362,89
181,365,61
181,371,39
181,372,97
181,375,68
181,376,18
181,381,74
181,387,33
181,388,62
181,392,17
181,399,74
181,400,98
181,402,62
181,404,86
181,410,42
181,411,26
181,415,33
181,420,90
181,425,100
181,426,16
181,427,13
181,431,97
181,434,90
181,438,33
181,439,36
181,442,46
181,444,53
181,447,93
181,451,35
181,453,98
181,456,40
181,461,55
181,469,51
181,470,44
181,472,99
181,475,41
181,476,49
181,489,70
181,495,93
181,502,49
181,510,15
181,511,38
181,182,1
182,185,41
182,191,88
182,195,78
182,198,80
182,206,66
182,210,29
182,213,2
182,215,33
182,223,23
182,228,75
182,229,26
182,231,39
182,232,4
182,235,36
182,237,21
182,245,20
182,250,94
182,252,74
182,254,38
182,256,45
182,257,59
182,260,32
182,267,44
182,271,75
182,277,68
182,280,88
182,283,53
182,286,42
182,288,82
182,289,26
182,292,15
182,298,43
182,308,36
182,310,38
182,312,40
182,317,21
182,319,17
182,322,97
182,325,75
182,329,57
182,330,55
182,332,28
182,333,66
182,335,48
182,337,1
182,338,55
182,339,27
182,341,89
182,342,58
182,345,30
182,346,71
182,357,34
182,363,27
182,365,8
182,372,36
182,373,50
182,375,47
182,378,15
182,386,1
182,392,75
182,395,89
182,397,20
182,400,97
182,403,33
182,407,87
182,410,98
182,412,100
182,415,59
182,417,24
182,418,52
182,419,36
182,420,64
182,421,73
182,422,21
182,424,91
182,426,75
182,431,74
182,436,94
182,439,56
182,441,77
182,445,67
182,448,62
182,454,82
182,465,56
182,471,11
182,474,15
182,477,74
182,480,12
182,485,5
182,488,55
182,493,9
182,498,8
182,499,73
182,506,14
182,508,34
182,509,69
182,183,30
183,184,10
183,192,82
183,194,37
183,200,18
183,201,44
183,203,96
183,207,15
183,210,88
183,216,81
183,227,36
183,228,43
183,231,95
183,232,43
183,234,78
183,236,23
183,237,12
183,238,17
183,241,40
183,243,39
183,246,55
183,248,48
183,251,41
183,254,65
183,258,4
183,260,22
183,263,16
183,265,13
183,266,19
183,267,92
183,275,15
183,280,73
183,283,47
183,284,99
183,286,72
183,291,32
183,293,79
183,295,66
183,298,69
183,299,78
183,300,63
183,304,99
183,306,43
183,310,28
183,311,9
183,313,70
183,318,27
183,325,30
183,327,25
183,329,95
183,331,29
183,333,96
183,338,94
183,349,75
183,352,52
183,356,61
183,358,58
183,361,99
183,364,37
183,366,33
183,367,55
183,368,71
183,371,29
183,373,96
183,374,34
183,375,53
183,381,71
183,382,32
183,384,10
183,385,81
183,386,53
183,388,5
183,393,17
183,399,20
183,406,58
183,413,19
183,415,57
183,418,9
183,420,66
183,423,97
183,427,49
183,429,20
183,433,23
183,435,13
183,437,42
183,440,73
183,441,53
183,444,49
183,450,72
183,452,51
183,453,73
183,459,20
183,463,54
183,464,86
183,465,6
183,466,26
183,473,45
183,478,72
183,484,83
183,485,56
183,487,31
183,489,54
183,498,53
183,500,76
183,503,79
184,185,66
184,188,84
184,192,3
184,194,42
184,195,18
184,196,73
184,198,19
184,202,39
184,205,25
184,206,61
184,207,39
184,208,52
184,219,57
184,223,65
184,227,72
184,237,70
184,250,99
184,253,50
184,261,4
184,263,57
184,266,40
184,267,93
184,270,37
184,283,92
184,285,27
184,286,9
184,287,1
184,288,32
184,292,30
184,298,55
184,301,100
184,306,18
184,309,99
184,310,8
184,312,21
184,319,60
184,324,87
184,330,40
184,336,5
184,339,79
184,345,2
184,346,45
184,348,73
184,352,59
184,354,43
184,357,68
184,358,71
184,361,39
184,362,47
184,365,28
184,366,60
184,368,81
184,371,6
184,373,13
184,375,24
184,376,15
184,378,56
184,380,38
184,385,32
184,388,53
184,403,24
184,406,37
184,411,69
184,413,20
184,415,25
184,416,67
184,417,53
184,421,25
184,431,87
184,436,71
184,439,74
184,440,15
184,441,5
184,443,85
184,444,62
184,445,64
184,450,60
184,453,30
184,454,44
184,462,83
184,463,87
184,472,26
184,486,55
184,491,27
184,492,18
184,497,14
184,499,66
184,500,98
184,501,77
184,502,10
184,503,55
184,504,50
184,505,38
184,506,5
184,510,6
185,187,64
185,189,76
185,193,22
185,194,54
185,197,67
185,207,65
185,208,79
185,213,25
185,214,43
185,216,97
185,217,62
185,220,55
185,222,24
185,230,51
185,233,52
185,236,3
185,240,58
185,245,62
185,247,83
185,248,8
185,253,69
185,256,100
185,257,95
185,275,42
185,277,19
185,278,99
185,281,76
185,282,74
185,284,17
185,285,64
185,286,87
185,287,25
185,291,92
185,293,55
185,300,84
185,301,65
185,304,23
185,310,6
185,311,54
185,312,17
185,320,84
185,329,58
185,331,62
185,334,60
185,336,5
185,341,20
185,342,43
185,344,24
185,347,56
185,348,21
185,351,26
185,355,63
185,360,78
185,363,45
185,366,62
185,368,74
185,371,64
185,372,25
185,376,20
185,378,28
185,380,78
185,384,53
185,385,11
185,388,47
185,390,60
185,391,100
185,396,38
185,400,53
185,401,31
185,408,15
185,411,69
185,415,38
185,418,28
185,421,6
185,422,88
185,423,55
185,425,54
185,428,32
185,431,100
185,434,86
185,440,64
185,442,76
185,443,98
185,447,46
185,451,23
185,454,33
185,459,18
185,461,35
185,469,61
185,472,35
185,477,89
185,493,90
185,497,38
185,501,77
185,504,18
185,506,93
185,186,76
186,187,28
186,190,100
186,191,62
186,195,53
186,197,38
186,200,1
186,206,45
186,207,2
186,209,41
186,213,30
186,214,64
186,215,44
186,217,42
186,218,80
186,221,70
186,226,21
186,227,99
186,228,14
186,229,57
186,230,81
186,236,52
186,239,99
186,240,84
186,241,79
186,246,40
186,250,65
186,251,59
186,253,14
186,255,70
186,258,63
186,261,47
186,262,88
186,265,83
186,270,69
186,272,77
186,276,29
186,277,58
186,278,34
186,280,71
186,281,95
186,283,81
186,285,80
186,287,28
186,289,53
186,292,100
186,297,17
186,298,37
186,300,18
186,301,86
186,302,1
186,306,81
186,309,73
186,311,44
186,314,20
186,317,6
186,318,7
186,319,8
186,321,51
186,325,73
186,330,71
186,333,4
186,335,82
186,337,97
186,344,16
186,348,6
186,355,14
186,359,100
186,362,39
186,368,76
186,377,67
186,380,93
186,381,31
186,392,87
186,395,88
186,396,6
186,398,77
186,401,2
186,405,37
186,406,67
186,411,9
186,413,98
186,422,70
186,423,60
186,426,83
186,427,43
186,429,15
186,430,5
186,432,18
186,438,53
186,441,97
186,442,1
186,445,45
186,452,47
186,456,71
186,461,52
186,463,53
186,466,28
186,475,91
186,478,49
186,483,94
186,485,53
186,486,14
186,487,77
186,490,88
186,491,11
186,493,10
186,495,71
186,497,80
186,502,84
186,505,99
187,188,40
187,200,1
187,209,22
187,212,9
187,214,50
187,218,15
187,219,68
187,220,58
187,222,71
187,226,85
187,228,29
187,230,11
187,234,15
187,239,51
187,241,12
187,248,6
187,251,30
187,252,25
187,253,11
187,254,34
187,258,83
187,259,27
187,263,85
187,265,82
187,267,64
187,271,51
187,272,33
187,279,26
187,281,59
187,282,62
187,283,5
187,287,22
187,290,56
187,291,72
187,300,74
187,305,55
187,306,68
187,310,79
187,315,41
187,317,99
187,319,8
187,321,90
187,322,56
187,323,44
187,325,38
187,331,24
187,336,87
187,337,51
187,339,22
187,340,28
187,344,87
187,345,81
187,352,18
187,353,2
187,357,69
187,358,15
187,359,28
187,360,99
187,362,36
187,363,51
187,366,24
187,375,65
187,376,98
187,378,77
187,381,93
187,384,19
187,390,50
187,391,66
187,394,27
187,400,99
187,401,17
187,404,89
187,411,66
187,412,23
187,418,4
187,426,77
187,430,83
187,431,28
187,433,7
187,440,31
187,441,77
187,443,79
187,445,11
187,446,46
187,451,78
187,452,33
187,453,54
187,455,33
187,458,26
187,464,33
187,466,64
187,469,68
187,472,70
187,475,60
187,487,63
187,489,72
187,494,45
187,495,41
187,501,46
187,508,94
187,509,29
188,190,81
188,191,83
188,192,14
188,195,49
188,197,11
188,201,99
188,204,10
188,205,92
188,209,44
188,212,92
188,213,79
188,223,44
188,224,4
188,225,75
188,229,35
188,233,50
188,234,33
188,236,73
188,238,30
188,240,68
188,244,57
188,251,75
188,252,69
188,253,28
188,254,57
188,256,38
188,257,97
188,259,53
188,260,82
188,261,90
188,267,10
188,272,15
188,273,92
188,276,7
188,278,50
188,285,64
188,292,99
188,299,49
188,310,63
188,311,63
188,321,80
188,324,8
188,327,71
188,328,90
188,330,76
188,336,3
188,342,90
188,344,70
188,346,23
188,350,85
188,368,21
188,370,18
188,373,100
188,375,78
188,382,100
188,386,84
188,387,46
188,391,93
188,395,95
188,398,75
188,400,64
188,401,30
188,407,33
188,408,64
188,410,25
188,414,86
188,416,28
188,418,79
188,419,96
188,420,34
188,422,83
188,425,23
188,426,35
188,427,99
188,433,34
188,436,59
188,439,84
188,446,70
188,450,63
188,452,20
188,455,23
188,456,57
188,457,83
188,461,82
188,462,95
188,463,18
188,469,38
188,473,22
188,482,38
188,483,49
188,491,54
188,493,27
188,503,93
188,504,17
188,505,93
188,508,74
188,509,97
188,189,46
189,192,96
189,193,42
189,195,64
189,199,35
189,206,37
189,212,38
189,214,98
189,215,21
189,219,100
189,235,1
189,239,44
189,240,67
189,241,33
189,244,44
189,255,36
189,256,5
189,259,58
189,274,100
189,275,37
189,279,49
189,280,81
189,286,75
189,287,59
189,288,80
189,293,38
189,296,30
189,297,81
189,298,27
189,303,100
189,307,77
189,308,44
189,314,14
189,317,77
189,318,58
189,325,20
189,328,29
189,329,72
189,331,16
189,334,66
189,335,99
189,340,78
189,341,96
189,345,72
189,346,63
189,347,50
189,348,64
189,351,1
189,352,90
189,356,34
189,357,86
189,358,61
189,361,9
189,367,32
189,377,44
189,380,4
189,382,13
189,383,44
189,391,10
189,392,96
189,393,78
189,395,88
189,402,6
189,407,88
189,410,53
189,412,97
189,413,60
189,414,15
189,421,18
189,424,99
189,425,89
189,429,22
189,433,23
189,434,42
189,435,85
189,441,15
189,447,19
189,449,9
189,450,48
189,455,57
189,456,7
189,463,71
189,464,18
189,468,4
189,470,66
189,475,40
189,479,6
189,483,86
189,486,87
189,487,37
189,488,56
189,492,39
189,501,66
189,511,94
189,190,78
190,193,49
190,196,57
190,198,88
190,200,69
190,203,3
190,206,27
190,208,100
190,214,36
190,216,37
190,220,25
190,222,94
190,228,99
190,229,57
190,235,50
190,236,90
190,237,57
190,240,47
190,250,51
190,251,84
190,252,98
190,253,84
190,260,41
190,266,50
190,267,5
190,268,39
190,271,52
190,273,34
190,274,73
190,277,95
190,283,6
190,287,31
190,292,39
190,293,52
190,295,28
190,300,9
190,307,20
190,309,27
190,311,63
190,315,7
190,319,67
190,320,95
190,322,37
190,325,62
190,326,51
190,327,28
190,333,74
190,335,4
190,342,48
190,343,74
190,345,100
190,347,49
190,352,2
190,353,73
190,354,62
190,355,78
190,360,100
190,364,49
190,369,34
190,370,62
190,373,13
190,375,39
190,382,33
190,388,69
190,390,48
190,393,2
190,394,19
190,395,90
190,397,84
190,399,90
190,401,66
190,403,8
190,405,25
190,406,11
190,411,95
190,413,8
190,414,3
190,415,31
190,416,41
190,420,26
190,425,38
190,426,36
190,432,41
190,433,20
190,434,89
190,436,55
190,437,3
190,438,25
190,440,61
190,449,16
190,451,77
190,452,2
190,454,89
190,455,33
190,463,63
190,465,29
190,469,28
190,485,92
190,486,73
190,490,32
190,504,61
190,510,21
190,511,97
190,191,74
191,194,32
191,201,42
191,206,32
191,210,77
191,213,79
191,215,93
191,218,22
191,219,3
191,220,17
191,223,58
191,224,9
191,226,4
191,228,60
191,231,34
191,233,10
191,237,75
191,238,49
191,239,40
191,246,31
191,257,64
191,260,46
191,263,88
191,264,26
191,267,72
191,268,36
191,271,5
191,276,60
191,279,51
191,283,33
191,288,90
191,298,25
191,304,78
191,311,37
191,312,50
191,313,35
191,317,86
191,321,62
191,322,2
191,335,50
191,336,43
191,337,51
191,345,83
191,347,38
191,348,97
191,352,66
191,354,25
191,357,29
191,362,22
191,363,19
191,365,59
191,369,42
191,370,50
191,376,82
191,378,45
191,379,85
191,382,36
191,383,94
191,386,94
191,387,71
191,390,37
191,392,76
191,394,47
191,402,95
191,403,57
191,404,13
191,408,97
191,413,50
191,417,12
191,418,97
191,433,30
191,442,40
191,444,76
191,447,24
191,448,22
191,450,60
191,452,86
191,454,30
191,456,15
191,464,12
191,466,94
191,467,1
191,468,76
191,469,25
191,475,83
191,477,81
191,478,11
191,481,47
191,483,12
191,491,66
191,492,92
191,493,25
191,495,82
191,496,2
191,498,40
191,500,28
191,501,84
191,504,51
191,505,40
191,506,26
191,511,78
191,192,47
192,195,29
192,204,27
192,207,9
192,215,42
192,219,76
192,221,1
192,224,37
192,230,67
192,232,47
192,236,21
192,241,71
192,242,50
192,245,61
192,248,40
192,251,46
192,252,42
192,253,95
192,262,9
192,263,84
192,264,70
192,267,62
192,268,47
192,270,9
192,275,5
192,277,26
192,279,11
192,280,18
192,289,15
192,292,65
192,295,36
192,301,27
192,303,60
192,315,56
192,316,100
192,320,41
192,323,41
192,330,81
192,332,82
192,335,60
192,336,4
192,338,36
192,339,51
192,340,77
192,343,42
192,344,62
192,350,64
192,351,48
192,355,34
192,357,97
192,361,4
192,365,23
192,366,21
192,367,29
192,369,48
192,375,76
192,377,44
192,381,86
192,382,67
192,383,67
192,384,72
192,385,37
192,390,67
192,391,37
192,394,39
192,401,4
192,402,74
192,404,77
192,406,3
192,408,89
192,410,43
192,411,16
192,412,8
192,414,35
192,419,97
192,425,47
192,429,54
192,431,70
192,440,70
192,441,67
192,443,17
192,444,88
192,447,67
192,448,4
192,449,47
192,452,74
192,459,26
192,460,42
192,462,87
192,463,19
192,465,97
192,469,55
192,473,39
192,477,48
192,478,32
192,487,98
192,488,59
192,494,69
192,496,15
192,497,2
192,498,62
192,500,30
192,501,72
192,505,30
192,509,25
192,510,17
192,193,94
193,202,86
193,214,86
193,215,22
193,220,36
193,223,8
193,224,91
193,225,92
193,226,78
193,227,51
193,232,30
193,238,16
193,239,58
193,240,19
193,241,65
193,246,48
193,260,36
193,261,29
193,262,14
193,266,86
193,267,26
193,271,31
193,273,31
193,280,11
193,281,37
193,287,37
193,288,48
193,289,89
193,291,75
193,305,45
193,307,43
193,311,46
193,312,61
193,316,90
193,322,73
193,328,57
193,329,25
193,331,86
193,334,13
193,341,8
193,342,80
193,347,79
193,350,77
193,351,22
193,356,91
193,357,92
193,358,33
193,359,91
193,362,8
193,363,76
193,365,81
193,367,97
193,369,14
193,373,46
193,376,11
193,380,11
193,381,21
193,384,13
193,386,31
193,387,29
193,393,55
193,394,62
193,399,16
193,401,75
193,402,38
193,403,46
193,404,37
193,416,29
193,417,62
193,420,85
193,421,36
193,426,75
193,430,77
193,432,68
193,433,64
193,437,24
193,441,90
193,442,42
193,445,8
193,448,44
193,454,2
193,456,75
193,458,75
193,459,16
193,460,5
193,461,83
193,465,21
193,466,63
193,467,83
193,470,17
193,476,11
193,477,47
193,482,13
193,484,21
193,491,64
193,497,72
193,498,77
193,500,26
193,501,70
193,504,57
193,510,34
193,194,58
194,203,91
194,208,19
194,209,84
194,218,37
194,220,72
194,223,56
194,224,38
194,226,53
194,227,14
194,230,49
194,231,26
194,236,59
194,242,66
194,243,98
194,247,62
194,248,74
194,249,60
194,256,61
194,259,40
194,261,6
194,262,48
194,267,21
194,269,69
194,270,17
194,274,96
194,275,45
194,279,90
194,281,96
194,283,80
194,285,45
194,288,97
194,289,47
194,290,86
194,292,17
194,294,89
194,297,82
194,298,90
194,300,84
194,302,16
194,305,58
194,308,11
194,310,72
194,311,16
194,312,81
194,313,88
194,318,87
194,320,96
194,323,36
194,327,100
194,328,55
194,331,29
194,344,7
194,348,21
194,353,66
194,357,79
194,359,70
194,360,58
194,368,81
194,372,49
194,377,23
194,383,46
194,385,56
194,388,20
194,389,41
194,390,36
194,396,15
194,399,14
194,403,86
194,405,8
194,408,87
194,411,75
194,417,44
194,419,81
194,420,36
194,426,78
194,429,95
194,430,81
194,432,93
194,436,71
194,443,91
194,449,43
194,451,17
194,455,75
194,459,61
194,460,58
194,465,68
194,472,4
194,473,21
194,476,97
194,477,59
194,479,70
194,484,98
194,485,89
194,486,98
194,489,93
194,491,75
194,494,41
194,506,7
194,508,19
194,511,51
194,195,49
195,200,2
195,201,15
195,208,6
195,209,60
195,212,61
195,213,23
195,216,91
195,225,56
195,226,94
195,229,70
195,237,30
195,238,53
195,239,85
195,245,82
195,248,90
195,256,77
195,257,16
195,261,97
195,263,80
195,267,100
195,268,66
195,270,84
195,278,83
195,284,65
195,285,1
195,291,52
195,292,48
195,299,48
195,301,63
195,308,28
195,309,33
195,311,10
195,313,71
195,314,8
195,315,11
195,316,13
195,318,97
195,321,33
195,324,70
195,325,46
195,327,68
195,329,18
195,331,84
195,332,94
195,333,62
195,340,73
195,343,25
195,345,39
195,348,38
195,354,78
195,359,21
195,366,16
195,372,79
195,374,74
195,379,23
195,383,57
195,385,65
195,388,29
195,390,8
195,398,8
195,399,79
195,412,89
195,415,49
195,417,27
195,421,39
195,429,58
195,430,64
195,433,16
195,436,100
195,437,99
195,442,16
195,444,50
195,451,98
195,454,54
195,455,57
195,460,76
195,461,94
195,465,56
195,472,8
195,476,20
195,479,46
195,480,38
195,485,75
195,488,16
195,489,55
195,492,99
195,498,60
195,499,18
195,503,33
195,504,82
195,505,3
195,508,51
195,511,31
195,196,48
196,201,100
196,202,44
196,207,71
196,211,33
196,218,75
196,220,39
196,226,76
196,228,45
196,229,45
196,233,26
196,242,4
196,243,6
196,245,27
196,246,5
196,247,100
196,251,39
196,252,4
196,253,99
196,255,81
196,262,4
196,265,97
196,267,96
196,269,24
196,277,29
196,286,16
196,287,52
196,288,63
196,289,94
196,290,85
196,297,16
196,301,50
196,307,6
196,313,1
196,324,31
196,325,90
196,329,67
196,330,100
196,333,56
196,334,60
196,336,94
196,339,28
196,340,6
196,341,93
196,345,97
196,349,43
196,356,88
196,371,28
196,372,89
196,378,19
196,379,14
196,382,89
196,389,77
196,391,99
196,397,36
196,406,21
196,419,87
196,423,53
196,426,44
196,427,5
196,428,4
196,430,18
196,437,75
196,438,8
196,440,36
196,443,33
196,451,75
196,455,47
196,457,27
196,460,78
196,464,34
196,467,21
196,468,14
196,469,34
196,471,37
196,474,11
196,475,97
196,481,25
196,486,81
196,494,19
196,496,19
196,497,33
196,501,37
196,506,79
196,507,1
196,508,52
196,509,28
196,197,99
197,202,68
197,203,34
197,207,2
197,215,86
197,216,59
197,218,97
197,219,5
197,222,64
197,224,90
197,225,46
197,226,43
197,228,41
197,233,77
197,244,18
197,253,45
197,256,49
197,259,79
197,266,23
197,269,71
197,271,54
197,273,31
197,274,93
197,275,72
197,278,61
197,281,17
197,282,24
197,284,16
197,287,69
197,289,98
197,294,53
197,299,88
197,301,54
197,302,12
197,305,13
197,309,24
197,310,90
197,313,47
197,315,84
197,319,15
197,320,74
197,328,91
197,334,18
197,336,42
197,340,40
197,341,34
197,343,46
197,346,38
197,347,75
197,350,51
197,351,45
197,353,53
197,364,23
197,366,15
197,368,66
197,371,3
197,375,67
197,377,10
197,381,72
197,382,100
197,384,21
197,386,9
197,392,69
197,394,63
197,400,30
197,401,12
197,405,69
197,411,73
197,414,39
197,416,95
197,417,67
197,418,55
197,427,13
197,429,73
197,430,51
197,433,33
197,434,32
197,438,95
197,440,19
197,441,11
197,445,15
197,446,5
197,450,46
197,453,66
197,454,5
197,458,82
197,467,92
197,469,33
197,470,10
197,471,1
197,473,46
197,477,38
197,478,37
197,479,9
197,483,10
197,484,83
197,485,4
197,486,93
197,488,27
197,491,83
197,497,46
197,498,34
197,501,27
197,502,38
197,503,13
197,506,4
197,508,75
197,510,53
197,198,98
198,199,61
198,201,25
198,204,79
198,209,37
198,218,41
198,220,61
198,221,62
198,224,57
198,225,9
198,226,19
198,227,74
198,230,65
198,235,26
198,236,26
198,238,4
198,241,60
198,242,97
198,243,63
198,250,86
198,254,40
198,257,83
198,259,96
198,264,47
198,265,63
198,266,37
198,269,20
198,279,38
198,285,76
198,294,42
198,298,70
198,304,49
198,305,2
198,312,58
198,316,4
198,319,90
198,323,50
198,324,98
198,327,48
198,328,67
198,332,38
198,334,86
198,335,31
198,337,25
198,344,25
198,345,56
198,347,48
198,351,19
198,356,88
198,358,45
198,366,12
198,368,25
198,379,9
198,380,29
198,381,13
198,383,40
198,386,5
198,389,79
198,390,39
198,391,74
198,398,44
198,400,83
198,402,19
198,403,89
198,410,15
198,415,10
198,422,70
198,428,86
198,431,56
198,432,95
198,434,41
198,435,80
198,436,56
198,449,82
198,455,15
198,457,27
198,458,75
198,468,34
198,469,65
198,472,68
198,479,10
198,480,49
198,486,88
198,489,13
198,490,11
198,494,24
198,498,16
198,500,50
198,504,89
198,507,87
198,508,94
198,509,28
198,511,8
199,203,75
199,204,77
199,205,88
199,207,10
199,209,14
199,211,15
199,213,21
199,214,83
199,217,4
199,220,73
199,221,8
199,227,47
199,229,61
199,233,83
199,238,21
199,239,33
199,241,9
199,242,58
199,246,48
199,256,92
199,259,4
199,262,67
199,263,93
199,272,53
199,276,48
199,277,61
199,290,50
199,291,90
199,294,81
199,295,6
199,305,61
199,309,40
199,310,62
199,312,51
199,317,30
199,320,36
199,321,33
199,328,55
199,329,69
199,333,74
199,336,31
199,340,31
199,342,15
199,344,87
199,345,62
199,347,92
199,352,88
199,353,40
199,354,51
199,356,77
199,358,58
199,361,65
199,363,35
199,365,50
199,369,22
199,376,91
199,384,40
199,389,25
199,391,60
199,392,8
199,394,90
199,395,63
199,403,67
199,405,69
199,406,76
199,409,96
199,410,57
199,411,62
199,416,41
199,423,69
199,425,95
199,426,72
199,429,66
199,431,89
199,435,93
199,448,96
199,450,82
199,452,13
199,454,12
199,456,72
199,464,40
199,465,97
199,472,52
199,473,89
199,479,38
199,482,92
199,487,53
199,488,46
199,489,76
199,491,72
199,497,76
199,498,9
199,509,82
199,510,68
199,511,41
199,200,4
200,201,60
200,202,73
200,207,58
200,208,12
200,211,36
200,213,42
200,217,39
200,219,40
200,224,73
200,225,69
200,226,83
200,227,7
200,229,32
200,231,17
200,237,32
200,239,10
200,243,39
200,245,9
200,249,60
200,252,94
200,253,72
200,256,26
200,258,81
200,262,19
200,267,84
200,268,31
200,269,76
200,272,18
200,275,89
200,286,93
200,288,2
200,289,8
200,291,22
200,293,13
200,295,24
200,297,86
200,299,68
200,303,91
200,307,94
200,308,97
200,311,32
200,314,80
200,327,97
200,333,69
200,335,5
200,336,56
200,341,92
200,344,87
200,346,54
200,349,74
200,355,5
200,356,12
200,359,4
200,361,86
200,362,66
200,368,29
200,369,5
200,373,40
200,385,37
200,386,88
200,394,66
200,398,31
200,401,7
200,407,83
200,409,75
200,415,9
200,417,58
200,418,45
200,419,79
200,422,46
200,428,36
200,429,47
200,433,48
200,435,100
200,437,100
200,440,70
200,442,69
200,446,67
200,448,11
200,450,97
200,454,20
200,457,74
200,463,83
200,465,74
200,466,95
200,477,65
200,479,97
200,481,47
200,482,74
200,483,98
200,489,76
200,490,47
200,491,75
200,492,16
200,495,23
200,496,97
200,498,17
200,502,9
200,503,13
200,505,87
200,510,30
201,204,57
201,207,69
201,208,66
201,210,11
201,214,44
201,222,6
201,226,61
201,232,35
201,240,96
201,244,76
201,245,35
201,246,64
201,251,85
201,254,15
201,257,41
201,265,35
201,266,69
201,267,75
201,273,66
201,275,48
201,287,24
201,288,28
201,294,80
201,296,38
201,298,58
201,301,34
201,302,100
201,304,25
201,307,39
201,310,42
201,311,85
201,312,46
201,314,3
201,321,14
201,322,58
201,324,74
201,325,83
201,326,8
201,327,63
201,328,38
201,329,46
201,335,40
201,336,80
201,339,66
201,347,83
201,350,57
201,352,8
201,353,97
201,354,44
201,360,72
201,362,24
201,363,17
201,367,16
201,369,81
201,372,55
201,374,7
201,375,56
201,376,49
201,382,94
201,383,27
201,387,19
201,388,3
201,393,63
201,406,32
201,407,98
201,408,14
201,410,40
201,411,56
201,413,36
201,416,13
201,421,35
201,422,71
201,424,34
201,426,85
201,427,70
201,430,5
201,436,14
201,443,9
201,450,7
201,455,90
201,457,98
201,459,66
201,460,33
201,463,3
201,464,26
201,465,83
201,466,3
201,467,6
201,479,27
201,481,93
201,482,21
201,483,72
201,484,92
201,490,92
201,493,80
201,498,73
201,502,41
201,504,24
201,508,42
201,509,69
201,511,75
201,202,25
202,203,29
202,205,90
202,211,13
202,213,39
202,214,22
202,216,86
202,219,97
202,223,80
202,224,45
202,226,36
202,228,21
202,233,68
202,234,64
202,235,23
202,237,10
202,239,39
202,247,39
202,248,11
202,260,73
202,266,86
202,269,5
202,274,32
202,276,2
202,277,82
202,279,33
202,283,53
202,284,83
202,292,26
202,294,68
202,296,99
202,301,87
202,310,75
202,312,97
202,317,68
202,319,40
202,320,79
202,322,58
202,325,4
202,339,71
202,340,33
202,341,20
202,342,32
202,344,57
202,345,18
202,351,87
202,352,39
202,362,62
202,363,72
202,364,18
202,368,20
202,371,23
202,372,71
202,375,58
202,377,33
202,383,53
202,385,74
202,386,65
202,391,42
202,392,30
202,395,20
202,402,38
202,403,91
202,404,46
202,405,43
202,407,28
202,411,96
202,414,70
202,418,50
202,422,97
202,426,63
202,428,2
202,434,12
202,436,96
202,440,68
202,444,96
202,445,78
202,447,14
202,452,56
202,453,21
202,454,95
202,456,52
202,459,60
202,464,8
202,471,59
202,472,62
202,476,15
202,481,94
202,484,2
202,493,29
202,495,93
202,496,87
202,498,59
202,499,78
202,500,60
202,502,7
202,504,20
202,505,52
202,506,43
202,507,25
202,508,33
202,509,93
203,204,44
203,207,30
203,209,70
203,210,30
203,211,10
203,213,24
203,215,97
203,216,89
203,218,89
203,223,100
203,225,56
203,228,50
203,231,82
203,234,15
203,242,22
203,243,15
203,244,14
203,245,13
203,246,46
203,247,83
203,250,10
203,257,87
203,259,2
203,260,80
203,261,42
203,262,35
203,264,42
203,266,69
203,270,8
203,273,91
203,276,41
203,282,22
203,286,66
203,288,5
203,290,10
203,296,50
203,298,48
203,300,68
203,303,90
203,307,40
203,308,56
203,314,97
203,315,49
203,316,49
203,319,76
203,323,15
203,326,42
203,328,50
203,329,33
203,330,4
203,335,56
203,340,37
203,341,48
203,348,90
203,351,80
203,356,60
203,360,65
203,362,60
203,367,96
203,370,73
203,371,7
203,372,91
203,376,18
203,379,39
203,386,11
203,387,84
203,392,78
203,394,29
203,395,95
203,401,16
203,402,28
203,408,32
203,410,98
203,411,77
203,413,10
203,415,61
203,417,54
203,419,53
203,420,84
203,421,24
203,424,3
203,429,63
203,437,88
203,438,71
203,439,71
203,440,30
203,441,65
203,443,21
203,445,10
203,454,81
203,455,77
203,456,18
203,457,33
203,460,12
203,462,21
203,464,31
203,465,10
203,470,44
203,477,30
203,479,55
203,483,5
203,484,86
203,485,30
203,486,33
203,487,74
203,488,5
203,489,69
203,503,20
204,207,96
204,218,30
204,221,99
204,222,12
204,223,83
204,225,4
204,231,6
204,232,28
204,234,81
204,237,25
204,240,11
204,244,53
204,245,48
204,251,22
204,253,27
204,254,21
204,255,74
204,256,43
204,261,79
204,262,4
204,265,52
204,266,94
204,272,19
204,274,90
204,301,6
204,303,16
204,306,26
204,307,82
204,315,14
204,326,90
204,329,39
204,331,18
204,332,61
204,345,26
204,348,22
204,349,99
204,353,21
204,354,19
204,355,37
204,357,6
204,366,71
204,368,10
204,369,61
204,371,33
204,374,52
204,382,60
204,387,30
204,390,85
204,393,48
204,394,61
204,395,39
204,402,96
204,403,5
204,406,96
204,407,21
204,410,58
204,412,47
204,416,40
204,418,80
204,419,39
204,427,76
204,429,54
204,440,67
204,445,31
204,448,100
204,450,87
204,451,62
204,454,43
204,455,36
204,456,76
204,457,71
204,458,12
204,461,45
204,472,61
204,473,57
204,475,92
204,476,83
204,477,85
204,478,52
204,480,4
204,488,72
204,489,18
204,491,76
204,492,90
204,494,65
204,497,77
204,498,19
204,505,39
204,507,25
204,205,76
205,207,44
205,209,32
205,210,92
205,212,89
205,213,31
205,219,64
205,220,57
205,222,94
205,231,17
205,233,32
205,234,12
205,235,33
205,241,74
205,246,32
205,249,10
205,250,84
205,251,55
205,252,95
205,255,88
205,261,25
205,267,58
205,268,56
205,275,93
205,276,94
205,277,39
205,278,39
205,290,38
205,296,61
205,301,59
205,303,38
205,310,5
205,315,72
205,324,84
205,325,100
205,329,88
205,331,40
205,343,98
205,345,48
205,346,8
205,350,52
205,352,86
205,356,90
205,371,12
205,373,61
205,378,29
205,379,85
205,381,71
205,383,89
205,388,66
205,391,4
205,392,60
205,393,99
205,394,72
205,398,58
205,406,33
205,412,77
205,417,26
205,422,34
205,424,23
205,427,35
205,431,60
205,434,3
205,435,56
205,436,65
205,446,20
205,447,72
205,452,28
205,453,99
205,455,82
205,460,17
205,461,17
205,475,86
205,476,29
205,477,62
205,484,81
205,485,45
205,492,36
205,497,81
205,498,1
205,501,16
205,503,72
205,504,32
205,505,83
205,506,24
205,507,95
205,509,89
205,510,58
205,206,37
206,208,43
206,209,77
206,210,59
206,212,9
206,213,59
206,214,63
206,218,27
206,220,25
206,225,46
206,228,80
206,229,41
206,237,36
206,243,8
206,249,88
206,252,21
206,267,87
206,269,68
206,274,45
206,276,8
206,277,23
206,281,7
206,286,48
206,292,87
206,295,85
206,297,9
206,299,38
206,300,44
206,303,21
206,307,93
206,315,52
206,321,35
206,323,92
206,330,66
206,333,14
206,335,14
206,339,75
206,347,55
206,348,22
206,354,27
206,355,35
206,359,49
206,361,55
206,374,42
206,378,67
206,388,64
206,391,56
206,396,35
206,401,26
206,402,30
206,403,20
206,405,16
206,410,78
206,411,100
206,412,53
206,417,84
206,421,85
206,425,77
206,426,19
206,431,73
206,435,68
206,442,81
206,443,62
206,446,51
206,448,14
206,450,18
206,457,45
206,461,61
206,464,37
206,469,96
206,472,80
206,474,87
206,482,92
206,486,7
206,490,10
206,492,50
206,498,48
206,499,96
206,502,93
206,511,34
206,207,3
207,209,98
207,213,92
207,219,63
207,224,87
207,233,94
207,235,74
207,241,26
207,244,100
207,252,8
207,262,98
207,266,86
207,267,99
207,272,34
207,273,69
207,279,46
207,280,91
207,281,46
207,282,4
207,283,29
207,291,55
207,293,57
207,299,33
207,308,50
207,311,44
207,316,40
207,319,49
207,320,24
207,323,3
207,325,10
207,332,45
207,333,44
207,337,40
207,339,53
207,340,18
207,341,36
207,344,5
207,345,76
207,350,41
207,351,91
207,360,98
207,362,28
207,365,91
207,368,27
207,369,87
207,372,59
207,380,17
207,385,87
207,391,43
207,399,57
207,405,14
207,408,83
207,409,44
207,410,40
207,411,25
207,414,26
207,423,33
207,429,70
207,435,95
207,440,84
207,441,56
207,445,73
207,449,14
207,454,30
207,456,47
207,457,41
207,470,89
207,473,55
207,478,38
207,480,53
207,482,99
207,487,57
207,493,7
207,494,73
207,499,64
207,502,6
207,504,8
207,507,36
207,208,59
208,209,13
208,216,26
208,217,40
208,225,66
208,232,71
208,242,23
208,245,14
208,250,38
208,252,2
208,253,59
208,254,5
208,265,14
208,266,58
208,270,1
208,271,55
208,273,32
208,274,44
208,281,100
208,282,4
208,283,64
208,289,10
208,299,85
208,311,84
208,313,52
208,314,89
208,316,68
208,318,47
208,323,49
208,325,69
208,327,84
208,329,83
208,330,56
208,331,78
208,333,28
208,339,35
208,341,98
208,342,93
208,344,66
208,347,94
208,348,22
208,349,81
208,353,57
208,361,63
208,364,93
208,365,22
208,366,30
208,367,36
208,368,81
208,371,27
208,373,73
208,388,89
208,389,52
208,390,92
208,396,38
208,398,83
208,404,48
208,409,43
208,411,93
208,412,100
208,415,82
208,416,21
208,422,3
208,424,72
208,436,63
208,438,63
208,439,57
208,449,98
208,452,44
208,456,98
208,461,36
208,463,17
208,469,33
208,482,3
208,485,79
208,486,56
208,492,46
208,494,94
208,500,24
208,501,68
208,504,53
209,210,33
209,211,49
209,220,60
209,222,66
209,225,63
209,236,18
209,237,43
209,238,70
209,242,64
209,243,69
209,244,74
209,246,75
209,248,20
209,252,16
209,258,26
209,265,53
209,275,95
209,278,21
209,279,34
209,284,62
209,285,86
209,287,82
209,290,1
209,294,53
209,299,24
209,300,21
209,301,80
209,302,50
209,303,41
209,306,85
209,307,8
209,309,20
209,315,77
209,316,34
209,317,2
209,318,26
209,320,62
209,322,46
209,323,34
209,324,14
209,326,36
209,327,78
209,328,95
209,330,89
209,336,73
209,338,52
209,343,91
209,344,8
209,350,23
209,357,90
209,359,55
209,360,58
209,367,26
209,368,40
209,369,19
209,375,10
209,376,17
209,382,6
209,385,42
209,391,100
209,395,82
209,396,73
209,399,40
209,402,19
209,408,74
209,410,38
209,411,96
209,418,56
209,422,37
209,425,77
209,426,87
209,427,7
209,438,94
209,439,62
209,440,31
209,444,77
209,447,33
209,448,61
209,449,96
209,451,70
209,452,38
209,453,52
209,456,20
209,462,46
209,463,51
209,465,85
209,468,86
209,469,72
209,471,40
209,472,9
209,477,49
209,481,89
209,485,48
209,487,96
209,496,68
209,498,92
209,499,90
209,502,77
209,504,50
209,507,18
209,509,80
210,211,84
210,212,100
210,214,46
210,215,9
210,216,32
210,222,48
210,223,59
210,228,75
210,230,35
210,234,58
210,239,79
210,240,60
210,245,90
210,247,11
210,250,62
210,251,99
210,253,75
210,258,54
210,260,22
210,261,32
210,263,82
210,270,6
210,271,73
210,278,84
210,280,82
210,283,87
210,287,82
210,294,99
210,296,22
210,298,65
210,301,11
210,302,40
210,306,22
210,307,83
210,309,31
210,312,30
210,315,51
210,319,60
210,320,28
210,324,26
210,325,59
210,326,92
210,327,43
210,335,58
210,339,12
210,340,28
210,345,78
210,347,90
210,351,27
210,353,97
210,354,57
210,357,59
210,363,19
210,365,75
210,367,93
210,368,78
210,371,86
210,373,94
210,374,46
210,375,11
210,381,65
210,383,36
210,386,64
210,389,81
210,392,82
210,395,48
210,404,86
210,406,71
210,407,64
210,414,15
210,415,62
210,419,77
210,421,97
210,427,3
210,430,53
210,435,92
210,436,80
210,445,29
210,446,47
210,449,61
210,453,42
210,455,38
210,462,4
210,464,19
210,465,53
210,466,82
210,468,3
210,470,79
210,471,54
210,473,92
210,474,66
210,475,67
210,477,60
210,479,10
210,481,57
210,482,74
210,484,34
210,485,80
210,486,99
210,489,19
210,494,17
210,497,60
210,503,63
210,504,48
210,505,42
210,508,86
210,509,71
211,213,94
211,214,59
211,220,17
211,222,87
211,227,70
211,232,39
211,233,4
211,237,96
211,238,22
211,242,67
211,245,1
211,247,28
211,248,3
211,252,58
211,254,12
211,255,42
211,256,59
211,257,26
211,258,65
211,260,48
211,269,87
211,270,73
211,273,29
211,275,11
211,276,64
211,277,28
211,278,9
211,281,59
211,301,31
211,303,16
211,304,100
211,305,48
211,309,87
211,312,87
211,313,78
211,318,13
211,319,98
211,324,77
211,329,47
211,331,74
211,336,99
211,337,49
211,340,55
211,341,54
211,342,35
211,345,20
211,349,30
211,350,46
211,352,6
211,354,51
211,355,32
211,357,84
211,358,66
211,360,51
211,366,55
211,377,23
211,384,76
211,387,61
211,388,14
211,390,15
211,401,86
211,402,88
211,403,90
211,411,31
211,412,100
211,417,82
211,421,5
211,424,20
211,429,38
211,432,48
211,438,56
211,439,32
211,442,98
211,445,92
211,446,48
211,447,93
211,455,45
211,456,59
211,466,12
211,471,36
211,476,86
211,477,92
211,478,5
211,480,94
211,483,58
211,489,37
211,494,41
211,497,74
211,500,15
211,502,19
211,503,16
211,511,40
211,212,35
212,215,30
212,217,53
212,224,41
212,227,59
212,228,79
212,238,35
212,244,74
212,250,76
212,255,17
212,257,82
212,258,70
212,259,10
212,261,64
212,265,97
212,266,8
212,270,96
212,277,96
212,278,23
212,293,84
212,296,77
212,298,71
212,299,60
212,302,16
212,304,67
212,309,19
212,313,18
212,314,91
212,320,54
212,324,4
212,325,16
212,327,73
212,335,80
212,341,13
212,342,63
212,343,19
212,346,61
212,349,53
212,354,47
212,358,50
212,359,67
212,361,33
212,365,24
212,367,34
212,370,38
212,371,11
212,380,39
212,383,13
212,385,90
212,391,43
212,395,55
212,396,49
212,397,22
212,400,63
212,401,66
212,402,5
212,407,71
212,411,100
212,412,92
212,413,98
212,414,5
212,417,40
212,420,3
212,422,96
212,424,24
212,425,65
212,426,15
212,427,95
212,433,11
212,443,10
212,450,22
212,453,14
212,456,6
212,459,73
212,461,11
212,466,70
212,467,44
212,468,14
212,469,99
212,473,12
212,474,20
212,476,23
212,479,61
212,481,92
212,495,2
212,497,59
212,510,27
212,213,17
213,215,90
213,216,21
213,217,41
213,219,31
213,221,88
213,224,1
213,227,11
213,229,31
213,230,10
213,232,35
213,233,70
213,235,96
213,237,95
213,240,76
213,241,56
213,247,37
213,251,17
213,252,10
213,256,97
213,258,98
213,260,48
213,265,59
213,266,48
213,268,24
213,270,25
213,272,21
213,274,92
213,275,51
213,276,81
213,280,99
213,281,39
213,283,60
213,284,30
213,287,51
213,289,35
213,290,41
213,291,68
213,292,80
213,295,18
213,300,87
213,301,29
213,305,26
213,306,69
213,310,10
213,311,92
213,314,24
213,317,73
213,331,82
213,333,37
213,334,13
213,340,84
213,342,88
213,344,68
213,357,53
213,359,69
213,360,39
213,362,84
213,373,4
213,375,23
213,376,30
213,384,60
213,387,73
213,399,75
213,401,91
213,406,50
213,407,70
213,410,31
213,413,63
213,419,41
213,425,88
213,428,26
213,429,9
213,434,35
213,435,56
213,438,53
213,440,51
213,444,83
213,450,33
213,456,44
213,461,83
213,463,25
213,467,6
213,469,59
213,470,84
213,472,23
213,476,49
213,478,21
213,482,25
213,483,21
213,484,40
213,489,87
213,496,100
213,497,75
213,499,53
213,214,25
214,216,91
214,223,100
214,229,100
214,235,37
214,241,85
214,242,71
214,250,15
214,252,63
214,257,25
214,258,14
214,269,11
214,271,28
214,272,4
214,274,1
214,277,8
214,284,74
214,285,37
214,287,21
214,289,45
214,293,68
214,296,52
214,302,23
214,303,94
214,306,79
214,307,62
214,309,33
214,312,6
214,313,7
214,315,28
214,316,80
214,320,40
214,322,87
214,325,23
214,327,40
214,329,79
214,330,23
214,331,22
214,332,52
214,334,98
214,340,10
214,343,43
214,348,52
214,351,37
214,353,80
214,359,8
214,367,54
214,372,23
214,373,98
214,375,1
214,377,52
214,380,89
214,383,54
214,384,83
214,386,63
214,394,88
214,396,58
214,397,70
214,398,17
214,400,89
214,407,19
214,408,33
214,413,20
214,416,2
214,420,61
214,421,89
214,423,1
214,426,55
214,429,41
214,430,91
214,432,15
214,438,69
214,440,3
214,445,69
214,448,67
214,449,70
214,457,50
214,458,5
214,461,39
214,465,73
214,466,57
214,467,80
214,468,13
214,470,41
214,472,60
214,475,62
214,476,52
214,490,67
214,496,1
214,502,26
214,509,72
214,215,94
215,216,22
215,217,1
215,222,37
215,223,41
215,226,26
215,227,6
215,229,96
215,231,4
215,232,37
215,234,49
215,238,60
215,242,4
215,244,55
215,250,68
215,253,63
215,256,80
215,262,50
215,264,24
215,266,66
215,267,30
215,277,83
215,278,22
215,281,70
215,282,42
215,284,11
215,295,20
215,296,30
215,303,17
215,304,82
215,305,1
215,309,8
215,312,97
215,315,51
215,317,76
215,325,73
215,328,63
215,329,65
215,333,7
215,337,100
215,338,90
215,341,95
215,346,63
215,354,78
215,359,37
215,360,74
215,364,86
215,365,81
215,368,3
215,377,93
215,380,35
215,385,52
215,389,17
215,390,63
215,391,35
215,394,99
215,396,45
215,400,74
215,403,84
215,411,13
215,413,99
215,423,16
215,428,22
215,429,93
215,431,69
215,433,31
215,436,13
215,437,88
215,438,53
215,440,42
215,441,74
215,444,90
215,447,13
215,459,73
215,461,79
215,462,78
215,466,84
215,467,75
215,469,55
215,470,50
215,472,67
215,474,83
215,476,9
215,485,16
215,487,14
215,492,6
215,500,25
216,223,67
216,225,54
216,232,30
216,235,89
216,243,31
216,245,65
216,247,97
216,248,11
216,251,4
216,254,88
216,256,2
216,258,78
216,262,97
216,264,64
216,270,40
216,271,56
216,274,49
216,280,77
216,285,8
216,287,24
216,298,75
216,304,56
216,311,95
216,314,4
216,325,57
216,329,48
216,332,19
216,336,99
216,337,61
216,340,76
216,342,55
216,344,42
216,346,5
216,353,21
216,356,25
216,359,43
216,361,20
216,362,7
216,365,43
216,366,5
216,373,15
216,375,98
216,377,25
216,379,33
216,382,40
216,386,42
216,390,24
216,391,90
216,392,84
216,398,62
216,399,33
216,405,52
216,409,39
216,411,68
216,419,10
216,421,85
216,426,65
216,430,88
216,432,32
216,434,71
216,436,93
216,447,59
216,449,22
216,450,16
216,454,41
216,455,33
216,458,67
216,461,9
216,462,64
216,463,45
216,464,78
216,466,60
216,467,21
216,479,21
216,480,74
216,481,61
216,483,99
216,484,23
216,487,93
216,502,61
216,506,13
216,510,45
216,217,96
217,218,39
217,219,71
217,221,4
217,224,70
217,228,58
217,232,39
217,239,22
217,241,20
217,242,35
217,243,39
217,246,17
217,249,96
217,259,33
217,260,36
217,261,28
217,266,95
217,269,50
217,278,92
217,280,59
217,283,4
217,288,17
217,290,93
217,291,87
217,294,69
217,305,29
217,307,82
217,309,54
217,310,47
217,317,38
217,318,4
217,320,12
217,321,39
217,326,29
217,334,77
217,335,26
217,340,27
217,342,37
217,346,63
217,352,52
217,355,12
217,358,20
217,359,23
217,363,41
217,365,54
217,367,96
217,371,83
217,378,51
217,386,15
217,387,69
217,389,94
217,395,88
217,398,91
217,401,8
217,402,6
217,406,71
217,410,84
217,411,11
217,413,13
217,417,20
217,421,24
217,422,4
217,429,17
217,432,8
217,436,40
217,438,34
217,439,20
217,445,42
217,447,48
217,449,81
217,453,61
217,457,93
217,459,92
217,461,32
217,464,68
217,468,2
217,470,60
217,473,60
217,474,60
217,477,27
217,482,61
217,486,18
217,490,60
217,491,25
217,494,95
217,496,82
217,497,55
217,499,81
217,509,31
218,228,4
218,229,71
218,233,45
218,240,43
218,241,32
218,246,78
218,247,52
218,250,26
218,259,16
218,262,77
218,263,31
218,266,7
218,267,28
218,268,56
218,271,16
218,272,4
218,273,4
218,276,68
218,278,22
218,284,58
218,288,2
218,291,46
218,292,21
218,298,14
218,301,77
218,302,64
218,304,91
218,306,16
218,309,67
218,314,51
218,315,66
218,321,10
218,326,88
218,344,34
218,345,72
218,352,99
218,354,12
218,356,80
218,360,65
218,361,65
218,368,95
218,370,12
218,371,50
218,372,50
218,375,32
218,377,49
218,378,22
218,380,28
218,382,89
218,386,46
218,387,23
218,389,42
218,392,26
218,394,29
218,396,59
218,398,13
218,399,36
218,400,74
218,403,79
218,405,97
218,406,18
218,409,34
218,411,36
218,413,45
218,419,16
218,423,96
218,428,83
218,431,64
218,440,44
218,441,89
218,445,7
218,453,25
218,454,26
218,455,23
218,457,65
218,458,54
218,461,58
218,472,88
218,475,81
218,477,49
218,480,91
218,486,3
218,494,68
218,498,76
218,501,30
218,504,62
218,507,41
218,509,26
218,510,64
218,219,23
219,221,20
219,227,15
219,238,61
219,241,65
219,242,77
219,243,78
219,244,10
219,261,76
219,264,22
219,272,20
219,276,12
219,280,15
219,289,36
219,290,24
219,295,64
219,297,5
219,317,99
219,318,28
219,323,58
219,324,92
219,325,71
219,328,26
219,329,31
219,332,31
219,335,77
219,337,84
219,338,13
219,339,23
219,340,89
219,342,28
219,343,6
219,344,51
219,345,28
219,352,41
219,356,10
219,357,44
219,362,2
219,363,84
219,366,67
219,371,49
219,377,40
219,378,87
219,379,15
219,385,21
219,386,82
219,391,63
219,396,66
219,398,84
219,399,97
219,400,96
219,402,81
219,412,85
219,414,53
219,415,79
219,421,72
219,425,23
219,431,26
219,441,73
219,444,78
219,445,30
219,446,86
219,447,25
219,448,2
219,449,69
219,451,5
219,452,1
219,453,22
219,456,90
219,462,58
219,467,64
219,476,62
219,477,44
219,478,17
219,480,89
219,481,94
219,482,99
219,483,75
219,496,56
219,501,11
219,503,94
219,506,14
219,510,60
219,220,61
220,226,52
220,230,29
220,231,46
220,232,28
220,234,53
220,235,98
220,256,17
220,261,68
220,262,32
220,264,46
220,267,35
220,269,88
220,272,36
220,280,12
220,284,52
220,285,13
220,295,2
220,297,71
220,299,100
220,300,28
220,310,3
220,312,21
220,320,7
220,322,37
220,323,55
220,324,3
220,339,68
220,341,8
220,343,40
220,344,37
220,346,1
220,350,1
220,352,98
220,355,89
220,362,89
220,364,45
220,365,83
220,371,41
220,376,28
220,377,38
220,378,58
220,380,37
220,382,56
220,383,94
220,386,33
220,394,65
220,399,57
220,400,28
220,401,50
220,404,66
220,407,52
220,413,39
220,425,49
220,431,93
220,432,51
220,433,65
220,440,49
220,442,34
220,443,2
220,444,6
220,445,63
220,446,43
220,449,24
220,452,41
220,455,56
220,456,87
220,458,97
220,460,35
220,463,88
220,465,37
220,468,91
220,469,73
220,471,13
220,479,57
220,483,76
220,492,24
220,495,97
220,499,48
220,504,44
220,507,75
220,511,89
220,221,11
221,223,77
221,235,55
221,236,32
221,239,46
221,240,75
221,242,25
221,246,5
221,256,44
221,259,5
221,261,70
221,265,44
221,267,71
221,273,70
221,274,82
221,277,94
221,278,25
221,280,31
221,283,98
221,291,13
221,297,33
221,300,33
221,314,52
221,316,86
221,319,7
221,338,67
221,339,4
221,346,18
221,348,97
221,350,12
221,358,65
221,364,43
221,365,82
221,366,34
221,376,79
221,380,59
221,384,77
221,394,2
221,398,35
221,402,60
221,403,59
221,405,41
221,410,100
221,411,7
221,412,6
221,413,22
221,415,35
221,419,70
221,420,78
221,424,51
221,425,36
221,434,56
221,435,40
221,438,53
221,441,36
221,445,44
221,446,36
221,447,55
221,448,4
221,450,87
221,452,46
221,454,20
221,455,19
221,456,92
221,459,59
221,472,61
221,473,95
221,474,25
221,475,16
221,476,33
221,477,52
221,480,3
221,483,30
221,486,25
221,491,54
221,497,50
221,500,16
221,505,13
221,510,40
221,222,62
222,223,90
222,233,86
222,234,78
222,237,46
222,245,76
222,251,79
222,260,42
222,262,51
222,263,40
222,264,46
222,265,6
222,267,91
222,269,25
222,270,85
222,271,24
222,272,43
222,275,87
222,278,25
222,279,16
222,288,95
222,289,73
222,292,8
222,294,100
222,297,14
222,300,82
222,303,21
222,309,72
222,310,8
222,311,31
222,313,17
222,315,70
222,316,49
222,317,21
222,322,25
222,323,30
222,330,39
222,333,21
222,338,54
222,345,86
222,347,10
222,350,50
222,351,80
222,354,60
222,357,19
222,359,68
222,362,59
222,365,40
222,367,39
222,372,46
222,376,27
222,378,7
222,380,8
222,382,11
222,390,36
222,392,59
222,397,66
222,399,27
222,400,68
222,402,33
222,403,55
222,406,66
222,412,74
222,414,2
222,418,22
222,422,9
222,423,35
222,426,31
222,427,57
222,428,14
222,429,61
222,432,50
222,439,48
222,440,96
222,443,38
222,446,55
222,449,25
222,456,12
222,457,21
222,462,94
222,465,49
222,469,81
222,471,46
222,476,32
222,485,60
222,487,38
222,489,89
222,491,51
222,495,30
222,497,49
222,507,100
222,509,99
222,510,36
223,225,30
223,231,89
223,237,72
223,240,72
223,241,87
223,246,66
223,251,40
223,253,2
223,254,43
223,258,63
223,261,72
223,263,34
223,265,24
223,266,16
223,268,66
223,269,85
223,270,27
223,271,75
223,273,39
223,275,24
223,279,78
223,288,100
223,294,59
223,295,17
223,297,44
223,300,66
223,302,59
223,304,99
223,310,24
223,318,83
223,320,34
223,323,4
223,330,90
223,332,42
223,333,51
223,335,84
223,337,13
223,338,20
223,343,99
223,347,50
223,355,81
223,363,67
223,368,4
223,382,88
223,386,76
223,391,28
223,393,47
223,394,55
223,409,95
223,410,12
223,411,33
223,415,9
223,418,93
223,425,52
223,426,24
223,427,38
223,429,70
223,430,87
223,431,44
223,432,32
223,433,55
223,438,1
223,441,24
223,444,64
223,447,100
223,455,64
223,457,53
223,461,96
223,464,70
223,466,52
223,471,83
223,474,38
223,477,92
223,481,93
223,491,60
223,494,76
223,498,22
223,505,20
223,507,60
223,508,96
223,510,88
223,224,80
224,225,74
224,227,11
224,228,13
224,236,22
224,238,53
224,242,63
224,246,60
224,254,21
224,255,84
224,256,1
224,257,16
224,258,82
224,261,22
224,264,26
224,268,15
224,269,10
224,271,10
224,273,10
224,275,98
224,284,92
224,285,59
224,286,16
224,291,85
224,293,41
224,297,33
224,299,72
224,301,97
224,307,1
224,308,59
224,310,21
224,316,67
224,322,1
224,329,92
224,330,93
224,334,74
224,335,51
224,338,83
224,346,81
224,352,61
224,355,17
224,357,28
224,358,87
224,363,15
224,364,16
224,367,54
224,374,52
224,378,79
224,388,98
224,393,99
224,394,62
224,395,20
224,396,61
224,399,71
224,403,86
224,406,15
224,409,48
224,411,94
224,414,25
224,415,8
224,416,26
224,418,37
224,422,58
224,423,11
224,427,71
224,428,61
224,434,85
224,435,49
224,438,82
224,439,66
224,444,78
224,451,87
224,455,40
224,464,81
224,469,6
224,471,46
224,472,99
224,474,71
224,476,58
224,480,42
224,481,74
224,483,56
224,487,91
224,488,81
224,491,56
224,492,82
224,494,54
224,495,91
224,498,60
224,500,7
224,505,76
224,508,96
224,509,13
224,510,15
224,511,86
225,226,76
225,233,16
225,234,18
225,235,25
225,240,60
225,242,95
225,243,15
225,247,5
225,249,96
225,253,64
225,255,66
225,258,77
225,262,80
225,268,59
225,270,76
225,271,83
225,273,35
225,274,94
225,275,79
225,277,58
225,282,82
225,283,16
225,286,64
225,294,62
225,295,99
225,296,10
225,297,61
225,303,84
225,306,71
225,307,84
225,308,44
225,313,88
225,314,48
225,325,25
225,326,94
225,327,63
225,329,79
225,335,76
225,336,40
225,337,26
225,340,57
225,342,54
225,348,56
225,349,44
225,351,14
225,352,57
225,357,52
225,360,28
225,363,52
225,366,7
225,373,4
225,380,45
225,381,98
225,387,1
225,391,28
225,392,6
225,393,68
225,394,13
225,395,64
225,397,4
225,399,67
225,400,39
225,401,86
225,403,45
225,406,36
225,409,25
225,411,80
225,418,2
225,428,61
225,431,100
225,432,93
225,433,95
225,434,63
225,435,45
225,438,98
225,440,24
225,446,42
225,447,65
225,449,57
225,453,80
225,454,88
225,455,34
225,459,75
225,463,21
225,465,5
225,466,70
225,469,9
225,470,89
225,474,45
225,476,22
225,487,5
225,495,77
225,499,86
225,500,22
225,505,33
225,509,60
225,510,88
225,511,59
226,231,7
226,234,24
226,242,62
226,246,49
226,252,18
226,258,66
226,260,17
226,271,14
226,276,88
226,280,30
226,282,4
226,284,64
226,287,95
226,288,88
226,291,99
226,293,72
226,298,53
226,307,18
226,313,88
226,315,91
226,318,53
226,323,19
226,327,6
226,337,93
226,338,56
226,340,51
226,348,87
226,349,25
226,359,54
226,363,48
226,367,56
226,368,14
226,369,76
226,371,60
226,377,62
226,378,11
226,388,74
226,392,8
226,393,56
226,394,38
226,396,89
226,397,4
226,402,6
226,403,68
226,412,82
226,415,87
226,420,100
226,423,70
226,426,45
226,427,66
226,431,59
226,432,70
226,434,46
226,452,30
226,453,8
226,454,15
226,458,15
226,460,84
226,464,88
226,466,91
226,468,92
226,469,95
226,470,74
226,473,30
226,480,48
226,482,96
226,487,29
226,491,14
226,493,97
226,500,77
226,503,64
226,506,11
226,507,78
226,508,93
226,511,68
226,227,79
227,234,67
227,243,66
227,248,55
227,255,60
227,258,15
227,260,61
227,261,11
227,263,60
227,281,69
227,282,21
227,283,41
227,286,63
227,287,6
227,295,47
227,299,63
227,305,17
227,306,16
227,307,26
227,311,19
227,312,63
227,319,35
227,326,71
227,328,8
227,330,47
227,333,47
227,337,66
227,343,74
227,345,14
227,347,33
227,349,79
227,350,46
227,355,1
227,361,10
227,365,82
227,366,47
227,368,34
227,372,50
227,377,68
227,379,26
227,381,80
227,383,7
227,386,90
227,389,30
227,395,7
227,396,83
227,398,28
227,400,98
227,405,18
227,407,43
227,408,37
227,413,85
227,415,34
227,419,69
227,422,93
227,425,46
227,427,60
227,436,43
227,437,43
227,442,28
227,447,65
227,450,90
227,451,92
227,454,66
227,455,24
227,459,89
227,460,11
227,464,92
227,465,66
227,466,68
227,468,54
227,469,49
227,470,36
227,472,51
227,475,57
227,476,37
227,478,39
227,481,48
227,482,60
227,483,16
227,487,67
227,488,4
227,495,3
227,500,51
227,504,22
227,228,20
228,229,30
228,232,95
228,235,94
228,238,36
228,244,67
228,245,49
228,253,56
228,257,84
228,260,38
228,266,54
228,267,98
228,269,66
228,270,49
228,272,52
228,276,84
228,277,48
228,281,34
228,290,64
228,293,77
228,297,94
228,298,19
228,301,50
228,310,13
228,315,5
228,317,13
228,323,15
228,328,11
228,329,1
228,332,8
228,337,42
228,338,89
228,342,81
228,344,98
228,349,6
228,353,58
228,354,40
228,355,50
228,360,35
228,361,11
228,363,26
228,365,4
228,366,14
228,367,16
228,370,89
228,372,44
228,376,80
228,385,55
228,388,8
228,389,3
228,390,67
228,393,8
228,404,9
228,408,68
228,411,15
228,412,22
228,414,65
228,416,35
228,424,46
228,427,59
228,430,12
228,433,33
228,434,7
228,436,30
228,439,53
228,440,12
228,443,51
228,444,97
228,445,27
228,451,28
228,457,73
228,458,67
228,461,53
228,463,40
228,464,89
228,465,13
228,467,85
228,470,61
228,473,88
228,484,78
228,486,73
228,489,41
228,496,32
228,497,59
228,498,53
228,500,25
228,501,14
228,502,9
228,503,44
229,231,39
229,239,12
229,248,5
229,254,47
229,257,71
229,265,79
229,266,92
229,268,94
229,274,51
229,278,58
229,280,50
229,293,8
229,304,2
229,305,84
229,309,53
229,310,69
229,314,17
229,315,68
229,317,87
229,327,17
229,330,10
229,332,66
229,339,28
229,341,23
229,349,40
229,350,3
229,352,47
229,353,15
229,358,92
229,362,42
229,367,96
229,369,75
229,371,98
229,372,72
229,375,6
229,380,10
229,381,99
229,382,66
229,383,99
229,387,31
229,388,26
229,392,98
229,396,66
229,402,55
229,405,78
229,411,91
229,413,64
229,414,36
229,418,32
229,423,43
229,424,81
229,431,15
229,432,10
229,435,44
229,437,2
229,440,11
229,445,32
229,446,99
229,450,16
229,452,64
229,453,65
229,458,38
229,461,38
229,463,47
229,465,81
229,466,61
229,467,16
229,468,37
229,477,9
229,481,55
229,482,11
229,487,7
229,493,25
229,496,71
229,500,39
229,503,69
229,507,26
229,511,63
229,230,15
230,231,82
230,235,66
230,239,36
230,245,1
230,249,88
230,250,68
230,253,92
230,257,87
230,258,34
230,260,45
230,263,5
230,266,90
230,269,28
230,276,47
230,279,28
230,281,27
230,284,36
230,286,96
230,289,98
230,291,52
230,295,55
230,299,72
230,302,80
230,303,59
230,304,59
230,305,85
230,310,1
230,312,82
230,313,86
230,317,57
230,320,28
230,323,11
230,327,30
230,331,37
230,337,85
230,341,49
230,342,6
230,344,56
230,347,23
230,350,11
230,352,47
230,354,18
230,356,25
230,361,54
230,365,46
230,370,94
230,374,24
230,378,14
230,390,90
230,394,15
230,398,97
230,399,7
230,401,40
230,406,81
230,408,30
230,410,67
230,412,39
230,420,89
230,426,53
230,432,35
230,433,73
230,437,63
230,438,100
230,443,26
230,452,78
230,457,3
230,460,97
230,463,89
230,464,88
230,465,71
230,467,33
230,478,17
230,486,63
230,487,48
230,488,18
230,489,13
230,491,26
230,492,98
230,499,7
230,500,93
230,501,88
230,502,25
230,504,30
231,233,91
231,234,57
231,235,10
231,236,69
231,237,29
231,238,83
231,245,93
231,250,71
231,252,13
231,253,89
231,257,1
231,258,54
231,259,14
231,264,28
231,271,27
231,273,66
231,284,83
231,286,21
231,287,100
231,291,54
231,295,14
231,298,19
231,299,6
231,300,24
231,302,89
231,304,81
231,305,49
231,306,17
231,310,18
231,313,43
231,315,13
231,320,21
231,323,14
231,325,2
231,328,58
231,329,45
231,334,23
231,342,14
231,344,52
231,345,13
231,346,15
231,348,88
231,353,92
231,356,18
231,358,39
231,360,58
231,364,94
231,367,75
231,369,62
231,376,6
231,378,76
231,384,100
231,387,6
231,389,81
231,390,98
231,392,42
231,398,80
231,406,48
231,415,42
231,416,15
231,417,36
231,420,51
231,423,49
231,430,46
231,431,7
231,433,28
231,435,48
231,447,3
231,448,8
231,456,84
231,459,2
231,462,36
231,465,68
231,468,94
231,469,64
231,470,44
231,472,3
231,474,26
231,484,83
231,486,49
231,489,16
231,491,91
231,493,11
231,495,67
231,496,62
231,498,18
231,504,49
231,506,13
231,509,2
231,511,49
231,232,90
232,233,64
232,236,21
232,239,16
232,241,87
232,242,85
232,244,53
232,246,17
232,248,69
232,251,81
232,256,38
232,258,93
232,260,13
232,262,56
232,264,53
232,276,14
232,282,51
232,285,94
232,286,7
232,289,49
232,290,71
232,293,78
232,294,23
232,295,57
232,297,48
232,299,23
232,303,63
232,308,65
232,310,22
232,315,47
232,316,37
232,319,79
232,320,13
232,324,62
232,326,17
232,329,45
232,330,87
232,331,15
232,333,87
232,336,1
232,338,21
232,339,26
232,340,68
232,345,73
232,353,66
232,356,96
232,359,98
232,361,10
232,362,7
232,363,68
232,369,79
232,373,53
232,375,47
232,378,56
232,380,51
232,382,51
232,384,24
232,385,8
232,387,57
232,393,22
232,395,55
232,396,83
232,398,99
232,402,82
232,405,33
232,406,29
232,410,1
232,420,67
232,427,74
232,435,2
232,437,42
232,438,73
232,447,9
232,448,53
232,452,42
232,458,34
232,463,87
232,465,10
232,471,33
232,472,24
232,474,72
232,475,57
232,479,48
232,482,67
232,487,58
232,490,69
232,491,77
232,495,55
232,499,48
232,500,94
232,501,56
232,502,99
232,505,3
232,506,71
232,510,37
232,511,28
233,235,81
233,239,60
233,247,86
233,250,32
233,253,23
233,256,62
233,257,86
233,264,60
233,267,61
233,271,2
233,274,89
233,282,76
233,283,18
233,285,75
233,286,92
233,288,42
233,290,33
233,292,15
233,298,5
233,303,45
233,305,26
233,307,91
233,309,72
233,310,27
233,313,29
233,315,37
233,316,3
233,326,74
233,327,30
233,332,20
233,333,16
233,336,96
233,339,7
233,340,1
233,343,99
233,347,91
233,349,96
233,358,90
233,359,89
233,369,88
233,370,26
233,373,73
233,375,10
233,379,61
233,383,27
233,387,54
233,388,48
233,395,95
233,402,13
233,406,73
233,411,81
233,413,45
233,416,38
233,423,20
233,425,43
233,426,83
233,428,24
233,430,95
233,442,15
233,444,91
233,460,70
233,461,71
233,466,13
233,470,100
233,474,87
233,475,67
233,476,82
233,477,51
233,479,35
233,482,92
233,483,53
233,486,21
233,491,48
233,493,3
233,508,7
233,234,14
234,237,100
234,240,44
234,245,10
234,246,56
234,248,77
234,254,54
234,258,78
234,264,98
234,268,47
234,270,46
234,271,3
234,273,49
234,282,79
234,284,5
234,286,67
234,288,52
234,289,66
234,290,32
234,292,41
234,293,94
234,298,94
234,299,40
234,300,16
234,304,71
234,307,43
234,308,69
234,309,77
234,311,70
234,312,48
234,317,44
234,328,66
234,332,58
234,334,4
234,337,26
234,340,77
234,343,92
234,348,27
234,349,56
234,350,50
234,354,1
234,362,42
234,364,70
234,366,100
234,367,15
234,369,92
234,370,21
234,380,85
234,381,64
234,382,18
234,390,84
234,391,86
234,394,15
234,395,87
234,397,99
234,402,36
234,404,26
234,406,78
234,410,39
234,411,97
234,414,92
234,422,71
234,423,7
234,424,63
234,425,45
234,427,65
234,428,35
234,431,87
234,433,29
234,434,26
234,437,96
234,440,87
234,445,97
234,448,1
234,449,49
234,450,94
234,451,27
234,453,100
234,456,28
234,457,100
234,458,87
234,461,28
234,466,48
234,468,10
234,469,10
234,470,11
234,472,61
234,474,44
234,476,55
234,482,68
234,483,46
234,489,84
234,492,25
234,493,33
234,496,73
234,498,55
234,504,55
234,506,85
234,235,84
235,240,11
235,243,94
235,249,73
235,254,100
235,256,100
235,262,78
235,264,99
235,269,59
235,271,60
235,272,18
235,273,48
235,278,89
235,279,2
235,286,67
235,287,75
235,288,28
235,289,81
235,291,48
235,292,31
235,293,14
235,296,54
235,304,22
235,309,95
235,318,49
235,324,65
235,329,92
235,331,67
235,332,1
235,333,75
235,334,95
235,337,79
235,341,30
235,342,69
235,343,36
235,345,68
235,354,2
235,356,14
235,357,18
235,360,13
235,362,52
235,365,62
235,369,92
235,374,19
235,378,17
235,381,30
235,385,14
235,387,17
235,391,63
235,395,64
235,396,40
235,402,57
235,403,41
235,404,2
235,412,67
235,417,16
235,418,79
235,421,54
235,422,99
235,428,89
235,440,49
235,442,14
235,444,80
235,458,25
235,459,97
235,462,66
235,463,18
235,464,85
235,468,92
235,469,1
235,470,38
235,472,69
235,479,82
235,486,94
235,489,50
235,490,24
235,496,27
235,497,74
235,503,90
235,236,15
236,237,5
236,240,65
236,244,59
236,248,91
236,250,88
236,252,85
236,265,100
236,271,89
236,274,16
236,275,59
236,276,74
236,278,97
236,279,31
236,283,66
236,285,99
236,297,76
236,299,33
236,300,46
236,301,64
236,302,81
236,304,52
236,310,73
236,319,43
236,320,10
236,322,24
236,323,25
236,325,30
236,326,54
236,329,100
236,335,13
236,338,77
236,340,51
236,346,74
236,348,74
236,350,20
236,351,74
236,356,97
236,368,75
236,374,25
236,376,2
236,377,22
236,378,21
236,382,19
236,384,56
236,385,86
236,392,75
236,395,50
236,397,12
236,399,2
236,401,50
236,408,74
236,410,100
236,412,82
236,414,98
236,417,90
236,421,94
236,422,91
236,424,56
236,429,91
236,431,56
236,433,59
236,442,84
236,443,41
236,445,77
236,447,73
236,448,97
236,451,10
236,457,25
236,463,59
236,464,60
236,465,47
236,467,84
236,471,31
236,473,10
236,474,63
236,475,61
236,476,14
236,480,65
236,487,21
236,490,79
236,493,56
236,495,10
236,496,51
236,498,51
236,502,7
236,505,53
236,509,5
237,242,43
237,245,12
237,246,50
237,248,41
237,249,54
237,255,88
237,263,87
237,264,49
237,266,76
237,269,60
237,275,88
237,280,95
237,283,90
237,284,90
237,288,18
237,289,10
237,293,29
237,296,25
237,300,50
237,302,3
237,305,90
237,308,61
237,309,76
237,311,72
237,318,26
237,320,33
237,323,87
237,325,54
237,332,64
237,334,62
237,338,95
237,340,36
237,345,95
237,347,32
237,348,11
237,352,79
237,353,55
237,354,43
237,361,47
237,365,91
237,366,84
237,367,91
237,369,16
237,373,39
237,375,85
237,376,85
237,377,64
237,383,9
237,386,8
237,387,5
237,388,88
237,391,46
237,405,53
237,406,83
237,408,72
237,413,88
237,414,89
237,418,61
237,425,44
237,426,51
237,432,2
237,434,46
237,435,16
237,439,95
237,442,34
237,444,93
237,446,46
237,453,24
237,458,27
237,462,24
237,464,82
237,477,65
237,479,21
237,480,93
237,485,60
237,490,80
237,494,82
237,499,45
237,504,3
237,508,30
237,238,87
238,239,8
238,244,78
238,247,29
238,248,88
238,254,58
238,260,81
238,263,22
238,271,13
238,272,79
238,276,31
238,278,89
238,280,91
238,289,77
238,291,2
238,292,54
238,295,80
238,297,66
238,300,24
238,304,76
238,308,54
238,309,67
238,311,29
238,317,91
238,322,97
238,323,92
238,324,74
238,326,17
238,328,58
238,336,64
238,339,90
238,343,42
238,345,32
238,349,45
238,356,95
238,357,92
238,358,84
238,361,50
238,362,16
238,365,91
238,366,27
238,379,76
238,381,13
238,382,68
238,393,74
238,394,49
238,396,5
238,398,13
238,399,17
238,402,88
238,404,47
238,405,37
238,407,39
238,408,51
238,414,85
238,415,31
238,417,87
238,421,27
238,423,1
238,424,23
238,427,46
238,430,62
238,433,84
238,434,98
238,435,13
238,436,48
238,437,31
238,453,4
238,459,94
238,465,93
238,468,52
238,471,90
238,472,83
238,475,46
238,477,28
238,478,78
238,482,100
238,486,75
238,493,10
238,494,25
238,495,72
238,496,22
238,498,50
238,505,93
238,507,24
239,242,10
239,253,53
239,254,20
239,260,22
239,262,77
239,269,59
239,276,90
239,277,19
239,279,41
239,286,39
239,288,87
239,290,55
239,294,4
239,299,16
239,300,91
239,302,32
239,304,66
239,306,78
239,311,30
239,312,56
239,316,64
239,322,31
239,334,48
239,340,49
239,346,16
239,349,13
239,351,10
239,353,65
239,364,97
239,365,99
239,370,99
239,372,95
239,374,27
239,384,47
239,390,5
239,397,68
239,398,13
239,403,39
239,409,87
239,414,21
239,418,62
239,420,90
239,435,18
239,439,48
239,443,61
239,447,93
239,448,40
239,450,56
239,453,75
239,461,44
239,476,7
239,477,31
239,478,39
239,480,4
239,484,69
239,489,55
239,491,1
239,492,10
239,493,68
239,501,85
239,502,74
239,503,92
239,505,5
239,507,92
239,510,72
239,240,42
240,241,75
240,244,86
240,248,25
240,249,51
240,251,55
240,252,42
240,255,9
240,263,92
240,267,49
240,270,20
240,271,54
240,272,71
240,276,12
240,279,13
240,282,38
240,284,82
240,288,19
240,289,37
240,303,83
240,305,4
240,306,17
240,308,53
240,309,69
240,314,51
240,316,68
240,322,92
240,323,39
240,325,47
240,327,13
240,340,32
240,345,51
240,347,79
240,348,64
240,349,27
240,351,88
240,353,38
240,356,88
240,358,5
240,363,77
240,365,41
240,368,7
240,371,30
240,374,58
240,375,71
240,376,15
240,380,37
240,383,23
240,384,5
240,388,54
240,395,18
240,400,2
240,402,28
240,403,44
240,404,61
240,410,82
240,416,89
240,419,79
240,425,38
240,427,13
240,430,55
240,432,2
240,433,41
240,436,18
240,442,88
240,443,10
240,445,29
240,448,65
240,449,76
240,456,66
240,458,12
240,459,16
240,460,55
240,461,93
240,465,4
240,468,48
240,469,61
240,472,15
240,474,60
240,479,27
240,482,53
240,485,68
240,486,12
240,488,18
240,489,4
240,492,62
240,496,96
240,499,33
240,506,84
241,243,46
241,247,82
241,248,56
241,249,54
241,250,59
241,254,6
241,259,1
241,263,68
241,266,32
241,269,98
241,274,69
241,275,3
241,276,56
241,282,86
241,285,47
241,286,55
241,287,80
241,289,92
241,292,78
241,298,54
241,299,53
241,303,61
241,305,23
241,307,77
241,308,6
241,319,87
241,326,79
241,327,62
241,332,75
241,334,14
241,337,85
241,340,59
241,341,61
241,345,70
241,346,83
241,360,71
241,361,36
241,362,74
241,368,21
241,369,9
241,371,4
241,375,3
241,377,83
241,387,42
241,397,99
241,398,64
241,399,38
241,400,54
241,402,90
241,412,54
241,424,26
241,438,40
241,439,4
241,446,70
241,452,40
241,455,47
241,456,39
241,458,81
241,462,77
241,465,39
241,467,17
241,468,65
241,472,29
241,476,79
241,479,87
241,483,9
241,485,63
241,492,25
241,503,41
241,504,70
241,511,12
241,242,11
242,248,93
242,252,5
242,253,34
242,257,1
242,260,68
242,272,58
242,274,81
242,279,37
242,284,11
242,287,14
242,288,9
242,290,68
242,294,24
242,296,99
242,303,31
242,311,88
242,319,14
242,321,18
242,325,47
242,326,27
242,330,50
242,336,4
242,341,37
242,344,86
242,348,52
242,349,51
242,352,44
242,354,51
242,361,3
242,366,28
242,368,57
242,369,24
242,371,74
242,381,55
242,387,41
242,389,95
242,392,7
242,395,20
242,396,57
242,398,62
242,400,26
242,401,45
242,415,49
242,417,18
242,422,8
242,423,31
242,426,2
242,428,70
242,429,57
242,430,43
242,431,6
242,433,97
242,441,32
242,444,57
242,454,90
242,463,70
242,465,50
242,467,20
242,470,43
242,471,53
242,475,43
242,479,91
242,490,4
242,496,80
242,498,61
242,502,52
242,506,52
242,511,58
242,243,13
243,251,30
243,253,22
243,254,23
243,256,25
243,257,46
243,259,23
243,260,41
243,268,82
243,271,5
243,272,54
243,275,21
243,279,74
243,280,8
243,288,73
243,289,26
243,295,54
243,299,45
243,301,28
243,302,38
243,305,68
243,306,66
243,309,48
243,312,20
243,315,92
243,316,100
243,317,9
243,326,48
243,340,77
243,343,10
243,347,80
243,348,62
243,353,70
243,354,15
243,355,34
243,356,65
243,359,69
243,366,72
243,367,91
243,368,41
243,370,81
243,373,85
243,388,79
243,389,55
243,393,18
243,394,91
243,396,8
243,406,29
243,408,87
243,410,43
243,412,85
243,414,16
243,421,19
243,428,41
243,431,84
243,432,89
243,434,9
243,437,3
243,443,37
243,444,59
243,448,96
243,450,74
243,453,24
243,454,33
243,458,40
243,459,55
243,460,67
243,462,71
243,465,31
243,467,48
243,468,44
243,471,86
243,472,99
243,477,48
243,480,71
243,481,86
243,484,43
243,487,9
243,488,82
243,490,85
243,491,92
243,494,80
243,496,96
243,499,26
243,502,15
243,504,2
243,505,56
243,511,9
243,244,74
244,246,88
244,253,68
244,254,68
244,256,52
244,257,30
244,262,17
244,264,91
244,270,15
244,272,8
244,276,59
244,277,92
244,278,37
244,280,37
244,288,7
244,291,89
244,297,37
244,302,51
244,303,100
244,306,39
244,308,69
244,311,61
244,315,22
244,321,36
244,324,75
244,326,97
244,333,77
244,334,99
244,335,29
244,336,44
244,341,67
244,344,20
244,348,19
244,349,21
244,354,15
244,364,96
244,368,63
244,369,80
244,370,3
244,375,80
244,376,58
244,379,89
244,381,12
244,387,60
244,390,45
244,397,88
244,404,11
244,406,92
244,409,52
244,413,53
244,414,90
244,415,86
244,416,23
244,417,48
244,421,15
244,422,80
244,424,100
244,425,10
244,427,36
244,433,60
244,440,33
244,442,89
244,446,3
244,447,74
244,449,57
244,454,58
244,455,44
244,459,22
244,464,7
244,465,34
244,466,43
244,473,53
244,481,46
244,491,58
244,493,59
244,496,15
244,499,9
244,501,15
244,503,75
244,504,73
244,245,20
245,250,39
245,252,5
245,255,18
245,257,12
245,258,25
245,260,25
245,261,86
245,262,35
245,267,48
245,270,43
245,285,73
245,293,33
245,301,20
245,302,2
245,311,37
245,312,13
245,313,13
245,318,97
245,324,14
245,328,10
245,333,54
245,334,84
245,339,87
245,341,18
245,343,25
245,348,19
245,353,12
245,354,34
245,358,58
245,359,75
245,360,66
245,362,88
245,363,87
245,364,4
245,365,82
245,366,42
245,368,72
245,369,96
245,371,30
245,377,33
245,379,94
245,382,31
245,387,19
245,390,69
245,394,100
245,396,60
245,398,59
245,400,78
245,408,85
245,410,93
245,413,94
245,414,72
245,419,61
245,420,61
245,429,62
245,430,81
245,433,3
245,439,8
245,440,28
245,442,92
245,445,97
245,450,2
245,451,49
245,454,63
245,456,46
245,458,24
245,459,97
245,461,55
245,463,88
245,467,14
245,475,88
245,479,28
245,482,42
245,483,46
245,490,22
245,491,23
245,493,50
245,497,3
245,498,47
245,499,5
245,246,10
246,247,48
246,250,78
246,254,22
246,259,34
246,263,57
246,264,65
246,268,88
246,272,61
246,274,80
246,275,83
246,277,61
246,278,38
246,280,4
246,282,8
246,284,9
246,287,94
246,288,49
246,290,20
246,294,43
246,295,49
246,296,17
246,300,9
246,302,26
246,307,79
246,309,12
246,315,74
246,317,50
246,319,76
246,324,46
246,325,19
246,327,97
246,328,1
246,329,43
246,338,44
246,340,11
246,344,92
246,345,56
246,346,75
246,351,5
246,352,72
246,355,57
246,361,79
246,364,79
246,365,3
246,382,64
246,383,91
246,385,60
246,393,63
246,395,30
246,396,48
246,397,32
246,398,34
246,399,83
246,400,70
246,401,34
246,402,26
246,404,5
246,405,93
246,407,57
246,414,4
246,415,44
246,416,55
246,418,62
246,430,2
246,432,51
246,444,32
246,445,22
246,446,33
246,447,58
246,451,57
246,453,17
246,459,37
246,462,87
246,469,51
246,471,68
246,472,23
246,474,27
246,476,40
246,477,72
246,478,94
246,480,63
246,491,73
246,492,100
246,493,3
246,500,33
246,511,65
247,248,47
247,249,34
247,250,13
247,251,20
247,254,23
247,256,26
247,260,61
247,263,39
247,269,59
247,272,98
247,274,20
247,298,74
247,301,50
247,302,45
247,305,4
247,308,30
247,313,77
247,314,34
247,315,1
247,319,43
247,329,85
247,331,96
247,335,41
247,339,64
247,340,2
247,341,50
247,344,20
247,346,60
247,357,59
247,358,99
247,363,83
247,364,5
247,367,32
247,373,49
247,375,37
247,379,92
247,380,90
247,383,81
247,387,93
247,388,75
247,390,47
247,393,3
247,395,53
247,398,97
247,411,29
247,420,77
247,421,10
247,425,58
247,432,31
247,433,32
247,434,27
247,435,49
247,437,15
247,445,45
247,448,68
247,450,65
247,453,21
247,457,92
247,458,73
247,460,53
247,464,75
247,470,98
247,472,84
247,477,17
247,478,68
247,480,19
247,483,1
247,485,37
247,501,9
247,504,65
247,508,65
248,254,8
248,259,10
248,262,48
248,263,35
248,264,64
248,265,45
248,269,27
248,271,6
248,272,98
248,274,76
248,278,96
248,283,67
248,284,88
248,291,17
248,293,67
248,300,3
248,302,29
248,303,100
248,309,80
248,310,18
248,317,78
248,320,54
248,321,63
248,322,23
248,324,75
248,326,21
248,332,31
248,333,31
248,335,52
248,337,99
248,343,6
248,347,84
248,349,72
248,360,50
248,361,87
248,365,88
248,367,93
248,370,31
248,371,36
248,372,1
248,373,37
248,374,91
248,376,66
248,379,22
248,381,83
248,383,28
248,385,78
248,388,21
248,395,83
248,400,19
248,401,11
248,402,31
248,404,44
248,405,77
248,407,75
248,408,56
248,409,10
248,415,8
248,417,71
248,418,63
248,424,16
248,426,25
248,430,28
248,433,74
248,434,14
248,444,25
248,445,8
248,447,84
248,448,67
248,451,63
248,452,29
248,454,49
248,457,77
248,462,93
248,465,18
248,469,15
248,470,38
248,476,24
248,479,85
248,484,1
248,485,75
248,486,73
248,492,8
248,493,7
248,497,11
248,498,19
248,502,37
248,505,7
248,507,8
248,508,45
248,509,34
248,511,53
248,249,12
249,251,1
249,255,69
249,257,3
249,259,62
249,263,46
249,264,61
249,265,47
249,270,75
249,274,63
249,275,2
249,277,90
249,278,46
249,284,72
249,285,63
249,292,77
249,299,26
249,300,34
249,302,62
249,303,76
249,312,41
249,313,35
249,316,16
249,319,60
249,321,14
249,332,26
249,338,22
249,340,43
249,341,32
249,344,62
249,345,83
249,347,99
249,349,7
249,351,3
249,355,85
249,356,59
249,357,14
249,359,30
249,361,37
249,368,88
249,369,9
249,373,63
249,381,29
249,382,86
249,383,28
249,384,66
249,390,61
249,403,63
249,409,95
249,412,75
249,413,36
249,414,66
249,420,32
249,423,73
249,428,56
249,432,38
249,434,12
249,436,90
249,439,52
249,440,62
249,441,59
249,442,75
249,443,48
249,445,87
249,453,29
249,457,99
249,459,41
249,460,18
249,461,47
249,464,49
249,465,89
249,467,56
249,468,81
249,472,61
249,482,12
249,487,12
249,498,30
249,500,94
249,506,70
249,507,19
249,511,24
249,250,11
250,253,26
250,255,12
250,257,32
250,267,34
250,268,50
250,273,58
250,275,96
250,277,9
250,282,6
250,286,77
250,288,92
250,300,30
250,309,6
250,313,97
250,319,48
250,322,61
250,323,85
250,334,32
250,336,80
250,337,33
250,338,11
250,341,68
250,343,33
250,344,52
250,347,7
250,348,90
250,350,89
250,354,33
250,362,78
250,370,94
250,372,36
250,374,95
250,377,29
250,380,14
250,381,67
250,393,9
250,395,66
250,397,31
250,402,43
250,405,91
250,409,45
250,414,91
250,418,2
250,422,55
250,423,39
250,424,38
250,425,1
250,426,55
250,434,1
250,438,17
250,444,1
250,448,64
250,449,20
250,452,100
250,455,80
250,456,24
250,460,53
250,461,25
250,466,97
250,467,5
250,468,22
250,470,48
250,473,30
250,474,12
250,480,75
250,482,43
250,484,83
250,485,78
250,488,37
250,493,54
250,494,31
250,496,89
250,498,87
250,500,34
250,501,17
250,502,63
250,506,83
250,508,81
250,509,60
250,251,5
251,253,33
251,255,79
251,256,60
251,257,94
251,259,51
251,261,27
251,269,20
251,270,4
251,276,35
251,278,61
251,285,9
251,291,96
251,293,47
251,301,18
251,303,39
251,306,65
251,313,57
251,318,41
251,327,54
251,336,63
251,338,53
251,340,66
251,343,96
251,344,6
251,346,71
251,347,47
251,351,46
251,352,48
251,353,56
251,355,22
251,359,84
251,364,21
251,366,63
251,367,99
251,368,92
251,369,6
251,376,95
251,377,54
251,380,33
251,382,93
251,383,76
251,386,30
251,387,71
251,388,28
251,392,43
251,399,82
251,400,13
251,402,98
251,405,100
251,406,85
251,408,79
251,409,99
251,410,21
251,415,90
251,416,26
251,417,14
251,422,54
251,423,91
251,424,46
251,431,1
251,438,41
251,442,44
251,443,5
251,452,28
251,463,92
251,466,37
251,469,67
251,472,70
251,475,81
251,480,40
251,482,78
251,485,30
251,502,7
251,506,26
251,252,33
252,261,99
252,266,28
252,270,80
252,280,46
252,285,99
252,293,23
252,295,30
252,300,47
252,304,100
252,307,48
252,311,60
252,312,56
252,314,85
252,318,9
252,328,57
252,334,71
252,335,26
252,337,63
252,339,24
252,345,51
252,352,20
252,355,36
252,356,47
252,357,25
252,361,43
252,363,41
252,364,87
252,365,76
252,367,17
252,374,46
252,379,14
252,382,27
252,392,42
252,393,54
252,394,64
252,395,50
252,396,77
252,403,33
252,404,99
252,405,65
252,407,76
252,411,97
252,414,22
252,415,49
252,416,6
252,421,27
252,424,26
252,427,9
252,432,65
252,435,8
252,437,14
252,445,93
252,465,9
252,466,41
252,471,7
252,474,14
252,475,22
252,476,94
252,479,10
252,486,64
252,487,66
252,488,34
252,489,33
252,490,46
252,494,18
252,496,92
252,498,64
252,499,37
252,500,54
252,503,10
252,509,30
252,511,26
252,253,31
253,254,60
253,257,29
253,259,45
253,260,12
253,263,27
253,268,49
253,273,97
253,274,4
253,276,32
253,277,32
253,280,53
253,282,9
253,286,15
253,288,42
253,289,99
253,299,45
253,300,82
253,307,10
253,309,8
253,311,99
253,315,70
253,317,12
253,319,7
253,320,16
253,321,77
253,322,98
253,323,18
253,324,72
253,328,13
253,331,83
253,336,7
253,338,84
253,343,31
253,366,28
253,371,19
253,372,37
253,373,47
253,382,83
253,387,76
253,390,6
253,395,13
253,403,46
253,407,65
253,412,80
253,414,68
253,418,86
253,424,20
253,425,24
253,429,2
253,430,58
253,433,10
253,434,90
253,443,67
253,444,92
253,447,8
253,450,40
253,451,84
253,458,11
253,459,71
253,462,86
253,463,28
253,465,68
253,476,20
253,477,58
253,478,6
253,480,69
253,489,91
253,498,69
253,499,67
253,501,47
253,509,70
254,256,69
254,260,86
254,261,16
254,265,2
254,269,56
254,273,20
254,274,44
254,276,65
254,282,22
254,285,100
254,290,92
254,291,74
254,294,53
254,298,15
254,299,98
254,302,41
254,304,57
254,321,76
254,326,5
254,334,50
254,341,16
254,347,83
254,351,17
254,352,73
254,358,19
254,359,66
254,362,30
254,368,29
254,371,27
254,374,93
254,379,78
254,381,82
254,388,82
254,389,70
254,396,20
254,401,39
254,404,75
254,418,37
254,419,25
254,421,78
254,422,8
254,425,48
254,426,51
254,428,73
254,432,46
254,435,22
254,436,75
254,445,86
254,446,20
254,453,64
254,455,95
254,459,8
254,462,95
254,471,56
254,472,7
254,475,81
254,480,48
254,481,19
254,483,48
254,489,54
254,490,34
254,492,84
254,496,86
254,497,76
254,499,89
254,500,4
254,502,19
254,509,38
254,510,75
254,255,43
255,262,91
255,263,38
255,279,38
255,289,100
255,291,95
255,294,64
255,296,97
255,297,74
255,303,77
255,307,32
255,308,62
255,309,1
255,311,37
255,314,96
255,319,21
255,320,87
255,321,36
255,324,5
255,326,16
255,328,62
255,329,10
255,333,78
255,340,92
255,341,63
255,345,40
255,347,5
255,353,87
255,355,36
255,357,4
255,359,72
255,371,99
255,372,81
255,374,51
255,379,52
255,381,18
255,385,69
255,388,93
255,390,83
255,398,4
255,400,85
255,402,9
255,410,98
255,411,26
255,415,17
255,417,20
255,420,65
255,421,48
255,424,100
255,427,48
255,433,40
255,435,80
255,441,84
255,444,38
255,445,93
255,447,100
255,450,87
255,456,37
255,459,62
255,461,21
255,463,63
255,467,37
255,473,94
255,483,38
255,493,80
255,499,72
255,500,50
255,501,51
255,502,12
255,504,34
255,505,92
255,506,32
255,507,54
255,511,69
255,256,54
256,274,51
256,277,52
256,280,56
256,283,27
256,291,16
256,293,56
256,298,7
256,301,11
256,304,91
256,306,50
256,307,87
256,308,81
256,309,57
256,310,83
256,319,98
256,320,65
256,328,36
256,330,94
256,332,90
256,334,92
256,339,96
256,340,26
256,341,61
256,346,60
256,350,83
256,352,92
256,353,84
256,357,47
256,361,26
256,362,95
256,363,85
256,364,47
256,365,21
256,372,76
256,377,50
256,381,76
256,388,61
256,389,30
256,392,40
256,403,89
256,404,80
256,409,4
256,414,15
256,419,80
256,424,25
256,428,83
256,453,27
256,454,86
256,457,33
256,463,66
256,466,45
256,471,72
256,479,6
256,480,44
256,486,43
256,487,63
256,488,81
256,491,12
256,493,70
256,497,35
256,502,22
256,504,37
256,506,75
256,507,41
256,508,59
256,509,61
256,510,9
256,257,73
257,261,84
257,262,41
257,266,81
257,268,30
257,271,28
257,273,78
257,277,40
257,282,75
257,285,74
257,287,75
257,293,94
257,296,94
257,298,83
257,300,97
257,302,95
257,310,25
257,311,35
257,313,4
257,322,17
257,323,50
257,324,76
257,325,16
257,327,32
257,333,15
257,335,85
257,337,97
257,339,29
257,345,35
257,350,40
257,351,95
257,355,74
257,356,80
257,358,34
257,360,69
257,361,69
257,367,87
257,368,22
257,371,3
257,379,94
257,387,30
257,396,89
257,398,36
257,403,54
257,405,96
257,406,17
257,410,28
257,412,16
257,416,18
257,417,35
257,419,96
257,421,34
257,423,3
257,424,29
257,428,62
257,431,43
257,432,55
257,438,75
257,440,58
257,442,26
257,445,66
257,447,93
257,452,50
257,453,50
257,460,40
257,461,22
257,465,36
257,466,81
257,468,33
257,472,93
257,478,99
257,480,15
257,482,25
257,484,61
257,494,100
257,498,68
257,499,14
257,507,80
257,508,73
257,509,47
257,511,36
257,258,87
258,261,15
258,263,96
258,270,4
258,271,99
258,275,84
258,282,61
258,283,42
258,284,35
258,286,32
258,287,76
258,291,56
258,298,12
258,302,37
258,311,17
258,312,31
258,313,42
258,320,35
258,324,39
258,327,23
258,332,77
258,333,18
258,336,75
258,345,63
258,346,19
258,348,42
258,351,28
258,352,16
258,356,30
258,358,74
258,361,4
258,372,69
258,377,29
258,378,16
258,380,53
258,386,25
258,387,27
258,397,75
258,399,72
258,403,68
258,406,8
258,407,45
258,408,85
258,409,55
258,410,59
258,411,55
258,420,89
258,424,41
258,426,73
258,427,27
258,430,70
258,432,55
258,436,39
258,440,68
258,448,95
258,450,98
258,451,2
258,452,22
258,454,2
258,455,8
258,456,3
258,459,96
258,461,11
258,466,82
258,467,12
258,468,87
258,472,61
258,474,19
258,475,91
258,476,31
258,478,65
258,485,37
258,488,4
258,490,26
258,493,25
258,494,89
258,495,15
258,510,90
258,511,97
258,259,22
259,264,87
259,266,60
259,270,97
259,271,61
259,273,28
259,274,83
259,276,36
259,283,75
259,286,99
259,290,21
259,291,34
259,293,37
259,301,10
259,307,29
259,308,42
259,312,75
259,316,4
259,317,66
259,318,87
259,320,88
259,322,78
259,323,48
259,324,74
259,326,59
259,327,60
259,332,53
259,333,99
259,338,51
259,339,98
259,340,28
259,345,13
259,346,70
259,353,92
259,359,87
259,360,75
259,361,46
259,363,36
259,366,91
259,368,49
259,369,28
259,374,56
259,376,39
259,377,2
259,381,3
259,383,28
259,386,67
259,388,45
259,389,91
259,390,22
259,398,78
259,400,71
259,401,50
259,402,71
259,407,10
259,408,81
259,415,18
259,418,22
259,422,46
259,425,28
259,426,12
259,428,39
259,431,6
259,436,64
259,438,19
259,448,100
259,458,56
259,460,75
259,464,95
259,465,67
259,469,30
259,476,93
259,479,92
259,490,2
259,491,44
259,504,3
259,506,80
259,260,3
260,261,74
260,262,23
260,265,98
260,266,32
260,270,59
260,273,30
260,275,49
260,279,72
260,282,55
260,288,56
260,291,95
260,296,47
260,307,94
260,309,86
260,310,14
260,313,52
260,315,45
260,318,12
260,321,18
260,323,97
260,326,59
260,327,48
260,334,11
260,337,78
260,339,19
260,340,84
260,355,75
260,356,20
260,362,59
260,366,86
260,368,61
260,369,30
260,372,42
260,376,53
260,377,52
260,381,15
260,385,68
260,387,75
260,397,60
260,401,78
260,403,53
260,404,100
260,405,51
260,407,81
260,412,27
260,414,32
260,415,68
260,421,88
260,422,27
260,427,98
260,432,82
260,433,72
260,434,42
260,436,88
260,437,46
260,441,96
260,444,5
260,445,51
260,446,39
260,449,93
260,450,17
260,452,64
260,455,38
260,458,74
260,459,43
260,460,73
260,463,7
260,466,72
260,469,10
260,472,55
260,478,42
260,479,82
260,484,60
260,489,29
260,492,63
260,503,70
260,505,51
260,506,55
260,511,73
261,263,20
261,268,24
261,270,81
261,271,30
261,276,85
261,283,84
261,284,93
261,288,18
261,290,43
261,294,24
261,297,41
261,304,70
261,311,59
261,312,48
261,315,46
261,317,31
261,324,31
261,326,96
261,328,76
261,336,3
261,338,57
261,339,70
261,340,98
261,342,37
261,344,37
261,345,29
261,347,73
261,349,18
261,351,82
261,352,73
261,355,65
261,356,22
261,359,28
261,361,67
261,366,14
261,367,68
261,368,72
261,381,42
261,386,96
261,387,19
261,392,39
261,393,45
261,401,20
261,409,14
261,419,18
261,432,20
261,433,9
261,435,83
261,436,4
261,437,10
261,442,83
261,444,12
261,453,4
261,454,45
261,456,88
261,457,30
261,461,24
261,469,53
261,471,38
261,472,51
261,479,19
261,482,22
261,487,74
261,489,94
261,492,93
261,493,65
261,497,71
261,502,77
261,511,15
261,262,33
262,268,14
262,269,23
262,271,96
262,273,47
262,277,36
262,287,10
262,288,81
262,292,36
262,297,30
262,303,30
262,306,56
262,314,28
262,315,44
262,317,42
262,318,6
262,321,43
262,324,27
262,327,85
262,329,80
262,333,8
262,340,86
262,345,93
262,346,78
262,347,66
262,350,86
262,355,90
262,368,42
262,370,20
262,372,37
262,375,94
262,377,19
262,382,90
262,383,47
262,385,59
262,386,27
262,392,63
262,393,87
262,394,57
262,404,28
262,406,63
262,414,79
262,425,100
262,426,63
262,435,77
262,440,85
262,441,37
262,443,55
262,447,50
262,452,5
262,457,58
262,458,91
262,461,88
262,462,28
262,465,23
262,468,45
262,472,99
262,473,83
262,475,45
262,478,10
262,479,58
262,485,69
262,487,67
262,488,93
262,491,86
262,494,59
262,496,89
262,497,52
262,502,35
262,504,19
262,508,40
262,510,2
262,263,21
263,267,30
263,269,73
263,273,47
263,278,89
263,279,3
263,282,91
263,285,7
263,287,68
263,289,26
263,291,98
263,292,41
263,293,42
263,303,41
263,306,26
263,307,17
263,309,91
263,310,6
263,316,24
263,318,64
263,322,94
263,330,54
263,333,57
263,338,78
263,346,41
263,348,33
263,352,72
263,353,13
263,368,96
263,369,1
263,379,48
263,380,13
263,383,10
263,390,71
263,393,77
263,395,34
263,401,34
263,402,18
263,407,55
263,408,16
263,410,98
263,411,24
263,412,47
263,414,18
263,417,12
263,418,99
263,420,40
263,423,5
263,426,69
263,433,9
263,434,83
263,435,19
263,436,9
263,439,92
263,448,48
263,450,29
263,452,4
263,453,88
263,454,59
263,457,25
263,463,41
263,465,79
263,466,8
263,467,33
263,476,10
263,481,76
263,482,100
263,483,74
263,485,97
263,489,56
263,492,80
263,495,67
263,499,21
263,500,40
263,504,11
263,506,66
263,508,24
263,264,27
264,270,26
264,274,90
264,277,62
264,278,15
264,279,17
264,282,77
264,289,56
264,292,73
264,294,4
264,295,80
264,306,38
264,308,42
264,311,99
264,312,64
264,313,90
264,319,13
264,324,12
264,327,80
264,329,40
264,334,68
264,335,1
264,337,82
264,342,36
264,346,9
264,348,10
264,350,64
264,352,3
264,355,36
264,356,40
264,357,36
264,361,28
264,365,83
264,367,56
264,371,20
264,373,29
264,376,60
264,378,83
264,380,71
264,383,38
264,390,41
264,392,4
264,394,82
264,396,21
264,400,67
264,401,9
264,402,57
264,403,27
264,404,32
264,409,65
264,412,29
264,414,39
264,415,18
264,418,92
264,419,4
264,421,86
264,423,7
264,426,41
264,428,53
264,434,38
264,437,61
264,438,47
264,441,41
264,444,68
264,445,51
264,446,98
264,449,92
264,450,30
264,452,82
264,460,34
264,465,92
264,476,2
264,483,77
264,484,9
264,485,55
264,492,62
264,496,27
264,498,21
264,501,72
264,502,74
264,505,19
264,265,69
265,267,88
265,272,97
265,273,88
265,274,87
265,275,95
265,278,44
265,281,54
265,283,35
265,285,14
265,286,27
265,287,79
265,288,31
265,290,81
265,293,98
265,295,36
265,300,11
265,304,39
265,305,84
265,311,91
265,312,83
265,316,32
265,320,59
265,322,60
265,324,98
265,334,55
265,339,27
265,344,56
265,348,89
265,354,6
265,355,58
265,357,20
265,359,10
265,362,19
265,364,66
265,368,72
265,369,79
265,370,78
265,371,66
265,372,34
265,374,83
265,380,49
265,381,67
265,384,16
265,385,80
265,387,41
265,389,67
265,392,61
265,396,20
265,400,16
265,403,26
265,404,66
265,410,5
265,420,33
265,422,85
265,423,69
265,425,47
265,433,82
265,435,91
265,436,55
265,437,5
265,446,65
265,447,15
265,450,76
265,456,57
265,460,97
265,463,1
265,468,3
265,471,53
265,475,96
265,476,76
265,477,65
265,482,92
265,487,37
265,503,28
265,504,68
265,508,40
265,266,42
266,272,21
266,278,79
266,279,56
266,280,1
266,286,15
266,298,16
266,299,56
266,300,34
266,301,44
266,307,31
266,314,1
266,317,34
266,326,42
266,327,18
266,329,87
266,334,11
266,336,81
266,338,22
266,340,78
266,349,39
266,352,60
266,354,63
266,361,42
266,362,14
266,363,70
266,364,72
266,372,20
266,373,81
266,382,77
266,386,67
266,393,42
266,397,35
266,401,14
266,402,20
266,405,52
266,408,39
266,409,58
266,419,54
266,420,5
266,421,34
266,429,69
266,430,39
266,432,94
266,435,52
266,439,61
266,441,89
266,443,93
266,444,89
266,447,16
266,448,96
266,452,75
266,453,92
266,455,31
266,461,81
266,464,45
266,470,14
266,471,72
266,473,70
266,476,40
266,478,15
266,481,40
266,483,21
266,496,15
266,497,84
266,498,78
266,501,49
266,503,48
266,506,65
266,267,44
267,268,55
267,269,4
267,270,30
267,276,98
267,279,56
267,280,54
267,281,76
267,283,67
267,288,81
267,289,76
267,290,7
267,300,17
267,302,77
267,303,39
267,308,95
267,309,100
267,319,67
267,321,62
267,324,24
267,327,74
267,328,71
267,333,75
267,334,17
267,335,39
267,337,94
267,338,84
267,339,2
267,340,100
267,341,82
267,342,7
267,347,26
267,349,61
267,350,32
267,351,99
267,357,4
267,358,12
267,364,21
267,365,83
267,371,2
267,372,45
267,376,42
267,377,72
267,378,91
267,390,74
267,391,99
267,400,54
267,404,40
267,409,33
267,411,28
267,413,8
267,415,77
267,417,64
267,418,83
267,420,49
267,421,19
267,423,49
267,427,35
267,428,100
267,429,68
267,430,68
267,436,100
267,437,99
267,440,31
267,441,73
267,443,43
267,446,24
267,457,96
267,462,12
267,466,25
267,467,84
267,477,42
267,478,3
267,484,40
267,486,27
267,487,60
267,488,67
267,489,26
267,490,16
267,503,1
267,505,93
267,509,27
268,273,16
268,275,3
268,276,10
268,277,49
268,278,59
268,279,25
268,281,97
268,290,73
268,292,55
268,296,4
268,298,23
268,300,71
268,301,73
268,305,2
268,309,22
268,312,67
268,315,58
268,316,63
268,321,33
268,325,89
268,335,18
268,336,44
268,337,79
268,353,24
268,355,98
268,356,20
268,369,59
268,371,20
268,384,56
268,387,7
268,393,68
268,394,70
268,395,46
268,398,4
268,399,50
268,401,83
268,404,53
268,407,88
268,414,42
268,423,41
268,425,63
268,427,63
268,432,70
268,433,7
268,434,47
268,436,29
268,441,20
268,452,61
268,453,1
268,456,83
268,459,93
268,463,34
268,465,33
268,470,26
268,475,53
268,482,94
268,484,45
268,485,33
268,486,38
268,488,1
268,490,39
268,491,39
268,494,93
268,496,82
268,499,81
268,500,29
268,505,46
268,508,95
268,509,64
268,510,81
268,511,2
268,269,19
269,279,31
269,282,4
269,287,46
269,288,81
269,291,31
269,298,71
269,299,55
269,300,11
269,301,2
269,303,4
269,308,73
269,309,12
269,311,64
269,319,42
269,322,21
269,323,7
269,326,15
269,330,91
269,332,92
269,333,89
269,336,44
269,338,74
269,341,19
269,344,88
269,349,78
269,353,53
269,359,5
269,361,37
269,362,56
269,365,67
269,366,47
269,370,5
269,373,56
269,374,30
269,381,27
269,382,60
269,385,22
269,387,29
269,388,92
269,390,4
269,391,84
269,392,51
269,393,43
269,395,70
269,396,11
269,399,34
269,403,68
269,404,19
269,409,82
269,414,26
269,418,88
269,421,70
269,422,60
269,434,90
269,437,15
269,438,11
269,439,34
269,441,6
269,442,41
269,448,21
269,449,41
269,452,56
269,462,7
269,468,2
269,470,73
269,472,95
269,475,77
269,481,55
269,484,59
269,485,55
269,488,57
269,491,91
269,493,45
269,500,84
269,505,14
269,506,36
269,510,100
269,270,33
270,273,70
270,275,33
270,276,61
270,279,75
270,282,39
270,287,10
270,292,16
270,293,27
270,296,56
270,303,34
270,304,14
270,311,77
270,313,90
270,315,99
270,320,100
270,321,60
270,328,46
270,331,47
270,334,14
270,341,2
270,343,71
270,344,42
270,346,95
270,358,38
270,359,31
270,363,73
270,366,13
270,369,53
270,370,68
270,371,38
270,372,80
270,373,11
270,380,52
270,382,21
270,388,81
270,389,87
270,396,90
270,400,30
270,401,76
270,403,7
270,407,2
270,409,76
270,410,86
270,415,37
270,416,16
270,417,46
270,419,60
270,420,32
270,421,30
270,424,13
270,426,80
270,434,2
270,437,95
270,440,40
270,441,46
270,443,25
270,444,36
270,446,59
270,447,76
270,449,1
270,456,90
270,465,88
270,466,51
270,469,70
270,470,81
270,472,56
270,478,46
270,481,51
270,482,79
270,483,72
270,484,29
270,486,36
270,487,16
270,490,98
270,492,84
270,495,78
270,503,6
270,271,55
271,273,98
271,275,61
271,279,64
271,282,61
271,284,30
271,286,32
271,291,22
271,292,64
271,300,72
271,303,70
271,305,21
271,313,82
271,314,96
271,318,19
271,319,97
271,328,72
271,332,75
271,333,48
271,338,85
271,340,96
271,342,8
271,346,80
271,348,91
271,349,41
271,350,50
271,353,56
271,355,30
271,363,51
271,364,80
271,366,76
271,372,9
271,375,93
271,376,81
271,377,68
271,380,13
271,385,49
271,388,100
271,390,15
271,391,2
271,405,87
271,406,46
271,408,45
271,411,74
271,413,50
271,426,35
271,429,14
271,436,91
271,440,87
271,443,90
271,445,96
271,446,14
271,448,49
271,449,31
271,454,11
271,458,15
271,462,98
271,468,10
271,469,34
271,478,8
271,479,45
271,484,3
271,485,34
271,486,3
271,488,10
271,493,20
271,494,13
271,495,68
271,497,62
271,498,95
271,499,78
271,505,54
271,509,44
271,272,29
272,275,34
272,277,64
272,279,86
272,281,73
272,282,55
272,288,13
272,289,1
272,291,46
272,296,45
272,301,95
272,305,92
272,308,65
272,309,44
272,310,45
272,312,53
272,320,88
272,325,58
272,328,43
272,331,8
272,332,80
272,333,29
272,342,12
272,346,5
272,351,81
272,352,9
272,354,67
272,357,22
272,363,39
272,364,70
272,368,63
272,371,17
272,374,7
272,377,34
272,378,29
272,381,80
272,385,80
272,387,53
272,389,37
272,391,74
272,396,56
272,401,24
272,411,100
272,420,82
272,422,51
272,426,42
272,431,37
272,432,88
272,433,34
272,436,85
272,440,9
272,444,17
272,446,21
272,451,67
272,453,51
272,455,48
272,457,79
272,461,71
272,464,43
272,465,5
272,467,66
272,471,14
272,472,1
272,482,70
272,491,32
272,500,88
272,501,51
272,502,63
272,504,37
272,507,70
272,510,44
272,273,20
273,274,86
273,279,21
273,283,47
273,295,15
273,300,77
273,304,73
273,309,5
273,312,74
273,314,3
273,316,33
273,322,18
273,325,26
273,332,12
273,341,42
273,344,24
273,352,54
273,353,90
273,354,9
273,355,59
273,356,12
273,358,45
273,363,24
273,366,73
273,368,70
273,371,89
273,375,14
273,379,96
273,381,100
273,383,26
273,384,98
273,388,13
273,393,89
273,396,28
273,398,75
273,400,10
273,404,74
273,405,26
273,408,21
273,417,46
273,430,29
273,434,45
273,439,16
273,440,93
273,441,96
273,446,74
273,449,30
273,451,88
273,453,57
273,460,15
273,462,64
273,465,13
273,467,48
273,468,67
273,469,77
273,475,88
273,479,7
273,484,12
273,485,63
273,488,92
273,494,56
273,495,79
273,503,8
273,504,36
273,506,11
274,277,11
274,279,81
274,280,27
274,284,30
274,288,32
274,293,2
274,299,66
274,309,98
274,314,88
274,327,75
274,329,49
274,330,85
274,334,31
274,335,95
274,344,6
274,345,27
274,346,67
274,347,75
274,348,54
274,349,28
274,351,81
274,357,62
274,358,85
274,359,86
274,366,4
274,370,37
274,372,92
274,376,87
274,377,17
274,387,39
274,390,88
274,391,91
274,392,100
274,393,73
274,395,3
274,397,42
274,398,93
274,406,33
274,408,2
274,409,71
274,415,14
274,420,43
274,423,1
274,425,60
274,428,18
274,430,99
274,433,36
274,436,96
274,441,66
274,442,18
274,443,39
274,445,40
274,446,4
274,447,55
274,451,20
274,455,89
274,462,60
274,463,62
274,466,28
274,467,60
274,476,62
274,477,39
274,485,40
274,496,48
274,497,40
274,505,3
274,507,59
274,509,10
274,511,16
274,275,48
275,278,44
275,280,91
275,282,18
275,285,51
275,286,13
275,287,55
275,290,39
275,291,24
275,292,75
275,297,17
275,302,58
275,303,95
275,308,51
275,309,49
275,313,8
275,315,20
275,317,20
275,321,1
275,324,53
275,329,52
275,337,68
275,339,38
275,343,95
275,345,39
275,347,64
275,352,18
275,353,52
275,357,74
275,358,20
275,359,77
275,365,22
275,367,82
275,369,64
275,372,94
275,374,97
275,380,83
275,382,5
275,385,37
275,393,50
275,394,77
275,395,10
275,396,4
275,399,20
275,400,10
275,403,39
275,404,82
275,411,63
275,418,13
275,420,68
275,422,75
275,428,6
275,433,60
275,436,59
275,439,24
275,443,12
275,446,14
275,447,16
275,448,67
275,449,45
275,452,68
275,455,25
275,457,50
275,458,32
275,461,46
275,462,13
275,463,17
275,467,19
275,472,77
275,473,63
275,474,17
275,475,90
275,476,44
275,478,64
275,480,71
275,485,64
275,488,23
275,489,50
275,491,31
275,493,97
275,494,25
275,497,6
275,499,74
275,500,30
275,502,92
275,506,55
275,508,35
275,509,54
275,276,94
276,278,32
276,283,18
276,284,86
276,289,89
276,293,53
276,294,73
276,298,11
276,306,76
276,313,71
276,314,14
276,315,23
276,318,80
276,322,50
276,325,75
276,331,21
276,333,83
276,336,29
276,340,29
276,342,33
276,346,5
276,349,100
276,353,76
276,362,59
276,367,77
276,375,27
276,377,24
276,381,88
276,383,85
276,388,42
276,390,67
276,391,72
276,392,23
276,395,52
276,401,60
276,408,21
276,409,15
276,410,47
276,412,46
276,417,90
276,418,34
276,419,67
276,421,82
276,423,92
276,425,80
276,427,59
276,432,79
276,433,19
276,434,64
276,439,56
276,440,43
276,442,41
276,444,74
276,445,69
276,446,24
276,455,85
276,462,30
276,464,48
276,469,71
276,471,10
276,472,59
276,475,10
276,476,28
276,479,78
276,480,68
276,482,39
276,483,63
276,486,6
276,492,87
276,493,70
276,501,77
276,504,27
276,505,78
276,277,97
277,280,47
277,284,63
277,285,73
277,295,54
277,298,4
277,301,81
277,302,82
277,308,87
277,309,5
277,310,80
277,316,87
277,317,7
277,321,26
277,325,57
277,327,28
277,328,11
277,329,49
277,331,75
277,333,15
277,336,71
277,337,40
277,341,59
277,346,42
277,347,18
277,352,2
277,355,13
277,360,75
277,362,11
277,364,16
277,368,31
277,379,25
277,380,1
277,381,44
277,382,54
277,383,31
277,385,82
277,388,49
277,394,83
277,396,89
277,403,78
277,405,67
277,407,33
277,408,93
277,410,12
277,420,62
277,424,18
277,429,27
277,437,62
277,438,84
277,443,17
277,448,5
277,453,91
277,456,69
277,457,42
277,458,80
277,459,28
277,460,37
277,462,85
277,464,81
277,465,67
277,468,32
277,469,5
277,472,53
277,479,11
277,480,17
277,482,2
277,486,35
277,489,64
277,491,55
277,493,85
277,497,37
277,506,82
277,509,59
277,278,56
278,280,98
278,287,6
278,289,24
278,290,40
278,292,1
278,296,85
278,300,84
278,301,78
278,304,71
278,306,33
278,308,56
278,312,68
278,314,38
278,319,20
278,320,5
278,323,99
278,326,99
278,327,46
278,334,32
278,337,68
278,338,28
278,341,47
278,344,75
278,353,62
278,356,39
278,358,9
278,366,83
278,370,41
278,371,35
278,372,83
278,378,82
278,379,42
278,380,26
278,383,55
278,386,64
278,391,2
278,396,84
278,400,65
278,401,74
278,402,80
278,408,20
278,412,41
278,417,42
278,419,90
278,420,66
278,421,50
278,427,17
278,429,29
278,431,68
278,432,83
278,433,59
278,435,71
278,445,21
278,446,38
278,447,81
278,452,20
278,454,36
278,455,92
278,457,14
278,460,46
278,461,39
278,465,49
278,467,30
278,468,42
278,471,53
278,475,73
278,490,11
278,494,48
278,497,31
278,501,1
278,279,24
279,282,40
279,284,14
279,286,17
279,289,99
279,293,33
279,294,36
279,306,11
279,315,93
279,318,59
279,320,67
279,324,36
279,326,57
279,331,42
279,332,84
279,335,59
279,342,71
279,346,4
279,355,77
279,365,83
279,367,68
279,373,63
279,375,80
279,376,39
279,377,44
279,386,7
279,391,64
279,392,88
279,393,20
279,396,50
279,397,42
279,398,66
279,399,73
279,400,16
279,407,81
279,412,26
279,418,66
279,419,86
279,420,41
279,421,57
279,423,32
279,427,61
279,432,37
279,433,51
279,435,30
279,436,85
279,439,18
279,444,90
279,454,63
279,457,73
279,461,76
279,470,74
279,472,81
279,473,61
279,474,49
279,476,14
279,482,19
279,497,33
279,499,56
279,503,99
279,504,85
279,507,37
279,508,1
279,280,24
280,281,90
280,285,54
280,289,82
280,294,75
280,300,38
280,301,27
280,302,99
280,304,50
280,305,88
280,308,79
280,309,68
280,315,97
280,316,30
280,318,79
280,321,5
280,325,54
280,326,67
280,327,70
280,329,61
280,330,45
280,333,99
280,334,50
280,335,32
280,337,93
280,338,90
280,339,75
280,340,56
280,343,7
280,344,37
280,345,83
280,347,58
280,351,53
280,354,76
280,360,6
280,361,30
280,363,25
280,367,98
280,372,52
280,374,75
280,382,22
280,385,5
280,387,9
280,388,76
280,392,100
280,395,73
280,400,75
280,410,42
280,415,70
280,416,28
280,420,44
280,421,28
280,422,7
280,429,20
280,431,94
280,437,21
280,440,19
280,445,14
280,446,94
280,452,49
280,453,21
280,455,91
280,456,50
280,457,36
280,458,68
280,460,3
280,461,18
280,466,85
280,486,87
280,487,68
280,495,59
280,503,49
280,505,85
280,507,79
280,508,92
280,509,83
280,510,17
281,289,90
281,290,75
281,291,9
281,292,71
281,294,71
281,304,86
281,311,34
281,312,87
281,317,92
281,319,29
281,324,99
281,325,38
281,327,72
281,328,72
281,332,39
281,335,69
281,336,34
281,339,11
281,341,92
281,343,35
281,345,46
281,350,42
281,351,77
281,356,18
281,359,98
281,361,20
281,365,20
281,372,14
281,374,32
281,379,45
281,381,88
281,382,29
281,384,66
281,385,67
281,387,55
281,388,51
281,393,60
281,394,60
281,396,30
281,404,21
281,406,12
281,408,9
281,414,67
281,416,64
281,419,23
281,421,54
281,424,24
281,427,16
281,431,82
281,432,72
281,433,78
281,436,84
281,437,23
281,442,80
281,455,20
281,458,10
281,460,32
281,480,48
281,482,82
281,486,26
281,489,63
281,493,6
281,496,80
281,497,72
281,504,49
281,508,53
281,509,85
281,510,45
281,282,64
282,288,24
282,290,88
282,292,8
282,294,22
282,298,90
282,299,8
282,301,54
282,305,75
282,306,13
282,309,4
282,312,74
282,313,15
282,315,9
282,316,88
282,320,1
282,322,26
282,323,23
282,329,16
282,330,22
282,334,77
282,335,98
282,337,58
282,339,16
282,340,16
282,341,69
282,344,86
282,345,82
282,355,65
282,357,66
282,358,60
282,359,57
282,362,74
282,367,47
282,370,29
282,375,96
282,377,11
282,378,34
282,385,69
282,387,39
282,388,12
282,394,38
282,398,75
282,399,4
282,403,33
282,406,63
282,409,81
282,411,66
282,419,51
282,421,62
282,423,4
282,424,1
282,425,20
282,429,90
282,433,24
282,437,63
282,440,57
282,452,17
282,454,98
282,460,15
282,461,98
282,464,79
282,466,56
282,467,65
282,469,14
282,478,87
282,482,47
282,484,18
282,490,87
282,494,21
282,495,75
282,500,56
282,501,74
282,502,80
282,503,45
282,504,59
282,507,82
282,508,89
282,283,98
283,284,71
283,286,74
283,287,12
283,298,72
283,302,8
283,303,27
283,305,7
283,307,36
283,309,91
283,313,84
283,318,49
283,320,98
283,321,3
283,322,39
283,324,3
283,326,5
283,328,2
283,338,68
283,344,30
283,352,61
283,354,25
283,357,81
283,358,63
283,362,71
283,364,98
283,365,27
283,367,13
283,368,69
283,372,90
283,381,39
283,388,97
283,389,41
283,394,27
283,397,88
283,399,90
283,400,15
283,403,69
283,409,19
283,413,49
283,416,97
283,422,56
283,426,99
283,429,39
283,430,36
283,434,76
283,444,97
283,453,19
283,456,17
283,459,53
283,471,13
283,473,20
283,476,34
283,477,92
283,478,27
283,480,59
283,481,25
283,482,54
283,487,77
283,490,45
283,491,3
283,494,70
283,496,65
283,498,26
283,501,51
283,506,41
284,291,2
284,295,54
284,296,15
284,308,62
284,315,15
284,316,50
284,317,51
284,322,90
284,325,88
284,329,52
284,331,44
284,332,56
284,333,6
284,337,76
284,339,65
284,341,43
284,343,24
284,345,20
284,348,59
284,351,64
284,363,90
284,367,42
284,369,49
284,374,26
284,376,53
284,382,85
284,386,1
284,387,86
284,388,48
284,396,51
284,406,11
284,417,98
284,423,34
284,431,67
284,432,17
284,434,46
284,439,97
284,440,54
284,457,87
284,458,71
284,459,32
284,466,66
284,468,60
284,469,76
284,470,71
284,493,64
284,494,22
284,496,50
284,498,100
284,500,31
284,502,70
284,504,11
284,285,48
285,286,18
285,294,87
285,295,23
285,296,77
285,298,82
285,299,15
285,300,84
285,305,68
285,308,13
285,309,22
285,311,75
285,313,73
285,314,67
285,318,77
285,319,54
285,321,32
285,322,22
285,328,66
285,330,49
285,332,80
285,335,58
285,336,81
285,339,20
285,344,69
285,350,68
285,351,74
285,354,74
285,355,60
285,356,18
285,357,12
285,365,93
285,369,22
285,378,78
285,381,75
285,384,82
285,387,8
285,388,73
285,393,94
285,394,50
285,399,91
285,400,39
285,406,16
285,408,2
285,416,95
285,418,74
285,419,63
285,425,21
285,428,5
285,436,49
285,437,23
285,439,32
285,445,10
285,450,81
285,451,90
285,452,6
285,455,80
285,458,67
285,460,37
285,462,99
285,467,95
285,469,67
285,472,51
285,475,19
285,476,75
285,477,2
285,478,50
285,483,26
285,487,23
285,490,94
285,493,36
285,494,26
285,495,92
285,497,3
285,499,9
285,502,73
285,505,70
285,510,66
286,287,50
286,292,79
286,293,5
286,294,90
286,295,43
286,297,95
286,306,17
286,315,34
286,316,54
286,318,14
286,323,21
286,324,33
286,327,14
286,330,74
286,336,29
286,337,74
286,339,28
286,342,62
286,353,57
286,354,86
286,356,46
286,357,96
286,359,41
286,363,4
286,364,76
286,366,87
286,368,23
286,369,28
286,370,66
286,371,18
286,376,90
286,377,81
286,379,48
286,384,5
286,398,73
286,403,69
286,404,35
286,405,56
286,414,35
286,415,18
286,416,75
286,420,47
286,423,60
286,424,74
286,425,19
286,426,30
286,430,33
286,438,57
286,439,71
286,449,15
286,452,74
286,453,25
286,454,29
286,459,88
286,461,73
286,464,100
286,467,5
286,471,9
286,474,87
286,475,14
286,485,17
286,486,86
286,487,88
286,492,58
286,494,48
286,495,36
286,504,28
286,505,49
286,507,81
286,508,20
286,510,36
287,292,99
287,293,61
287,294,91
287,297,51
287,299,34
287,302,1
287,303,8
287,305,99
287,307,23
287,308,17
287,311,52
287,314,14
287,316,35
287,319,37
287,328,49
287,330,84
287,333,24
287,335,42
287,336,80
287,343,27
287,345,75
287,347,94
287,348,14
287,350,57
287,353,30
287,354,16
287,357,89
287,358,31
287,361,98
287,364,4
287,368,73
287,373,76
287,375,32
287,377,20
287,380,71
287,381,52
287,383,68
287,384,27
287,385,77
287,387,3
287,388,76
287,393,7
287,394,61
287,398,68
287,407,23
287,411,31
287,415,39
287,419,80
287,420,90
287,429,68
287,431,11
287,432,11
287,436,44
287,437,2
287,457,45
287,459,99
287,460,98
287,461,96
287,463,45
287,468,40
287,473,10
287,477,10
287,478,49
287,483,91
287,484,14
287,485,13
287,486,97
287,488,49
287,489,29
287,490,3
287,492,30
287,493,98
287,496,24
287,498,96
287,500,7
287,501,90
287,504,29
287,508,83
287,509,89
287,511,60
287,288,76
288,289,31
288,291,50
288,294,27
288,295,75
288,302,22
288,304,52
288,305,95
288,312,40
288,315,29
288,318,61
288,326,89
288,330,16
288,334,32
288,335,61
288,336,30
288,337,77
288,338,62
288,341,82
288,351,59
288,353,72
288,354,14
288,362,64
288,367,44
288,368,85
288,371,52
288,373,89
288,374,43
288,378,55
288,379,55
288,382,1
288,387,61
288,394,1
288,403,35
288,404,23
288,405,78
288,406,64
288,407,71
288,413,82
288,414,84
288,421,25
288,427,75
288,428,37
288,429,73
288,431,20
288,438,73
288,440,32
288,443,25
288,444,94
288,455,6
288,456,89
288,465,4
288,471,82
288,473,87
288,476,1
288,482,33
288,483,33
288,492,51
288,495,94
288,497,6
288,500,75
288,501,38
288,502,83
289,292,43
289,297,76
289,298,98
289,300,1
289,306,50
289,309,60
289,310,63
289,321,89
289,324,71
289,325,91
289,327,3
289,328,30
289,329,84
289,333,18
289,334,30
289,335,76
289,341,32
289,344,76
289,351,40
289,356,3
289,363,81
289,367,42
289,369,9
289,370,90
289,377,22
289,379,88
289,380,62
289,381,11
289,384,80
289,386,49
289,387,29
289,388,5
289,395,19
289,396,50
289,399,79
289,402,78
289,406,93
289,410,32
289,412,70
289,413,54
289,428,20
289,434,32
289,438,26
289,446,6
289,447,7
289,455,86
289,456,71
289,458,73
289,460,71
289,464,97
289,467,21
289,468,68
289,469,24
289,473,57
289,474,60
289,477,31
289,488,95
289,489,22
289,490,17
289,494,51
289,499,1
289,500,81
289,501,85
289,509,76
289,290,41
290,292,14
290,294,36
290,295,60
290,301,45
290,302,71
290,303,55
290,304,69
290,307,79
290,313,86
290,315,99
290,317,94
290,318,45
290,335,11
290,337,23
290,341,100
290,351,72
290,353,75
290,355,82
290,356,31
290,359,66
290,363,9
290,368,86
290,373,11
290,377,28
290,378,68
290,385,20
290,400,53
290,417,98
290,421,20
290,424,92
290,437,76
290,439,81
290,442,27
290,445,28
290,448,98
290,449,6
290,450,81
290,452,43
290,460,10
290,462,5
290,468,89
290,471,43
290,474,99
290,475,3
290,480,39
290,482,13
290,489,50
290,494,52
290,496,51
290,498,82
290,507,30
290,510,66
290,291,88
291,294,8
291,296,34
291,304,53
291,305,24
291,306,33
291,316,88
291,317,87
291,324,96
291,330,45
291,333,83
291,339,27
291,340,7
291,345,11
291,350,33
291,357,42
291,370,73
291,382,16
291,386,56
291,392,7
291,395,3
291,396,100
291,398,68
291,401,7
291,403,67
291,412,57
291,413,14
291,414,16
291,415,49
291,416,80
291,418,69
291,420,13
291,421,2
291,423,57
291,424,80
291,428,71
291,439,75
291,445,99
291,446,14
291,447,87
291,448,18
291,465,16
291,472,5
291,479,76
291,480,10
291,481,28
291,483,50
291,486,97
291,490,43
291,494,65
291,496,75
291,500,17
291,502,38
291,506,40
291,507,33
291,508,42
291,510,56
291,292,38
292,294,1
292,301,89
292,302,42
292,307,91
292,308,26
292,309,100
292,311,44
292,312,42
292,314,70
292,322,37
292,323,83
292,325,17
292,326,63
292,331,33
292,332,86
292,333,30
292,335,84
292,338,82
292,350,77
292,352,46
292,355,60
292,356,71
292,358,69
292,360,95
292,365,50
292,366,59
292,368,75
292,372,94
292,379,22
292,383,66
292,387,9
292,390,21
292,393,65
292,396,86
292,398,18
292,404,76
292,405,96
292,406,1
292,410,67
292,419,33
292,421,70
292,425,55
292,427,38
292,431,85
292,432,51
292,436,51
292,437,85
292,440,22
292,442,35
292,446,50
292,447,51
292,450,45
292,453,66
292,458,77
292,459,77
292,463,95
292,465,93
292,466,17
292,473,9
292,475,20
292,476,5
292,481,87
292,482,14
292,487,38
292,495,67
292,499,20
292,506,86
292,509,87
292,293,90
293,294,22
293,295,70
293,296,33
293,305,99
293,306,23
293,309,85
293,313,48
293,315,34
293,321,48
293,323,5
293,326,71
293,328,38
293,331,83
293,332,43
293,333,43
293,341,68
293,342,72
293,349,20
293,362,44
293,367,10
293,381,66
293,392,9
293,399,67
293,402,85
293,404,16
293,406,69
293,407,5
293,409,37
293,414,5
293,416,83
293,419,15
293,422,86
293,424,44
293,426,61
293,428,52
293,429,19
293,430,100
293,437,38
293,438,12
293,439,17
293,440,23
293,443,77
293,453,93
293,462,17
293,463,14
293,465,65
293,470,49
293,480,34
293,483,97
293,487,25
293,492,99
293,496,39
293,497,53
293,498,96
293,504,30
293,507,60
293,509,1
294,296,9
294,298,83
294,300,50
294,301,32
294,305,58
294,310,77
294,313,24
294,318,63
294,319,26
294,320,53
294,321,30
294,323,99
294,324,37
294,326,77
294,329,45
294,333,95
294,339,62
294,342,18
294,345,15
294,346,12
294,351,79
294,356,37
294,359,37
294,367,84
294,368,46
294,369,41
294,370,94
294,375,90
294,377,72
294,381,25
294,384,67
294,389,34
294,390,62
294,395,98
294,401,95
294,403,74
294,406,50
294,407,18
294,411,53
294,412,27
294,413,29
294,416,38
294,420,38
294,429,88
294,442,95
294,444,1
294,448,44
294,450,15
294,451,55
294,452,56
294,461,35
294,462,41
294,464,57
294,466,47
294,468,97
294,480,61
294,481,84
294,482,69
294,483,73
294,484,62
294,493,1
294,494,29
294,501,47
294,503,20
294,506,23
294,509,65
294,295,68
295,298,11
295,302,4
295,305,60
295,309,22
295,310,30
295,311,3
295,315,73
295,320,50
295,324,36
295,326,23
295,333,71
295,336,94
295,343,83
295,347,23
295,348,1
295,351,66
295,353,90
295,357,91
295,365,27
295,376,83
295,377,36
295,384,55
295,385,99
295,386,82
295,395,21
295,402,43
295,413,44
295,417,77
295,426,18
295,428,9
295,430,85
295,431,44
295,435,62
295,440,38
295,447,90
295,448,65
295,451,28
295,452,83
295,454,24
295,455,94
295,457,94
295,465,6
295,473,35
295,476,80
295,478,68
295,481,29
295,482,17
295,487,15
295,497,86
295,501,85
295,507,87
295,511,56
295,296,8
296,298,44
296,300,70
296,302,47
296,304,61
296,310,93
296,312,82
296,319,92
296,320,19
296,321,72
296,322,1
296,335,28
296,338,78
296,339,16
296,341,81
296,344,11
296,347,52
296,350,84
296,351,57
296,355,70
296,359,46
296,360,12
296,364,4
296,368,41
296,369,97
296,370,61
296,373,31
296,375,54
296,383,41
296,394,10
296,395,8
296,396,2
296,397,60
296,402,34
296,410,72
296,411,96
296,419,6
296,425,43
296,428,85
296,431,24
296,433,36
296,436,3
296,441,52
296,444,31
296,446,90
296,449,52
296,450,68
296,454,21
296,456,78
296,457,49
296,458,1
296,463,95
296,464,61
296,467,76
296,471,92
296,477,78
296,478,94
296,479,48
296,483,6
296,490,24
296,492,44
296,493,63
296,497,38
296,498,32
296,501,93
296,503,16
296,507,52
296,510,50
296,297,2
297,300,35
297,302,55
297,305,47
297,306,90
297,307,52
297,309,73
297,311,80
297,317,50
297,320,90
297,325,8
297,332,55
297,333,85
297,335,18
297,340,18
297,343,51
297,349,14
297,351,79
297,355,76
297,356,18
297,360,76
297,361,77
297,362,84
297,363,18
297,366,41
297,367,9
297,370,53
297,372,9
297,374,25
297,376,27
297,378,8
297,379,63
297,380,53
297,384,4
297,385,99
297,386,25
297,387,83
297,389,87
297,390,21
297,393,53
297,398,96
297,399,65
297,403,36
297,404,68
297,409,93
297,410,90
297,412,33
297,417,15
297,418,54
297,419,16
297,422,39
297,423,40
297,427,21
297,428,23
297,433,74
297,435,48
297,436,47
297,437,9
297,442,44
297,456,50
297,457,3
297,459,98
297,462,93
297,463,82
297,465,24
297,466,32
297,471,81
297,473,31
297,476,4
297,482,52
297,485,2
297,486,39
297,489,97
297,490,32
297,499,30
297,500,54
297,502,44
297,503,8
297,511,75
297,298,25
298,299,89
298,301,81
298,308,59
298,312,28
298,314,19
298,315,83
298,321,94
298,323,32
298,328,25
298,335,45
298,344,59
298,348,58
298,350,51
298,357,62
298,369,54
298,377,91
298,383,36
298,384,44
298,385,91
298,392,24
298,396,49
298,398,26
298,402,21
298,406,10
298,408,93
298,409,81
298,415,49
298,417,11
298,420,80
298,423,81
298,424,27
298,429,2
298,431,36
298,433,9
298,437,99
298,439,95
298,443,77
298,444,53
298,447,20
298,448,68
298,449,70
298,453,8
298,455,32
298,456,35
298,458,70
298,459,48
298,460,58
298,463,17
298,469,41
298,471,60
298,475,10
298,480,60
298,484,52
298,485,74
298,487,13
298,493,57
298,494,85
298,495,67
298,499,40
298,500,96
298,505,37
298,506,75
298,508,29
298,509,8
298,511,43
299,302,75
299,304,47
299,307,10
299,312,37
299,313,57
299,314,94
299,325,25
299,327,47
299,329,18
299,330,54
299,331,35
299,335,49
299,337,41
299,353,100
299,355,28
299,356,66
299,365,42
299,375,91
299,378,89
299,382,43
299,391,72
299,393,16
299,403,31
299,406,16
299,413,1
299,414,49
299,415,99
299,417,30
299,418,72
299,421,53
299,430,68
299,433,22
299,434,35
299,439,67
299,440,69
299,443,90
299,450,40
299,451,17
299,456,92
299,458,43
299,461,33
299,462,25
299,463,53
299,468,92
299,469,1
299,470,57
299,471,21
299,474,22
299,476,73
299,477,61
299,481,32
299,483,64
299,488,29
299,490,69
299,496,1
299,504,4
299,300,80
300,304,46
300,307,84
300,311,58
300,314,25
300,315,88
300,321,21
300,325,49
300,326,35
300,327,51
300,330,33
300,333,82
300,337,44
300,344,80
300,347,69
300,351,32
300,356,100
300,358,39
300,361,51
300,364,87
300,369,55
300,375,65
300,376,63
300,377,30
300,380,62
300,386,18
300,387,75
300,394,47
300,395,84
300,396,28
300,398,16
300,399,29
300,400,91
300,401,16
300,405,25
300,408,27
300,411,28
300,412,61
300,413,77
300,416,60
300,420,35
300,421,36
300,431,58
300,436,22
300,437,35
300,438,58
300,439,25
300,441,56
300,445,99
300,447,66
300,450,7
300,455,69
300,456,36
300,458,33
300,465,94
300,468,89
300,472,93
300,474,3
300,480,21
300,484,54
300,486,5
300,487,60
300,488,4
300,489,100
300,490,92
300,493,8
300,498,1
300,501,8
300,504,34
300,510,63
300,301,41
301,302,68
301,307,1
301,308,40
301,309,58
301,312,55
301,317,28
301,318,88
301,319,59
301,320,91
301,321,13
301,326,87
301,329,68
301,333,66
301,334,58
301,337,37
301,342,81
301,345,62
301,349,59
301,350,23
301,357,67
301,359,27
301,367,34
301,373,21
301,379,2
301,380,3
301,381,2
301,383,72
301,384,12
301,385,35
301,386,4
301,389,36
301,391,40
301,397,81
301,401,41
301,404,37
301,405,28
301,407,21
301,408,80
301,411,5
301,412,63
301,413,9
301,414,95
301,415,12
301,417,26
301,418,83
301,425,79
301,427,39
301,428,83
301,432,58
301,433,8
301,436,94
301,438,14
301,439,41
301,445,29
301,446,43
301,455,23
301,456,57
301,468,10
301,472,98
301,474,70
301,482,43
301,483,26
301,484,33
301,487,9
301,491,75
301,495,81
301,499,20
301,505,62
301,506,12
301,507,81
301,510,42
301,511,45
302,305,69
302,306,78
302,309,57
302,314,41
302,315,25
302,316,37
302,325,99
302,326,49
302,331,6
302,333,2
302,334,6
302,342,64
302,354,17
302,359,48
302,361,1
302,362,32
302,363,11
302,364,2
302,369,31
302,372,36
302,377,87
302,378,67
302,379,39
302,382,11
302,390,12
302,394,42
302,395,26
302,398,90
302,399,64
302,400,99
302,401,68
302,405,43
302,412,26
302,414,56
302,415,15
302,417,94
302,422,11
302,424,47
302,426,22
302,430,12
302,432,93
302,435,51
302,439,16
302,444,18
302,445,60
302,448,37
302,450,77
302,454,43
302,455,4
302,459,69
302,460,58
302,462,12
302,465,8
302,469,86
302,480,9
302,481,37
302,484,30
302,485,91
302,487,19
302,492,87
302,501,75
302,504,73
302,506,37
302,508,14
302,509,75
302,510,1
302,511,90
302,303,6
303,305,83
303,307,27
303,309,73
303,316,15
303,318,17
303,324,9
303,327,13
303,332,15
303,339,4
303,352,34
303,353,8
303,354,91
303,358,62
303,364,61
303,365,45
303,370,89
303,372,30
303,377,75
303,378,63
303,381,45
303,383,11
303,384,65
303,389,52
303,391,74
303,393,44
303,398,75
303,403,2
303,405,98
303,407,2
303,410,74
303,411,33
303,412,100
303,420,10
303,421,55
303,423,48
303,427,54
303,428,54
303,430,20
303,432,31
303,433,85
303,444,5
303,445,19
303,446,76
303,447,2
303,448,56
303,457,79
303,459,83
303,465,84
303,466,97
303,467,25
303,468,76
303,472,20
303,475,49
303,476,76
303,477,56
303,478,62
303,479,43
303,484,56
303,487,64
303,494,34
303,495,100
303,502,35
303,504,99
303,510,50
303,304,65
304,305,13
304,306,18
304,309,40
304,312,30
304,313,95
304,316,20
304,320,78
304,323,25
304,326,7
304,329,8
304,330,47
304,331,11
304,336,87
304,343,14
304,344,77
304,346,88
304,349,24
304,351,39
304,354,11
304,357,53
304,359,16
304,360,12
304,361,49
304,362,72
304,363,37
304,364,70
304,377,84
304,380,5
304,382,39
304,384,20
304,385,41
304,387,86
304,388,79
304,390,12
304,393,54
304,394,19
304,395,38
304,401,39
304,405,57
304,408,80
304,409,74
304,410,3
304,413,27
304,420,65
304,421,100
304,424,22
304,425,38
304,428,62
304,430,31
304,433,63
304,436,68
304,438,61
304,440,63
304,454,96
304,457,71
304,458,65
304,461,80
304,462,68
304,465,71
304,469,57
304,470,57
304,474,99
304,476,40
304,478,45
304,481,98
304,484,3
304,486,7
304,490,95
304,493,45
304,496,82
304,506,42
304,511,67
305,306,58
305,311,10
305,312,67
305,314,8
305,319,12
305,321,58
305,326,33
305,333,46
305,336,93
305,341,99
305,342,78
305,344,1
305,345,47
305,346,49
305,348,38
305,358,63
305,361,83
305,370,2
305,371,32
305,373,17
305,377,24
305,382,14
305,384,90
305,387,42
305,392,22
305,395,55
305,402,28
305,403,9
305,405,24
305,406,57
305,408,44
305,410,19
305,411,74
305,412,47
305,421,73
305,428,56
305,431,15
305,437,19
305,438,61
305,440,10
305,444,70
305,449,22
305,451,78
305,453,23
305,457,64
305,458,14
305,459,37
305,466,72
305,470,52
305,471,56
305,479,85
305,483,11
305,485,58
305,490,34
305,496,49
305,497,43
305,501,89
305,502,98
305,503,6
305,505,87
305,511,43
306,312,2
306,314,20
306,320,66
306,322,74
306,323,26
306,324,77
306,326,71
306,327,7
306,328,75
306,343,47
306,344,32
306,348,62
306,350,67
306,357,77
306,361,68
306,362,77
306,364,64
306,383,5
306,386,75
306,388,37
306,392,40
306,394,64
306,395,37
306,397,44
306,399,8
306,407,75
306,408,22
306,410,98
306,419,62
306,420,61
306,421,62
306,422,11
306,425,25
306,433,68
306,450,64
306,452,83
306,458,59
306,459,51
306,461,28
306,464,69
306,471,22
306,481,62
306,484,72
306,488,7
306,493,73
306,502,82
306,510,70
306,307,32
307,313,91
307,315,14
307,319,82
307,320,81
307,323,2
307,329,56
307,332,54
307,336,46
307,339,84
307,343,25
307,344,58
307,346,20
307,347,21
307,349,77
307,351,62
307,354,72
307,357,2
307,358,17
307,367,95
307,379,93
307,382,1
307,386,15
307,387,73
307,389,91
307,391,37
307,392,25
307,395,28
307,404,13
307,407,84
307,409,60
307,412,16
307,413,54
307,417,3
307,418,48
307,420,12
307,421,96
307,430,7
307,431,57
307,436,62
307,438,32
307,439,89
307,444,36
307,445,39
307,446,11
307,449,6
307,455,97
307,456,22
307,458,69
307,464,25
307,468,47
307,470,55
307,478,88
307,480,31
307,481,91
307,487,20
307,489,53
307,490,72
307,495,81
307,496,14
307,498,82
307,308,14
308,311,74
308,316,6
308,317,5
308,320,21
308,324,9
308,327,84
308,328,83
308,330,2
308,333,12
308,335,33
308,340,54
308,341,67
308,342,60
308,343,52
308,346,41
308,347,87
308,350,22
308,353,69
308,359,79
308,360,25
308,361,42
308,362,38
308,364,61
308,366,100
308,367,36
308,368,59
308,381,35
308,382,38
308,384,93
308,397,49
308,406,44
308,410,97
308,412,7
308,416,1
308,421,8
308,424,35
308,426,32
308,432,69
308,433,3
308,436,64
308,439,13
308,440,5
308,442,78
308,448,3
308,453,84
308,459,35
308,462,81
308,464,2
308,470,84
308,472,43
308,473,86
308,490,65
308,494,32
308,495,74
308,496,29
308,500,21
308,503,94
308,505,57
308,508,46
308,509,41
308,309,44
309,310,29
309,319,61
309,325,3
309,330,9
309,331,48
309,339,24
309,353,3
309,355,12
309,357,63
309,358,26
309,362,8
309,368,17
309,369,2
309,371,59
309,373,29
309,376,5
309,386,18
309,395,26
309,397,13
309,404,47
309,408,70
309,413,79
309,415,19
309,416,81
309,421,55
309,424,14
309,426,100
309,427,60
309,428,82
309,430,64
309,446,89
309,449,25
309,450,3
309,458,25
309,460,77
309,462,6
309,466,91
309,468,43
309,472,17
309,483,84
309,490,35
309,493,14
309,494,8
309,499,57
309,501,24
309,506,35
309,509,20
310,311,5
310,316,80
310,324,49
310,327,77
310,330,59
310,332,62
310,334,83
310,335,29
310,341,63
310,342,17
310,343,39
310,344,8
310,345,48
310,346,22
310,349,89
310,352,93
310,356,85
310,360,42
310,363,54
310,364,5
310,371,67
310,381,1
310,382,24
310,384,76
310,385,65
310,389,24
310,390,42
310,393,100
310,398,38
310,400,24
310,401,51
310,403,48
310,407,26
310,409,25
310,410,81
310,411,30
310,412,60
310,414,42
310,415,60
310,416,20
310,417,61
310,419,47
310,422,84
310,427,41
310,428,40
310,429,6
310,430,85
310,434,58
310,438,12
310,439,58
310,440,1
310,441,31
310,442,36
310,446,11
310,451,76
310,452,71
310,454,90
310,456,83
310,458,25
310,460,13
310,468,13
310,471,43
310,473,46
310,475,21
310,479,24
310,481,74
310,482,87
310,486,23
310,489,25
310,494,9
310,496,30
310,497,31
310,501,54
310,504,1
310,505,40
310,507,74
310,510,81
311,315,60
311,316,64
311,324,87
311,326,74
311,329,58
311,330,1
311,331,60
311,351,84
311,352,90
311,358,96
311,366,40
311,367,91
311,369,23
311,372,98
311,373,100
311,376,92
311,379,36
311,384,22
311,385,32
311,386,39
311,387,81
311,391,84
311,392,46
311,393,5
311,397,19
311,399,45
311,402,69
311,404,63
311,409,12
311,412,85
311,414,27
311,416,45
311,424,10
311,428,83
311,431,24
311,432,14
311,433,49
311,434,43
311,436,92
311,438,58
311,439,29
311,441,43
311,443,17
311,451,64
311,453,72
311,460,37
311,461,45
311,462,31
311,463,81
311,470,20
311,473,30
311,476,70
311,478,49
311,483,87
311,488,10
311,492,16
311,502,4
311,503,35
311,506,34
311,312,100
312,315,73
312,322,88
312,323,80
312,328,56
312,333,17
312,334,76
312,345,51
312,348,78
312,349,72
312,351,93
312,352,48
312,355,4
312,366,1
312,377,85
312,378,32
312,382,7
312,384,79
312,385,14
312,386,57
312,394,75
312,395,32
312,396,85
312,399,75
312,405,8
312,407,42
312,408,76
312,409,93
312,410,61
312,416,52
312,419,61
312,427,56
312,428,71
312,430,75
312,432,54
312,434,34
312,435,57
312,436,40
312,437,71
312,445,51
312,452,27
312,455,50
312,459,32
312,463,12
312,465,7
312,467,71
312,470,13
312,473,59
312,475,62
312,477,21
312,480,46
312,482,32
312,485,18
312,492,60
312,495,27
312,499,14
312,500,84
312,501,52
312,503,15
312,506,1
312,508,40
312,511,91
312,313,34
313,318,73
313,320,66
313,323,67
313,325,6
313,330,82
313,331,45
313,332,32
313,334,58
313,335,38
313,338,29
313,339,36
313,347,79
313,349,75
313,351,75
313,356,22
313,362,81
313,367,24
313,372,99
313,374,61
313,376,36
313,379,15
313,384,41
313,386,5
313,387,1
313,391,91
313,404,6
313,405,35
313,406,64
313,407,85
313,416,88
313,420,34
313,422,91
313,424,53
313,432,5
313,435,95
313,441,11
313,442,67
313,443,84
313,447,82
313,448,50
313,449,32
313,450,5
313,451,81
313,454,24
313,466,42
313,467,75
313,468,48
313,471,96
313,472,100
313,473,22
313,478,37
313,480,9
313,485,89
313,488,91
313,489,20
313,491,46
313,493,12
313,503,84
313,511,35
313,314,86
314,315,22
314,316,4
314,318,77
314,328,11
314,334,34
314,337,29
314,338,98
314,339,1
314,340,69
314,342,59
314,344,4
314,360,17
314,364,77
314,366,33
314,368,77
314,375,18
314,380,1
314,383,41
314,392,51
314,393,65
314,394,47
314,395,34
314,397,32
314,406,20
314,407,92
314,412,76
314,421,77
314,428,49
314,429,82
314,432,55
314,435,72
314,439,30
314,451,75
314,456,22
314,458,47
314,459,71
314,464,72
314,465,37
314,467,41
314,468,17
314,469,39
314,470,41
314,473,97
314,475,24
314,477,45
314,493,54
314,497,90
314,498,87
314,499,58
314,501,40
314,506,34
314,508,39
315,319,31
315,327,55
315,331,19
315,333,78
315,337,46
315,338,100
315,339,16
315,341,17
315,342,88
315,345,23
315,346,35
315,352,45
315,363,73
315,364,61
315,366,16
315,369,34
315,376,59
315,381,23
315,382,99
315,384,7
315,386,6
315,387,45
315,389,30
315,390,55
315,391,43
315,392,26
315,394,49
315,399,95
315,402,44
315,403,40
315,407,100
315,409,34
315,413,50
315,414,72
315,417,28
315,418,5
315,422,45
315,423,89
315,425,91
315,427,86
315,431,96
315,435,42
315,437,72
315,438,29
315,442,79
315,445,32
315,446,78
315,448,14
315,450,66
315,451,89
315,463,58
315,466,28
315,468,6
315,470,18
315,482,43
315,484,45
315,493,37
315,494,16
315,500,46
315,510,90
315,316,49
316,325,7
316,331,88
316,336,71
316,343,54
316,345,65
316,348,87
316,351,22
316,354,43
316,357,64
316,361,82
316,364,21
316,371,50
316,373,2
316,375,73
316,384,63
316,386,90
316,389,91
316,393,24
316,399,77
316,400,55
316,402,19
316,403,18
316,409,72
316,413,46
316,414,54
316,415,21
316,421,68
316,425,33
316,430,4
316,431,17
316,433,33
316,434,70
316,438,97
316,441,99
316,445,22
316,446,42
316,450,72
316,453,28
316,454,10
316,457,19
316,467,76
316,469,82
316,473,74
316,474,81
316,476,88
316,478,49
316,479,39
316,480,48
316,484,98
316,485,75
316,487,33
316,491,2
316,493,77
316,505,16
316,508,87
316,509,64
316,317,14
317,321,13
317,322,27
317,324,9
317,329,45
317,330,32
317,332,9
317,342,48
317,347,10
317,348,65
317,349,24
317,350,9
317,351,64
317,357,6
317,359,10
317,367,2
317,369,13
317,371,54
317,373,83
317,375,77
317,377,80
317,378,11
317,379,86
317,384,82
317,399,54
317,401,26
317,406,8
317,409,31
317,410,60
317,413,34
317,418,73
317,421,21
317,423,18
317,427,10
317,428,45
317,430,6
317,431,47
317,433,98
317,437,1
317,440,81
317,451,14
317,454,73
317,468,76
317,471,65
317,472,82
317,476,79
317,478,95
317,479,67
317,483,89
317,484,98
317,490,87
317,492,21
317,496,30
317,497,62
317,499,26
317,500,60
317,501,100
317,503,8
317,318,95
318,319,47
318,320,10
318,322,43
318,325,7
318,327,79
318,328,50
318,330,41
318,333,62
318,337,31
318,341,87
318,342,49
318,343,91
318,344,84
318,348,21
318,349,34
318,355,45
318,356,49
318,358,2
318,370,65
318,371,71
318,372,8
318,375,88
318,376,15
318,378,53
318,379,84
318,392,15
318,393,91
318,398,83
318,402,76
318,405,71
318,409,32
318,410,61
318,413,36
318,417,29
318,422,18
318,423,33
318,426,84
318,430,39
318,431,58
318,432,34
318,433,82
318,434,17
318,436,73
318,438,38
318,439,53
318,441,42
318,443,73
318,447,62
318,451,94
318,457,49
318,462,35
318,472,50
318,476,70
318,477,75
318,478,3
318,485,81
318,493,61
318,496,11
318,497,56
318,499,96
318,511,97
319,320,13
319,323,58
319,328,13
319,331,69
319,338,91
319,342,77
319,345,36
319,350,10
319,351,25
319,354,47
319,356,9
319,359,43
319,360,42
319,362,78
319,367,52
319,370,74
319,371,25
319,388,20
319,389,28
319,392,79
319,393,80
319,402,74
319,407,50
319,412,35
319,416,1
319,419,77
319,424,9
319,425,20
319,426,63
319,428,67
319,431,76
319,433,26
319,435,57
319,442,39
319,451,86
319,452,7
319,453,7
319,458,12
319,466,41
319,471,24
319,472,90
319,489,82
319,496,70
319,498,67
319,504,11
319,505,9
319,506,2
320,322,47
320,333,56
320,336,59
320,340,93
320,350,8
320,357,56
320,358,11
320,360,92
320,361,5
320,363,50
320,365,18
320,368,46
320,370,14
320,371,62
320,373,26
320,377,73
320,378,62
320,383,87
320,384,62
320,385,24
320,387,71
320,388,74
320,391,89
320,394,97
320,396,57
320,397,79
320,411,34
320,413,6
320,415,8
320,418,47
320,421,38
320,425,30
320,432,57
320,450,83
320,451,38
320,454,54
320,457,80
320,462,15
320,463,88
320,465,47
320,466,45
320,468,44
320,472,33
320,475,34
320,476,54
320,481,11
320,484,24
320,486,54
320,487,88
320,488,100
320,491,81
320,497,87
320,505,17
320,507,27
320,509,97
320,321,11
321,325,100
321,326,31
321,333,90
321,339,92
321,342,2
321,347,90
321,348,24
321,351,15
321,353,7
321,354,32
321,362,66
321,369,11
321,371,79
321,374,49
321,376,48
321,380,66
321,381,65
321,386,70
321,387,52
321,390,57
321,391,22
321,398,52
321,414,20
321,421,50
321,424,44
321,428,83
321,432,94
321,434,33
321,435,13
321,440,96
321,443,92
321,446,7
321,448,22
321,449,83
321,450,68
321,453,22
321,456,74
321,457,89
321,460,25
321,468,90
321,475,56
321,476,96
321,478,20
321,485,74
321,487,55
321,489,94
321,491,71
321,492,7
321,493,77
321,494,97
321,495,59
321,496,18
321,498,66
321,500,67
321,505,4
321,506,43
321,508,91
321,509,41
321,510,55
321,322,95
322,331,32
322,332,5
322,334,25
322,338,67
322,340,40
322,342,9
322,343,31
322,349,20
322,353,3
322,355,53
322,361,75
322,366,92
322,368,35
322,370,18
322,372,8
322,373,39
322,383,78
322,386,5
322,388,76
322,390,43
322,393,97
322,398,75
322,400,75
322,405,45
322,406,71
322,407,66
322,411,70
322,412,8
322,413,48
322,418,6
322,419,49
322,420,41
322,421,6
322,429,74
322,433,76
322,435,51
322,439,16
322,440,13
322,441,47
322,444,60
322,450,84
322,451,81
322,452,94
322,456,29
322,458,77
322,460,82
322,461,56
322,462,21
322,470,18
322,477,100
322,478,68
322,481,2
322,486,62
322,487,13
322,491,37
322,495,34
322,501,17
322,502,61
322,506,25
322,508,63
322,323,84
323,324,26
323,328,77
323,331,31
323,337,59
323,338,33
323,339,70
323,345,31
323,348,9
323,350,7
323,351,88
323,354,48
323,355,48
323,363,36
323,364,55
323,367,10
323,370,97
323,371,26
323,372,99
323,374,30
323,377,60
323,382,13
323,383,31
323,387,50
323,391,78
323,395,39
323,396,83
323,401,79
323,407,60
323,408,17
323,413,53
323,415,71
323,416,10
323,427,87
323,428,62
323,430,96
323,432,11
323,434,89
323,435,8
323,436,3
323,437,7
323,439,89
323,440,67
323,444,69
323,449,94
323,451,55
323,454,55
323,455,70
323,469,49
323,474,78
323,480,28
323,481,29
323,484,36
323,486,13
323,488,100
323,489,45
323,492,61
323,495,99
323,496,29
323,497,74
323,498,18
323,500,5
323,501,41
323,502,80
323,503,71
323,511,56
324,327,11
324,335,24
324,337,10
324,340,12
324,342,31
324,343,77
324,349,54
324,350,47
324,355,2
324,356,69
324,362,6
324,363,45
324,364,12
324,368,95
324,371,25
324,376,94
324,378,59
324,381,97
324,383,1
324,386,72
324,389,14
324,392,96
324,393,98
324,394,31
324,397,35
324,398,43
324,399,88
324,400,19
324,404,72
324,408,59
324,413,31
324,416,72
324,418,3
324,422,53
324,427,68
324,428,61
324,435,45
324,437,86
324,440,80
324,442,66
324,447,38
324,456,10
324,462,45
324,463,37
324,465,62
324,466,59
324,472,25
324,482,1
324,488,99
324,489,72
324,491,27
324,492,20
324,496,84
324,502,68
324,506,24
324,509,16
324,510,17
324,325,88
325,340,24
325,343,70
325,348,59
325,356,95
325,357,40
325,366,5
325,371,68
325,385,21
325,389,20
325,399,98
325,400,57
325,403,79
325,404,29
325,405,48
325,408,8
325,410,25
325,411,51
325,413,81
325,416,65
325,422,9
325,428,46
325,430,93
325,433,12
325,435,88
325,443,4
325,445,64
325,449,55
325,452,100
325,456,14
325,459,61
325,461,37
325,462,53
325,465,16
325,471,83
325,472,90
325,473,95
325,476,48
325,477,17
325,478,19
325,479,99
325,483,79
325,484,41
325,485,5
325,487,97
325,491,75
325,496,19
325,501,49
325,502,83
325,503,94
325,505,25
325,506,58
325,507,53
325,508,43
325,326,11
326,327,30
326,329,34
326,330,73
326,332,13
326,334,42
326,336,93
326,342,26
326,344,73
326,347,84
326,348,94
326,350,89
326,355,72
326,356,3
326,358,75
326,362,36
326,365,23
326,366,20
326,368,66
326,373,2
326,374,61
326,375,44
326,382,90
326,384,20
326,389,100
326,395,47
326,397,85
326,398,12
326,399,95
326,401,1
326,409,66
326,414,67
326,417,49
326,418,12
326,426,15
326,431,74
326,432,61
326,437,54
326,438,36
326,441,90
326,442,23
326,444,58
326,445,69
326,447,59
326,449,100
326,450,78
326,451,83
326,460,8
326,461,20
326,470,96
326,478,18
326,479,45
326,482,34
326,484,93
326,488,44
326,490,98
326,491,21
326,495,88
326,498,67
326,500,15
326,501,27
326,502,80
326,506,42
326,507,45
326,510,60
327,331,91
327,333,60
327,334,96
327,339,90
327,346,37
327,347,92
327,348,60
327,350,89
327,351,93
327,353,83
327,355,86
327,356,23
327,366,95
327,370,97
327,372,46
327,373,78
327,376,73
327,378,21
327,379,86
327,385,45
327,386,79
327,388,43
327,390,29
327,397,81
327,399,95
327,400,59
327,401,86
327,403,18
327,406,38
327,409,83
327,412,6
327,418,61
327,423,77
327,428,20
327,429,78
327,430,2
327,432,48
327,434,5
327,442,13
327,444,48
327,447,46
327,448,18
327,450,29
327,454,35
327,457,99
327,461,12
327,465,42
327,468,90
327,469,60
327,472,32
327,476,100
327,477,85
327,481,44
327,487,44
327,495,42
327,501,12
327,505,73
327,506,48
327,507,27
327,509,48
327,511,77
327,328,95
328,329,41
328,334,86
328,335,80
328,338,41
328,344,7
328,351,3
328,359,87
328,361,29
328,370,44
328,371,5
328,372,93
328,373,93
328,374,73
328,375,54
328,377,34
328,379,28
328,380,70
328,382,94
328,389,88
328,397,76
328,401,17
328,406,66
328,408,51
328,410,49
328,412,21
328,416,10
328,418,45
328,422,24
328,423,3
328,427,38
328,435,50
328,443,28
328,446,91
328,449,51
328,450,79
328,452,44
328,453,80
328,454,53
328,458,42
328,461,83
328,465,45
328,468,20
328,472,59
328,473,93
328,474,64
328,476,9
328,477,96
328,478,31
328,480,7
328,485,53
328,486,38
328,491,89
328,493,13
328,494,75
328,495,88
328,509,82
328,511,59
329,331,65
329,332,20
329,334,49
329,336,52
329,337,33
329,338,59
329,343,80
329,344,39
329,350,69
329,351,21
329,353,91
329,358,38
329,362,57
329,364,96
329,368,15
329,370,16
329,371,68
329,379,69
329,383,11
329,387,85
329,388,7
329,394,74
329,398,45
329,401,51
329,405,77
329,406,99
329,407,16
329,410,88
329,416,30
329,424,42
329,425,8
329,429,50
329,430,50
329,433,9
329,436,35
329,440,50
329,446,75
329,448,47
329,449,81
329,457,34
329,459,33
329,461,76
329,465,83
329,467,79
329,469,73
329,473,71
329,476,49
329,484,73
329,492,43
329,494,71
329,495,4
329,499,11
329,504,58
329,505,87
329,508,63
329,330,21
330,332,26
330,341,76
330,342,57
330,343,13
330,347,34
330,353,87
330,359,44
330,361,18
330,366,3
330,371,70
330,374,42
330,378,11
330,382,39
330,390,65
330,397,54
330,400,9
330,403,18
330,409,17
330,410,75
330,411,34
330,421,90
330,425,89
330,430,33
330,435,74
330,438,13
330,439,73
330,444,100
330,446,55
330,447,74
330,452,59
330,455,79
330,459,31
330,464,2
330,467,62
330,468,55
330,469,79
330,471,36
330,477,51
330,478,92
330,484,21
330,486,47
330,489,70
330,496,37
330,498,70
330,502,85
330,505,52
330,511,98
330,331,8
331,334,62
331,335,23
331,341,75
331,344,88
331,345,63
331,357,81
331,362,81
331,363,68
331,364,96
331,365,47
331,369,39
331,371,62
331,372,34
331,374,99
331,377,83
331,379,15
331,381,74
331,383,37
331,388,69
331,389,34
331,390,59
331,391,17
331,392,8
331,393,94
331,394,21
331,395,98
331,397,59
331,411,48
331,412,71
331,415,42
331,417,28
331,419,53
331,422,14
331,429,68
331,433,81
331,434,33
331,435,1
331,436,51
331,438,72
331,439,26
331,444,70
331,445,59
331,448,51
331,457,28
331,463,59
331,465,75
331,466,52
331,470,13
331,472,60
331,487,4
331,488,100
331,490,31
331,493,51
331,496,52
331,497,76
331,498,78
331,502,91
331,508,49
331,510,52
331,511,63
331,332,23
332,333,69
332,338,53
332,340,20
332,342,55
332,354,31
332,355,30
332,358,39
332,361,30
332,369,15
332,371,25
332,372,83
332,374,9
332,378,99
332,379,47
332,382,43
332,386,95
332,389,65
332,391,61
332,393,67
332,394,28
332,398,65
332,399,12
332,400,39
332,403,46
332,412,5
332,414,10
332,415,82
332,418,95
332,420,82
332,425,21
332,427,100
332,429,19
332,430,37
332,431,16
332,432,56
332,433,18
332,435,78
332,437,81
332,440,43
332,445,89
332,448,16
332,452,61
332,453,9
332,454,67
332,456,84
332,468,27
332,472,32
332,473,36
332,475,12
332,476,70
332,488,60
332,490,2
332,492,24
332,501,97
332,502,61
332,503,42
333,334,39
333,336,93
333,341,27
333,345,27
333,347,63
333,357,17
333,358,84
333,359,74
333,362,51
333,363,3
333,370,65
333,378,43
333,379,20
333,382,64
333,389,74
333,395,78
333,397,41
333,398,74
333,405,67
333,408,44
333,413,36
333,420,84
333,428,63
333,431,53
333,434,21
333,435,26
333,436,23
333,440,80
333,450,28
333,453,55
333,455,97
333,457,99
333,459,40
333,462,84
333,463,30
333,464,94
333,465,81
333,466,18
333,467,4
333,470,10
333,471,82
333,475,62
333,476,42
333,478,56
333,480,24
333,485,80
333,488,98
333,493,89
333,498,69
333,501,54
333,502,21
333,506,41
333,508,27
334,336,90
334,337,92
334,340,90
334,349,52
334,353,79
334,356,58
334,359,60
334,360,69
334,365,38
334,366,12
334,370,4
334,375,89
334,377,71
334,378,88
334,381,61
334,386,55
334,390,100
334,392,36
334,395,15
334,400,37
334,404,42
334,410,79
334,411,9
334,422,73
334,425,23
334,428,79
334,432,36
334,434,66
334,441,56
334,450,90
334,452,6
334,457,70
334,474,1
334,476,31
334,484,28
334,486,85
334,492,47
334,493,50
334,494,67
334,500,34
334,502,76
334,504,76
334,507,15
334,509,37
334,335,64
335,339,64
335,345,84
335,348,81
335,353,76
335,358,82
335,360,71
335,362,93
335,365,45
335,376,80
335,377,47
335,381,39
335,382,73
335,389,26
335,391,60
335,397,94
335,400,95
335,411,16
335,427,62
335,428,7
335,430,98
335,440,97
335,443,11
335,445,67
335,446,77
335,450,52
335,453,27
335,454,73
335,456,88
335,457,62
335,459,63
335,460,37
335,463,98
335,468,62
335,469,12
335,470,97
335,472,29
335,473,60
335,477,55
335,481,52
335,482,98
335,484,29
335,487,11
335,491,36
335,495,95
335,496,96
335,497,75
335,503,47
335,506,11
335,507,42
335,510,95
335,511,41
335,336,50
336,342,77
336,343,35
336,344,72
336,348,13
336,350,27
336,353,25
336,355,49
336,360,3
336,367,90
336,368,48
336,369,5
336,374,31
336,375,85
336,395,57
336,397,86
336,399,30
336,411,26
336,413,100
336,414,86
336,415,88
336,418,42
336,419,44
336,428,53
336,436,71
336,438,89
336,441,39
336,443,7
336,446,34
336,447,10
336,449,21
336,451,1
336,453,38
336,454,44
336,457,1
336,462,73
336,467,78
336,470,68
336,476,77
336,485,11
336,486,45
336,489,39
336,490,69
336,496,74
336,497,63
336,503,60
336,505,93
336,506,24
336,508,26
336,337,35
337,339,26
337,340,89
337,344,75
337,345,48
337,346,66
337,347,62
337,352,65
337,356,50
337,357,99
337,360,21
337,362,4
337,363,56
337,366,45
337,369,73
337,370,33
337,373,37
337,374,56
337,375,14
337,380,80
337,385,49
337,389,38
337,393,77
337,396,6
337,400,60
337,402,86
337,403,13
337,408,6
337,415,18
337,417,25
337,421,33
337,424,99
337,427,2
337,431,17
337,439,37
337,443,63
337,445,32
337,455,11
337,456,21
337,459,75
337,461,39
337,464,32
337,470,44
337,471,29
337,478,76
337,482,24
337,486,56
337,491,18
337,494,89
337,497,68
337,498,85
337,499,66
337,504,56
337,505,42
337,509,28
337,338,36
338,341,100
338,349,100
338,350,38
338,351,35
338,360,57
338,362,64
338,366,39
338,369,39
338,372,35
338,375,8
338,382,25
338,383,37
338,384,76
338,391,67
338,393,16
338,394,55
338,397,94
338,401,97
338,403,54
338,404,62
338,406,42
338,408,76
338,409,76
338,410,77
338,411,66
338,414,67
338,420,79
338,422,21
338,427,41
338,435,37
338,436,36
338,443,70
338,444,71
338,445,64
338,447,17
338,453,84
338,454,74
338,465,72
338,468,62
338,474,10
338,475,81
338,477,47
338,478,24
338,484,74
338,489,64
338,490,65
338,491,4
338,493,59
338,496,90
338,497,26
338,339,96
339,346,17
339,348,29
339,349,82
339,351,44
339,353,92
339,363,24
339,365,59
339,368,43
339,374,49
339,376,9
339,379,80
339,380,84
339,385,14
339,386,41
339,395,78
339,397,99
339,401,32
339,407,38
339,412,11
339,416,58
339,419,99
339,420,54
339,421,30
339,423,59
339,427,16
339,428,23
339,431,98
339,437,81
339,442,42
339,454,56
339,456,3
339,457,25
339,459,36
339,461,84
339,463,82
339,468,92
339,471,24
339,472,34
339,475,33
339,478,57
339,481,47
339,482,100
339,483,2
339,485,43
339,486,97
339,489,76
339,491,7
339,496,9
339,502,9
339,506,78
339,507,82
339,340,21
340,348,93
340,356,54
340,363,13
340,380,96
340,384,16
340,385,41
340,386,56
340,387,82
340,390,46
340,392,5
340,395,72
340,397,41
340,401,35
340,403,44
340,406,31
340,413,47
340,414,42
340,415,61
340,422,38
340,425,87
340,427,22
340,432,46
340,436,17
340,439,92
340,442,2
340,452,2
340,455,37
340,459,26
340,464,25
340,465,98
340,468,75
340,469,6
340,476,15
340,480,98
340,492,100
340,493,76
340,495,75
340,501,58
340,502,77
340,504,43
340,510,15
340,341,47
341,342,15
341,346,6
341,347,38
341,348,95
341,349,16
341,352,44
341,354,29
341,358,84
341,359,30
341,361,63
341,362,94
341,368,44
341,372,9
341,379,41
341,398,50
341,400,3
341,404,9
341,406,42
341,408,66
341,412,31
341,415,81
341,416,84
341,417,69
341,420,5
341,421,70
341,422,60
341,428,68
341,438,2
341,448,17
341,449,76
341,452,5
341,453,32
341,456,90
341,457,27
341,463,11
341,468,36
341,469,43
341,471,40
341,472,12
341,475,22
341,482,71
341,489,12
341,493,89
341,496,33
341,500,7
342,343,19
342,347,32
342,349,39
342,350,25
342,359,94
342,361,100
342,371,57
342,388,77
342,390,8
342,392,76
342,394,26
342,397,6
342,405,54
342,407,36
342,410,5
342,413,35
342,414,48
342,416,15
342,420,15
342,424,60
342,425,98
342,428,16
342,431,100
342,436,75
342,441,86
342,444,92
342,445,37
342,447,95
342,455,38
342,456,98
342,458,70
342,461,37
342,464,90
342,471,35
342,472,80
342,474,18
342,475,63
342,477,52
342,478,66
342,486,92
342,487,61
342,490,42
342,493,37
342,494,64
342,495,98
342,498,78
342,503,44
342,505,99
342,507,19
343,345,58
343,350,7
343,357,45
343,362,88
343,370,12
343,372,86
343,375,26
343,376,97
343,378,61
343,380,90
343,382,70
343,383,42
343,385,33
343,387,91
343,397,88
343,400,51
343,404,64
343,405,1
343,410,25
343,411,8
343,413,81
343,415,94
343,420,39
343,423,38
343,424,3
343,428,75
343,432,31
343,434,46
343,436,79
343,440,77
343,445,62
343,448,51
343,449,56
343,450,84
343,453,86
343,456,100
343,459,84
343,460,66
343,462,15
343,468,75
343,469,84
343,470,22
343,475,22
343,478,96
343,484,44
343,487,57
343,489,10
343,497,58
343,499,98
343,500,6
343,502,68
343,503,73
343,505,32
343,344,48
344,345,47
344,349,7
344,354,96
344,356,77
344,361,55
344,363,35
344,365,100
344,366,60
344,373,84
344,374,18
344,378,19
344,380,60
344,381,80
344,385,5
344,387,61
344,396,2
344,397,6
344,402,21
344,406,48
344,411,78
344,415,66
344,418,18
344,419,16
344,420,23
344,422,60
344,428,32
344,429,50
344,431,11
344,440,22
344,444,47
344,447,93
344,451,81
344,454,52
344,457,76
344,458,36
344,462,10
344,463,36
344,470,29
344,471,87
344,473,43
344,477,68
344,480,91
344,481,98
344,482,50
344,483,41
344,485,80
344,488,63
344,490,86
344,491,76
344,494,91
344,496,53
345,346,40
345,348,66
345,351,41
345,353,27
345,357,41
345,360,9
345,361,25
345,363,10
345,366,84
345,368,51
345,372,48
345,373,66
345,375,81
345,376,86
345,377,99
345,379,14
345,381,76
345,383,5
345,384,19
345,386,44
345,387,51
345,400,94
345,402,11
345,405,91
345,406,59
345,408,43
345,412,48
345,413,66
345,416,55
345,425,32
345,429,54
345,430,35
345,433,45
345,434,66
345,435,54
345,437,27
345,440,19
345,445,16
345,449,39
345,450,62
345,454,85
345,458,55
345,460,34
345,462,3
345,463,10
345,467,94
345,471,61
345,472,64
345,474,3
345,478,18
345,482,46
345,486,55
345,488,61
345,494,6
345,495,92
345,496,92
345,498,59
345,499,95
345,502,20
345,504,45
345,505,25
346,351,1
346,352,17
346,353,55
346,354,20
346,355,84
346,358,28
346,362,58
346,363,61
346,364,15
346,365,88
346,369,20
346,373,3
346,374,47
346,381,80
346,383,95
346,396,56
346,397,65
346,403,95
346,405,86
346,407,55
346,411,30
346,414,7
346,416,62
346,417,55
346,418,83
346,420,78
346,421,93
346,422,63
346,424,13
346,426,25
346,428,42
346,429,77
346,437,75
346,444,70
346,451,18
346,460,41
346,461,38
346,466,50
346,467,3
346,469,55
346,473,69
346,474,42
346,476,77
346,482,42
346,483,70
346,484,28
346,489,14
346,503,76
346,504,45
346,506,11
346,347,3
347,349,38
347,355,55
347,356,75
347,357,98
347,362,71
347,365,93
347,371,90
347,376,5
347,382,66
347,383,41
347,388,30
347,398,45
347,400,54
347,403,91
347,408,72
347,410,56
347,418,37
347,420,21
347,425,45
347,428,44
347,429,64
347,438,39
347,443,51
347,444,2
347,445,70
347,451,86
347,454,18
347,459,54
347,467,6
347,477,82
347,484,48
347,491,89
347,493,72
347,495,69
347,497,50
347,503,89
347,504,15
347,505,51
347,507,29
347,348,33
348,350,73
348,353,81
348,357,34
348,360,11
348,364,90
348,366,60
348,368,21
348,372,81
348,375,25
348,381,44
348,383,74
348,389,88
348,391,55
348,402,76
348,404,77
348,407,89
348,408,52
348,411,8
348,416,74
348,418,42
348,420,53
348,427,24
348,428,47
348,430,79
348,439,4
348,440,88
348,446,63
348,451,5
348,452,24
348,454,25
348,457,3
348,464,4
348,466,91
348,467,2
348,468,49
348,470,9
348,472,90
348,477,9
348,482,4
348,486,93
348,487,46
348,488,32
348,496,5
348,497,86
348,499,10
348,500,52
348,503,12
348,505,95
348,509,48
348,349,55
349,353,2
349,354,4
349,359,93
349,360,100
349,361,16
349,366,38
349,367,57
349,368,85
349,369,3
349,378,66
349,379,6
349,388,47
349,391,13
349,399,41
349,400,14
349,403,7
349,408,29
349,414,41
349,423,59
349,425,32
349,430,86
349,432,12
349,433,26
349,434,81
349,437,23
349,443,42
349,445,3
349,446,40
349,448,20
349,451,60
349,452,80
349,454,9
349,456,24
349,457,83
349,459,32
349,465,79
349,468,89
349,472,62
349,476,38
349,477,94
349,482,46
349,486,91
349,490,61
349,498,81
349,501,2
349,504,89
349,506,69
349,508,5
349,350,57
350,351,64
350,352,77
350,356,28
350,361,28
350,368,68
350,370,95
350,373,40
350,378,39
350,380,41
350,382,85
350,385,2
350,386,55
350,389,11
350,391,10
350,396,98
350,398,51
350,404,71
350,406,98
350,408,28
350,410,77
350,411,16
350,415,21
350,416,55
350,419,82
350,423,39
350,426,44
350,432,97
350,433,32
350,434,31
350,435,57
350,437,71
350,439,88
350,441,20
350,446,38
350,449,8
350,457,17
350,458,68
350,462,44
350,463,62
350,468,100
350,470,43
350,471,58
350,472,35
350,482,55
350,483,1
350,489,23
350,491,76
350,492,33
350,499,15
350,503,99
350,504,64
350,508,50
351,355,52
351,357,51
351,359,85
351,361,20
351,366,3
351,368,98
351,371,31
351,372,61
351,383,57
351,388,59
351,391,55
351,394,78
351,395,71
351,399,82
351,405,72
351,407,35
351,412,24
351,419,39
351,420,2
351,422,81
351,425,63
351,429,22
351,430,36
351,433,53
351,440,44
351,441,19
351,443,30
351,444,49
351,451,3
351,457,76
351,459,47
351,463,53
351,468,9
351,471,63
351,476,57
351,480,67
351,481,17
351,485,7
351,487,84
351,489,4
351,492,50
351,493,60
351,495,86
351,497,88
351,499,16
351,509,71
351,510,50
351,352,24
352,360,12
352,361,62
352,363,61
352,364,44
352,365,14
352,367,2
352,372,81
352,374,75
352,376,3
352,394,14
352,397,14
352,398,68
352,399,59
352,400,44
352,408,55
352,412,51
352,417,46
352,421,70
352,424,25
352,428,13
352,429,31
352,431,15
352,432,98
352,433,46
352,437,80
352,438,95
352,439,58
352,442,44
352,447,32
352,454,37
352,455,39
352,456,92
352,462,94
352,464,48
352,468,38
352,471,27
352,475,46
352,476,65
352,477,81
352,484,99
352,486,67
352,496,16
352,510,6
352,353,31
353,365,33
353,367,14
353,369,31
353,371,59
353,372,37
353,373,65
353,374,9
353,377,64
353,385,88
353,390,79
353,391,50
353,398,85
353,407,56
353,408,47
353,417,45
353,418,85
353,420,56
353,429,83
353,432,84
353,436,10
353,438,63
353,450,78
353,451,8
353,452,47
353,454,12
353,455,42
353,465,38
353,467,77
353,469,98
353,474,6
353,475,8
353,476,29
353,477,92
353,482,34
353,483,50
353,485,55
353,487,43
353,489,17
353,492,30
353,493,70
353,495,41
353,502,34
353,505,64
353,507,88
353,509,11
353,511,36
353,354,51
354,357,60
354,360,39
354,361,54
354,366,35
354,372,61
354,376,82
354,377,38
354,380,43
354,382,99
354,391,43
354,392,54
354,395,67
354,399,64
354,403,62
354,406,25
354,411,44
354,413,23
354,416,83
354,420,13
354,422,34
354,425,75
354,434,97
354,435,57
354,436,39
354,438,7
354,439,29
354,440,62
354,443,67
354,444,76
354,445,96
354,446,49
354,449,95
354,454,17
354,455,67
354,456,55
354,462,4
354,466,16
354,473,100
354,475,49
354,476,43
354,478,30
354,482,65
354,483,29
354,487,37
354,492,19
354,495,31
354,496,48
354,498,33
354,499,68
354,500,72
354,501,76
354,502,43
354,505,80
354,508,12
354,509,97
354,355,8
355,363,26
355,370,97
355,371,15
355,372,10
355,394,55
355,400,66
355,401,95
355,402,81
355,403,17
355,404,52
355,405,64
355,406,94
355,413,87
355,418,76
355,420,29
355,421,83
355,425,66
355,428,24
355,431,53
355,432,56
355,435,34
355,436,24
355,439,12
355,440,21
355,441,97
355,442,5
355,444,98
355,446,2
355,449,6
355,457,39
355,461,98
355,462,60
355,463,49
355,470,46
355,475,89
355,477,83
355,479,9
355,488,72
355,489,12
355,496,7
355,504,44
355,509,35
355,356,79
356,365,12
356,369,79
356,377,71
356,386,54
356,392,6
356,393,25
356,394,100
356,396,2
356,398,20
356,401,78
356,403,61
356,409,2
356,412,36
356,413,76
356,421,87
356,423,15
356,427,80
356,429,61
356,430,63
356,432,64
356,433,35
356,446,41
356,448,94
356,449,11
356,450,35
356,451,72
356,452,74
356,457,52
356,462,26
356,468,36
356,469,17
356,470,34
356,476,88
356,481,31
356,485,44
356,486,73
356,487,88
356,493,41
356,495,43
356,498,58
356,501,46
356,503,68
356,506,94
356,509,4
356,510,52
356,357,66
357,358,81
357,361,21
357,364,51
357,367,82
357,370,4
357,371,93
357,375,56
357,376,58
357,378,68
357,380,22
357,381,26
357,382,38
357,386,58
357,388,31
357,397,66
357,398,67
357,399,35
357,400,80
357,401,19
357,404,32
357,409,34
357,411,97
357,412,47
357,414,66
357,416,62
357,423,69
357,425,47
357,426,78
357,427,43
357,429,34
357,434,41
357,437,97
357,439,57
357,449,35
357,450,61
357,451,23
357,462,76
357,463,67
357,465,74
357,466,29
357,467,57
357,471,26
357,478,50
357,480,38
357,484,13
357,489,100
357,491,77
357,498,12
357,502,1
357,503,43
357,505,19
358,360,36
358,363,31
358,366,30
358,367,52
358,375,94
358,380,27
358,387,65
358,400,59
358,408,59
358,409,29
358,411,86
358,412,2
358,414,82
358,418,82
358,422,6
358,423,92
358,425,58
358,426,28
358,429,3
358,431,94
358,432,25
358,437,65
358,438,13
358,443,81
358,444,27
358,448,9
358,451,62
358,459,60
358,462,28
358,463,92
358,464,95
358,465,44
358,475,34
358,485,43
358,495,93
358,496,8
358,497,98
358,501,76
358,503,97
358,504,68
358,505,86
358,508,93
358,510,54
358,359,38
359,361,1
359,366,48
359,367,66
359,372,78
359,377,3
359,378,41
359,386,8
359,392,59
359,394,33
359,395,52
359,397,1
359,402,18
359,403,38
359,404,1
359,405,41
359,406,83
359,409,63
359,414,40
359,415,49
359,417,93
359,421,67
359,423,56
359,435,100
359,436,4
359,438,33
359,441,1
359,444,70
359,446,68
359,447,81
359,448,23
359,449,86
359,453,5
359,460,70
359,469,58
359,470,6
359,474,68
359,475,56
359,480,3
359,481,30
359,485,67
359,490,54
359,493,78
359,495,53
359,497,12
359,510,91
359,360,18
360,362,30
360,363,78
360,364,17
360,366,25
360,375,63
360,379,1
360,382,54
360,384,26
360,388,95
360,393,63
360,398,18
360,401,97
360,402,51
360,404,31
360,405,55
360,415,3
360,417,88
360,419,90
360,425,89
360,429,76
360,430,14
360,431,49
360,443,23
360,444,93
360,449,38
360,454,93
360,455,88
360,465,89
360,466,37
360,469,3
360,475,91
360,478,36
360,483,16
360,493,28
360,494,2
360,495,50
360,496,47
360,500,24
360,507,25
360,361,2
361,363,29
361,372,75
361,374,7
361,381,42
361,383,11
361,384,44
361,387,44
361,388,56
361,402,86
361,404,55
361,408,37
361,411,48
361,412,64
361,414,25
361,416,90
361,418,77
361,419,49
361,420,32
361,421,25
361,423,73
361,424,89
361,425,53
361,434,43
361,435,74
361,437,75
361,440,70
361,442,45
361,445,94
361,446,9
361,447,43
361,452,52
361,458,67
361,459,63
361,461,70
361,463,77
361,464,85
361,466,69
361,476,24
361,477,38
361,478,4
361,479,8
361,481,85
361,488,10
361,490,36
361,492,97
361,501,23
361,503,42
361,506,59
361,511,33
361,362,34
362,368,60
362,369,27
362,370,58
362,371,4
362,378,28
362,382,43
362,383,11
362,384,10
362,385,74
362,386,41
362,392,34
362,393,68
362,400,54
362,401,10
362,406,73
362,407,100
362,408,76
362,409,100
362,412,2
362,415,87
362,416,20
362,418,26
362,419,85
362,425,34
362,427,80
362,428,31
362,431,28
362,432,40
362,441,60
362,443,42
362,451,46
362,453,68
362,454,48
362,455,92
362,456,38
362,457,81
362,458,1
362,461,33
362,462,82
362,464,83
362,465,14
362,469,32
362,472,65
362,476,38
362,478,33
362,480,6
362,483,61
362,493,51
362,496,54
362,502,71
362,504,36
362,505,67
362,508,72
362,509,15
362,363,53
363,368,40
363,369,79
363,371,37
363,377,85
363,383,11
363,390,96
363,393,71
363,397,72
363,401,64
363,403,35
363,409,67
363,412,82
363,417,69
363,419,43
363,422,77
363,425,29
363,426,72
363,432,5
363,434,44
363,436,8
363,441,26
363,443,85
363,447,99
363,453,88
363,459,56
363,461,63
363,462,49
363,463,3
363,467,94
363,468,31
363,470,70
363,471,90
363,477,94
363,483,78
363,485,41
363,486,44
363,501,92
363,502,28
363,503,80
363,506,47
363,510,59
363,364,67
364,367,9
364,368,25
364,374,54
364,377,65
364,378,24
364,381,73
364,382,59
364,386,79
364,388,13
364,390,30
364,391,16
364,392,66
364,393,97
364,395,75
364,396,100
364,397,39
364,400,98
364,404,62
364,405,21
364,407,15
364,408,49
364,414,2
364,419,70
364,422,5
364,423,21
364,424,8
364,426,27
364,430,13
364,431,74
364,436,92
364,438,22
364,442,81
364,443,97
364,444,51
364,446,81
364,451,78
364,452,12
364,453,53
364,458,58
364,463,76
364,464,52
364,469,65
364,470,43
364,484,27
364,489,68
364,490,53
364,495,38
364,504,39
364,505,59
364,508,26
364,365,63
365,370,2
365,380,16
365,382,51
365,396,4
365,397,55
365,399,29
365,401,73
365,402,24
365,403,70
365,406,71
365,407,4
365,410,71
365,417,97
365,418,53
365,422,67
365,424,4
365,427,26
365,429,20
365,431,42
365,432,38
365,433,73
365,434,21
365,436,30
365,438,59
365,440,89
365,442,58
365,444,23
365,448,50
365,457,20
365,461,76
365,471,52
365,474,86
365,479,53
365,480,81
365,485,23
365,489,15
365,492,12
365,493,72
365,494,16
365,497,84
365,503,28
365,506,61
365,511,75
365,366,22
366,368,29
366,370,56
366,372,44
366,375,71
366,381,39
366,382,93
366,383,55
366,384,17
366,391,32
366,406,17
366,410,73
366,411,21
366,413,3
366,431,16
366,433,5
366,434,65
366,436,3
366,437,74
366,440,38
366,447,55
366,448,36
366,450,29
366,452,41
366,456,9
366,458,72
366,462,60
366,465,8
366,466,16
366,471,82
366,477,42
366,478,10
366,480,41
366,481,43
366,491,87
366,492,16
366,494,79
366,496,71
366,499,43
366,502,73
366,505,33
366,510,98
366,367,6
367,371,3
367,375,80
367,382,65
367,383,40
367,384,82
367,386,94
367,387,42
367,388,4
367,391,40
367,393,44
367,394,40
367,396,95
367,400,2
367,411,47
367,412,94
367,419,64
367,424,12
367,426,3
367,431,62
367,432,35
367,433,96
367,434,14
367,437,90
367,443,46
367,444,78
367,459,67
367,461,96
367,463,37
367,465,56
367,467,25
367,470,16
367,472,69
367,473,55
367,482,78
367,485,25
367,490,29
367,491,4
367,494,100
367,498,33
367,503,25
367,504,79
367,507,98
367,508,87
367,511,83
367,368,19
368,373,58
368,374,64
368,379,83
368,382,90
368,384,77
368,389,74
368,390,37
368,393,76
368,397,23
368,401,10
368,402,30
368,403,56
368,413,42
368,416,28
368,419,69
368,421,32
368,423,36
368,426,23
368,427,96
368,429,42
368,430,88
368,437,92
368,438,4
368,440,92
368,444,91
368,445,18
368,447,15
368,451,34
368,457,94
368,458,58
368,460,24
368,463,10
368,464,54
368,467,33
368,469,61
368,471,25
368,474,5
368,475,23
368,477,55
368,478,53
368,485,94
368,486,28
368,487,2
368,489,51
368,493,79
368,498,34
368,502,100
368,503,25
368,506,94
368,507,100
368,509,89
368,369,1
369,370,8
369,372,35
369,373,35
369,375,65
369,379,16
369,389,49
369,391,38
369,395,24
369,397,4
369,399,83
369,400,13
369,402,17
369,404,54
369,405,64
369,409,19
369,412,49
369,421,44
369,423,48
369,426,1
369,428,43
369,429,57
369,431,72
369,434,77
369,438,70
369,440,90
369,442,48
369,447,99
369,451,37
369,452,22
369,454,39
369,460,47
369,462,3
369,469,19
369,473,19
369,476,44
369,477,88
369,480,56
369,482,26
369,483,39
369,487,94
369,490,91
369,491,72
369,494,53
369,495,40
369,502,78
369,506,22
369,510,37
369,511,9
370,372,23
370,375,82
370,378,3
370,379,86
370,385,50
370,393,69
370,397,79
370,399,66
370,400,25
370,401,61
370,405,98
370,406,67
370,408,88
370,412,80
370,413,96
370,416,84
370,417,66
370,420,45
370,421,97
370,429,34
370,433,86
370,437,11
370,445,29
370,446,73
370,451,21
370,452,82
370,453,28
370,454,21
370,458,82
370,462,83
370,465,2
370,468,29
370,483,66
370,486,30
370,487,38
370,492,22
370,493,32
370,494,32
370,497,78
370,500,19
370,502,81
370,504,25
370,506,98
370,508,73
370,371,61
371,372,29
371,373,42
371,374,54
371,380,57
371,383,100
371,384,78
371,387,29
371,394,6
371,395,53
371,398,75
371,399,5
371,400,4
371,407,17
371,412,54
371,413,24
371,418,57
371,427,34
371,435,18
371,439,59
371,449,9
371,453,26
371,456,27
371,457,64
371,462,13
371,466,77
371,467,72
371,469,17
371,472,64
371,474,75
371,477,36
371,478,63
371,482,33
371,484,49
371,485,14
371,486,10
371,493,29
371,499,4
371,505,1
371,506,65
371,508,96
372,384,55
372,390,82
372,393,97
372,395,4
372,399,72
372,404,1
372,411,42
372,417,14
372,422,55
372,430,10
372,432,69
372,436,55
372,437,38
372,440,73
372,447,4
372,450,46
372,451,53
372,452,52
372,453,68
372,454,13
372,456,64
372,461,34
372,463,40
372,464,23
372,466,59
372,468,70
372,473,26
372,475,23
372,476,14
372,477,14
372,478,47
372,491,44
372,494,83
372,507,71
372,508,9
372,511,63
372,373,59
373,376,15
373,377,32
373,383,82
373,389,15
373,390,64
373,392,95
373,396,24
373,403,97
373,406,81
373,408,69
373,410,6
373,414,75
373,415,98
373,418,70
373,420,30
373,424,82
373,431,48
373,435,94
373,437,41
373,438,85
373,439,74
373,442,58
373,443,36
373,444,17
373,445,86
373,446,74
373,451,22
373,457,11
373,462,79
373,463,39
373,464,18
373,467,70
373,468,68
373,470,72
373,471,80
373,477,86
373,478,13
373,480,83
373,484,18
373,490,58
373,492,51
373,493,9
373,494,97
373,497,59
373,498,100
373,499,65
373,500,75
373,503,38
373,508,22
373,374,68
374,377,95
374,380,88
374,385,66
374,388,38
374,389,96
374,390,28
374,392,100
374,394,22
374,395,60
374,396,32
374,397,12
374,404,73
374,409,64
374,410,76
374,414,7
374,419,73
374,420,96
374,425,65
374,427,30
374,431,53
374,433,100
374,435,85
374,438,81
374,444,2
374,451,26
374,456,76
374,460,12
374,473,97
374,475,28
374,482,77
374,485,66
374,486,35
374,487,51
374,489,11
374,493,97
374,495,45
374,497,94
374,498,75
374,499,69
374,500,22
374,375,54
375,376,75
375,377,93
375,382,35
375,383,37
375,385,46
375,389,64
375,391,90
375,401,38
375,402,93
375,404,51
375,405,92
375,410,5
375,418,97
375,422,56
375,424,67
375,426,98
375,428,6
375,429,66
375,434,22
375,442,100
375,444,70
375,454,21
375,456,11
375,457,88
375,459,82
375,461,46
375,463,92
375,468,32
375,475,25
375,476,74
375,480,5
375,483,20
375,484,8
375,485,83
375,486,97
375,490,36
375,504,87
375,511,80
376,379,31
376,381,48
376,382,32
376,387,52
376,391,13
376,393,77
376,399,96
376,401,25
376,402,47
376,407,5
376,414,50
376,426,51
376,430,86
376,432,96
376,433,23
376,434,22
376,435,38
376,436,47
376,438,41
376,442,96
376,445,74
376,452,16
376,458,30
376,459,26
376,462,84
376,466,80
376,467,60
376,468,21
376,469,17
376,470,70
376,471,38
376,474,73
376,481,100
376,482,9
376,497,81
376,498,21
376,499,16
376,502,67
376,503,96
376,504,78
376,377,14
377,380,79
377,383,29
377,384,72
377,388,28
377,391,37
377,393,43
377,396,51
377,397,94
377,399,15
377,401,2
377,410,43
377,418,84
377,420,44
377,423,59
377,425,95
377,437,62
377,439,75
377,446,43
377,448,28
377,449,57
377,453,100
377,462,44
377,463,56
377,467,69
377,468,90
377,469,84
377,470,89
377,471,48
377,475,84
377,476,83
377,480,56
377,484,11
377,485,75
377,486,81
377,487,70
377,488,85
377,490,4
377,493,28
377,498,35
377,501,21
377,506,77
377,509,29
377,378,14
378,380,95
378,383,34
378,384,51
378,386,97
378,388,56
378,390,26
378,394,50
378,397,87
378,400,99
378,418,35
378,428,99
378,432,26
378,434,30
378,438,70
378,440,35
378,443,92
378,445,21
378,448,84
378,452,3
378,460,60
378,461,32
378,469,34
378,470,2
378,490,34
378,491,54
378,494,70
378,499,87
378,500,58
378,504,13
378,510,6
378,379,32
379,381,64
379,387,87
379,389,53
379,391,78
379,398,15
379,402,57
379,405,22
379,406,19
379,409,39
379,410,79
379,412,1
379,414,77
379,415,2
379,417,50
379,418,73
379,425,55
379,426,100
379,432,95
379,435,8
379,439,96
379,442,32
379,447,54
379,448,82
379,452,35
379,455,36
379,457,6
379,458,24
379,463,44
379,464,18
379,467,17
379,468,100
379,470,99
379,473,91
379,475,96
379,478,97
379,479,76
379,483,40
379,485,92
379,486,32
379,488,24
379,490,96
379,491,36
379,495,26
379,498,98
379,502,100
379,510,9
379,380,87
380,381,90
380,382,19
380,386,17
380,388,65
380,389,3
380,390,13
380,393,48
380,395,5
380,397,16
380,400,52
380,401,95
380,402,98
380,403,27
380,404,34
380,405,31
380,408,53
380,409,59
380,411,20
380,412,64
380,414,26
380,415,52
380,416,67
380,417,11
380,418,42
380,419,38
380,422,64
380,425,29
380,432,37
380,438,47
380,439,12
380,441,67
380,444,57
380,446,31
380,451,16
380,452,9
380,457,46
380,460,87
380,464,56
380,465,75
380,474,65
380,475,71
380,476,56
380,478,55
380,479,77
380,482,77
380,485,14
380,488,42
380,495,38
380,496,25
380,498,34
380,504,56
380,507,43
381,382,1
381,388,22
381,390,21
381,391,23
381,399,89
381,412,46
381,415,96
381,420,50
381,422,34
381,428,27
381,429,26
381,432,98
381,433,17
381,435,35
381,436,60
381,439,70
381,442,38
381,446,12
381,449,52
381,454,7
381,457,20
381,462,91
381,470,62
381,480,9
381,482,31
381,483,83
381,485,96
381,491,68
381,493,53
381,494,94
381,497,4
381,501,67
381,509,99
381,510,63
381,511,42
382,384,5
382,386,92
382,390,99
382,393,18
382,407,100
382,411,74
382,414,22
382,421,30
382,425,35
382,434,43
382,438,58
382,445,50
382,448,9
382,451,96
382,457,98
382,463,47
382,467,68
382,468,98
382,470,12
382,471,26
382,478,83
382,480,55
382,485,8
382,487,65
382,497,57
382,500,7
382,501,24
382,503,82
382,504,65
382,505,88
382,506,20
382,507,97
382,508,28
382,383,2
383,386,68
383,388,34
383,396,99
383,397,2
383,399,6
383,405,67
383,406,5
383,408,91
383,411,45
383,412,30
383,418,87
383,419,11
383,421,14
383,425,17
383,426,87
383,427,90
383,428,42
383,431,21
383,437,61
383,453,77
383,454,39
383,455,31
383,456,36
383,463,52
383,465,57
383,466,22
383,470,67
383,477,58
383,478,50
383,480,29
383,485,87
383,488,59
383,489,11
383,494,54
383,496,9
383,500,16
383,503,72
383,505,19
383,507,44
383,509,31
383,384,81
384,391,61
384,397,99
384,399,83
384,404,27
384,406,59
384,407,43
384,410,74
384,411,98
384,412,91
384,413,53
384,419,21
384,424,92
384,426,48
384,427,80
384,430,4
384,434,65
384,438,22
384,439,41
384,448,5
384,450,53
384,456,24
384,457,2
384,461,43
384,465,66
384,466,38
384,472,9
384,473,34
384,476,40
384,484,26
384,486,35
384,490,7
384,494,21
384,495,100
384,496,88
384,501,44
384,511,65
384,385,33
385,387,52
385,389,94
385,390,94
385,396,59
385,398,2
385,401,97
385,402,28
385,404,36
385,410,54
385,411,28
385,415,49
385,416,87
385,421,99
385,423,25
385,435,68
385,447,20
385,449,83
385,450,55
385,453,40
385,454,64
385,455,87
385,458,53
385,459,20
385,460,4
385,462,30
385,469,46
385,472,43
385,474,17
385,477,58
385,479,88
385,480,61
385,486,73
385,488,69
385,489,66
385,490,35
385,495,38
385,510,45
385,386,48
386,387,32
386,389,27
386,391,16
386,398,21
386,399,42
386,400,34
386,408,1
386,411,44
386,413,74
386,414,93
386,420,58
386,422,27
386,432,51
386,437,2
386,443,62
386,450,62
386,451,1
386,453,52
386,454,47
386,456,9
386,458,17
386,459,34
386,462,64
386,468,34
386,470,62
386,471,49
386,486,39
386,489,82
386,493,72
386,496,38
386,497,93
386,498,86
386,502,21
386,505,78
386,506,84
386,508,96
386,509,37
386,511,48
387,389,14
387,392,98
387,393,66
387,395,46
387,404,7
387,406,43
387,407,5
387,413,16
387,414,18
387,426,92
387,433,8
387,434,38
387,436,79
387,444,88
387,445,43
387,446,60
387,447,67
387,450,99
387,455,1
387,457,88
387,458,28
387,460,63
387,464,74
387,469,67
387,474,69
387,487,25
387,488,52
387,490,52
387,493,90
387,494,78
387,498,58
387,502,83
387,503,92
387,504,80
387,507,54
387,510,82
387,511,80
387,388,31
388,394,74
388,399,39
388,401,16
388,403,59
388,404,60
388,406,93
388,410,67
388,412,82
388,414,63
388,415,43
388,417,88
388,418,62
388,422,40
388,428,29
388,429,4
388,432,69
388,435,33
388,442,71
388,445,80
388,448,57
388,449,38
388,450,28
388,453,4
388,454,50
388,455,18
388,456,89
388,466,77
388,469,13
388,470,69
388,471,87
388,473,10
388,474,18
388,479,39
388,480,48
388,481,25
388,485,97
388,486,45
388,487,47
388,493,50
388,499,28
388,503,13
388,504,19
388,389,17
389,390,6
389,391,35
389,394,12
389,396,86
389,398,47
389,401,88
389,404,6
389,408,55
389,412,38
389,414,69
389,435,21
389,436,74
389,438,22
389,442,41
389,449,31
389,453,2
389,459,49
389,461,97
389,463,35
389,464,22
389,469,39
389,473,62
389,475,6
389,477,60
389,478,46
389,482,97
389,483,74
389,486,45
389,487,70
389,490,92
389,492,77
389,496,35
389,499,7
389,500,25
389,502,41
389,505,20
389,506,54
389,508,89
389,511,72
390,398,38
390,399,39
390,400,46
390,403,21
390,406,43
390,410,32
390,411,64
390,414,23
390,417,73
390,419,63
390,422,57
390,423,27
390,424,49
390,425,86
390,428,34
390,444,71
390,451,23
390,455,75
390,464,51
390,466,50
390,469,20
390,471,50
390,472,26
390,475,30
390,476,90
390,484,50
390,487,63
390,490,86
390,491,11
390,492,20
390,493,26
390,494,39
390,499,35
390,510,81
390,511,62
390,391,11
391,392,7
391,393,28
391,395,68
391,396,23
391,407,86
391,409,7
391,414,80
391,417,55
391,420,81
391,421,65
391,423,17
391,426,59
391,427,6
391,429,94
391,433,87
391,438,58
391,443,8
391,445,21
391,446,70
391,447,82
391,452,24
391,453,23
391,457,96
391,458,57
391,459,46
391,465,61
391,467,18
391,468,15
391,470,68
391,473,52
391,476,34
391,478,98
391,479,2
391,481,47
391,483,14
391,493,58
391,494,21
391,497,55
391,502,8
391,504,48
391,506,54
392,395,25
392,401,64
392,404,99
392,405,68
392,407,15
392,409,67
392,414,89
392,416,84
392,418,23
392,420,49
392,427,31
392,428,3
392,433,91
392,443,35
392,444,64
392,447,87
392,452,88
392,458,92
392,459,85
392,462,17
392,464,97
392,466,9
392,467,92
392,470,95
392,477,81
392,479,86
392,480,99
392,482,83
392,483,50
392,494,57
392,502,20
392,503,66
392,504,21
392,506,15
392,508,99
392,509,4
392,510,15
392,393,59
393,394,92
393,395,14
393,402,53
393,408,44
393,411,23
393,414,32
393,415,38
393,420,15
393,423,98
393,424,48
393,425,11
393,431,47
393,435,94
393,437,32
393,438,89
393,443,62
393,445,9
393,450,94
393,453,73
393,458,31
393,459,44
393,460,92
393,465,50
393,467,99
393,468,87
393,469,75
393,470,78
393,473,5
393,479,78
393,483,76
393,484,89
393,488,89
393,489,49
393,497,92
393,498,36
393,500,70
393,503,6
393,504,99
393,506,54
393,507,10
393,508,93
393,509,8
394,400,61
394,403,42
394,407,25
394,408,59
394,410,11
394,412,7
394,421,7
394,422,46
394,426,2
394,427,72
394,442,32
394,451,18
394,453,63
394,454,80
394,455,11
394,456,25
394,457,43
394,461,65
394,464,66
394,468,37
394,475,54
394,482,54
394,483,16
394,484,39
394,486,51
394,491,32
394,495,53
394,498,51
394,503,31
394,505,55
394,506,63
394,508,23
394,511,16
394,395,58
395,397,13
395,400,82
395,401,71
395,409,66
395,415,63
395,417,29
395,421,17
395,422,46
395,423,11
395,427,83
395,430,89
395,432,50
395,434,86
395,439,51
395,443,43
395,444,37
395,450,23
395,451,10
395,454,16
395,457,78
395,465,30
395,469,30
395,477,43
395,489,72
395,490,38
395,491,52
395,492,15
395,498,41
395,501,66
395,503,15
395,509,47
395,396,29
396,397,35
396,400,79
396,401,94
396,402,66
396,405,14
396,413,50
396,415,32
396,416,13
396,420,45
396,422,4
396,423,52
396,424,99
396,428,68
396,438,82
396,447,63
396,448,85
396,456,16
396,457,24
396,459,62
396,465,56
396,466,17
396,468,88
396,481,42
396,484,97
396,492,67
396,496,56
396,497,24
396,498,25
396,499,70
396,503,36
396,509,93
396,510,63
397,410,40
397,413,87
397,416,28
397,417,97
397,419,5
397,430,44
397,433,100
397,434,93
397,448,3
397,451,68
397,455,35
397,457,46
397,458,17
397,461,83
397,464,85
397,471,87
397,475,76
397,477,47
397,480,69
397,482,71
397,492,6
397,498,78
397,499,5
397,501,67
397,502,48
397,504,92
397,505,67
397,507,4
397,510,47
397,511,37
397,398,61
398,399,22
398,403,50
398,411,8
398,412,61
398,413,6
398,416,51
398,418,41
398,419,11
398,421,65
398,422,58
398,423,26
398,424,34
398,426,46
398,429,45
398,431,53
398,432,87
398,435,41
398,438,70
398,439,47
398,441,1
398,448,36
398,451,96
398,457,93
398,459,91
398,460,61
398,466,39
398,471,43
398,475,92
398,477,35
398,479,44
398,480,91
398,481,77
398,483,54
398,487,11
398,490,77
398,491,14
398,492,53
398,497,94
398,498,1
398,499,25
398,503,38
398,507,50
398,509,99
399,405,22
399,414,92
399,423,8
399,424,40
399,429,95
399,433,17
399,435,15
399,447,89
399,453,85
399,455,54
399,459,69
399,465,100
399,478,50
399,479,7
399,481,73
399,483,19
399,484,91
399,485,43
399,490,29
399,497,88
399,498,81
399,504,4
399,505,93
399,508,62
399,511,87
399,400,75
400,401,31
400,404,81
400,406,74
400,410,31
400,413,3
400,419,32
400,422,17
400,424,69
400,431,50
400,434,12
400,436,23
400,443,19
400,444,10
400,448,64
400,450,67
400,459,43
400,463,11
400,465,96
400,466,61
400,470,63
400,474,25
400,477,2
400,482,5
400,484,1
400,486,52
400,493,95
400,494,7
400,498,71
400,501,93
400,509,53
401,402,61
401,405,28
401,406,72
401,407,92
401,413,98
401,423,85
401,430,79
401,434,86
401,435,80
401,439,2
401,440,74
401,441,64
401,445,82
401,448,47
401,449,84
401,461,92
401,466,19
401,467,97
401,468,14
401,472,9
401,478,39
401,485,54
401,487,22
401,490,76
401,492,99
401,494,13
401,495,82
401,496,41
401,510,86
402,403,57
402,409,69
402,410,98
402,412,32
402,414,28
402,416,46
402,417,29
402,423,22
402,424,62
402,429,99
402,430,3
402,434,7
402,435,53
402,450,53
402,451,58
402,453,57
402,457,73
402,458,17
402,460,31
402,467,45
402,468,85
402,469,6
402,470,23
402,472,99
402,474,96
402,475,81
402,476,8
402,484,56
402,488,31
402,502,98
402,503,85
402,506,89
403,412,67
403,415,14
403,418,4
403,421,85
403,426,75
403,433,29
403,434,23
403,437,26
403,438,27
403,443,41
403,451,9
403,452,97
403,458,59
403,460,80
403,465,70
403,468,3
403,469,97
403,471,98
403,484,100
403,485,91
403,488,74
403,489,28
403,502,60
403,506,76
403,507,82
403,508,79
403,509,27
403,404,99
404,408,53
404,415,80
404,417,22
404,420,42
404,423,19
404,424,4
404,425,15
404,426,39
404,428,66
404,436,96
404,437,76
404,439,11
404,442,58
404,444,73
404,445,8
404,446,47
404,450,6
404,454,96
404,456,41
404,457,15
404,462,97
404,463,98
404,464,89
404,467,58
404,470,90
404,471,15
404,472,43
404,473,81
404,477,63
404,481,19
404,484,100
404,487,36
404,489,85
404,495,38
404,497,18
404,498,66
404,503,73
404,505,17
404,506,50
404,507,16
404,405,32
405,407,37
405,408,96
405,410,28
405,412,45
405,419,60
405,422,100
405,423,75
405,424,11
405,428,40
405,442,65
405,447,91
405,453,48
405,459,25
405,461,87
405,462,27
405,466,69
405,467,92
405,477,43
405,478,80
405,482,97
405,491,66
405,494,51
405,495,33
405,497,92
405,498,13
405,502,67
405,503,59
405,504,14
405,508,14
405,509,60
405,510,79
405,406,22
406,408,48
406,410,90
406,412,50
406,415,10
406,417,73
406,418,3
406,420,99
406,423,66
406,425,81
406,426,99
406,428,5
406,439,36
406,441,53
406,445,79
406,446,61
406,448,24
406,450,95
406,452,31
406,454,51
406,456,90
406,462,44
406,470,60
406,486,76
406,488,22
406,489,99
406,495,15
406,498,92
406,499,79
406,506,12
406,507,15
406,508,76
406,407,7
407,410,39
407,411,37
407,413,26
407,420,73
407,421,30
407,422,95
407,423,96
407,430,88
407,431,47
407,435,62
407,438,58
407,439,19
407,445,46
407,455,50
407,461,37
407,464,19
407,468,62
407,474,18
407,479,16
407,482,56
407,483,73
407,491,6
407,494,70
407,496,44
407,497,9
407,499,10
407,500,33
407,503,76
407,505,67
407,509,66
407,408,85
408,409,44
408,412,9
408,416,22
408,418,27
408,420,81
408,422,24
408,424,26
408,425,72
408,428,41
408,429,78
408,431,59
408,435,46
408,436,42
408,437,56
408,438,92
408,445,99
408,450,75
408,451,69
408,455,73
408,456,12
408,459,62
408,462,57
408,465,27
408,466,95
408,469,82
408,472,62
408,473,40
408,474,1
408,476,78
408,477,30
408,483,43
408,485,57
408,486,95
408,496,50
408,502,32
408,506,55
408,509,4
409,410,49
409,411,28
409,414,47
409,418,2
409,419,72
409,420,10
409,423,27
409,426,62
409,428,45
409,429,26
409,430,65
409,432,46
409,435,30
409,441,12
409,445,94
409,454,47
409,459,31
409,462,47
409,463,13
409,468,3
409,470,72
409,473,18
409,474,66
409,484,76
409,485,52
409,487,36
409,488,8
409,489,44
409,490,2
409,491,72
409,500,59
409,502,70
409,506,33
410,411,6
410,416,44
410,422,99
410,427,27
410,429,67
410,438,36
410,440,50
410,442,97
410,453,25
410,454,50
410,457,60
410,459,40
410,460,65
410,463,26
410,465,39
410,466,89
410,475,1
410,478,59
410,490,89
410,496,75
410,503,54
410,511,50
411,412,60
411,413,43
411,415,44
411,427,49
411,429,60
411,430,45
411,431,48
411,433,38
411,436,60
411,439,20
411,441,60
411,444,96
411,451,47
411,455,43
411,456,37
411,459,35
411,460,9
411,468,43
411,472,67
411,477,36
411,479,53
411,480,44
411,489,99
411,492,45
411,500,25
411,501,80
411,502,99
411,508,19
411,509,30
412,417,30
412,421,8
412,422,83
412,425,27
412,434,68
412,437,63
412,439,36
412,440,72
412,442,61
412,446,59
412,460,57
412,461,44
412,463,57
412,475,89
412,479,60
412,483,82
412,484,100
412,487,7
412,488,19
412,493,55
412,498,40
412,503,89
412,505,16
412,509,67
412,413,54
413,415,30
413,420,59
413,424,41
413,425,37
413,432,18
413,433,66
413,437,47
413,438,52
413,440,13
413,441,16
413,442,34
413,446,67
413,447,68
413,448,33
413,453,4
413,454,96
413,455,82
413,457,14
413,458,84
413,462,32
413,463,75
413,464,95
413,467,56
413,469,1
413,471,22
413,472,3
413,478,4
413,480,49
413,481,14
413,483,52
413,484,98
413,487,31
413,489,41
413,495,57
413,502,15
413,505,54
413,506,79
413,510,3
413,414,24
414,417,27
414,418,84
414,419,82
414,420,62
414,422,22
414,423,14
414,425,90
414,426,41
414,429,92
414,434,58
414,436,40
414,443,8
414,444,2
414,452,19
414,457,30
414,459,75
414,460,96
414,464,96
414,467,63
414,472,10
414,479,79
414,481,69
414,483,87
414,490,74
414,491,46
414,498,38
414,499,59
414,503,76
414,504,29
414,505,56
414,507,57
414,508,79
414,415,76
415,416,61
415,421,80
415,424,24
415,428,94
415,429,76
415,437,98
415,438,50
415,439,89
415,445,20
415,449,79
415,453,8
415,455,25
415,458,3
415,460,56
415,461,35
415,466,57
415,470,91
415,471,55
415,474,94
415,480,81
415,483,83
415,486,44
415,488,96
415,489,82
415,490,11
415,492,23
415,495,76
415,499,7
415,503,84
416,418,43
416,423,100
416,428,2
416,434,45
416,435,25
416,436,36
416,438,89
416,442,99
416,443,12
416,448,27
416,453,63
416,458,61
416,464,99
416,466,30
416,468,55
416,470,95
416,472,83
416,476,95
416,477,58
416,478,41
416,479,57
416,481,88
416,489,49
416,492,14
416,494,85
416,496,20
416,497,42
416,503,17
416,504,80
416,506,62
416,510,86
416,417,56
417,426,78
417,434,56
417,443,91
417,445,50
417,446,71
417,447,31
417,453,95
417,454,17
417,456,63
417,457,98
417,466,93
417,468,9
417,469,60
417,471,8
417,472,13
417,473,19
417,475,65
417,477,67
417,478,22
417,483,66
417,488,23
417,493,70
417,499,57
417,500,43
417,502,26
417,503,56
417,505,2
417,418,80
418,420,47
418,424,19
418,428,66
418,429,27
418,432,63
418,435,13
418,439,30
418,441,16
418,443,78
418,445,38
418,455,16
418,456,12
418,457,63
418,459,53
418,471,6
418,472,61
418,473,40
418,475,9
418,476,8
418,478,70
418,482,60
418,488,45
418,495,98
418,496,22
418,497,43
418,419,34
419,420,65
419,422,36
419,424,15
419,429,84
419,436,51
419,440,32
419,443,4
419,444,38
419,447,13
419,448,89
419,453,35
419,456,64
419,461,32
419,470,10
419,473,93
419,475,82
419,476,24
419,480,83
419,481,36
419,483,51
419,484,100
419,487,98
419,493,27
419,497,27
419,507,60
420,425,80
420,426,89
420,427,49
420,428,74
420,429,97
420,433,13
420,434,12
420,441,65
420,444,7
420,458,69
420,460,65
420,463,69
420,470,21
420,471,31
420,472,98
420,474,15
420,477,62
420,481,58
420,484,20
420,487,5
420,492,32
420,500,89
420,502,38
420,504,90
420,421,46
421,423,78
421,429,28
421,437,75
421,438,90
421,442,100
421,446,75
421,449,76
421,451,94
421,452,31
421,455,40
421,457,59
421,458,80
421,460,7
421,463,80
421,466,59
421,471,75
421,472,94
421,478,64
421,479,45
421,481,28
421,486,55
421,489,24
421,500,46
421,504,30
421,507,4
421,509,11
421,511,48
421,422,92
422,423,61
422,426,9
422,427,99
422,428,51
422,429,39
422,431,4
422,435,43
422,438,67
422,439,48
422,445,90
422,446,83
422,455,91
422,458,71
422,459,98
422,464,76
422,465,2
422,474,96
422,475,98
422,476,59
422,478,42
422,479,65
422,480,9
422,481,7
422,483,89
422,485,94
422,489,48
422,491,49
422,493,72
422,495,59
422,496,51
422,504,100
422,505,65
422,511,13
423,427,17
423,445,79
423,446,60
423,447,12
423,448,72
423,450,6
423,453,69
423,454,15
423,459,99
423,460,42
423,463,50
423,467,86
423,469,78
423,477,85
423,479,10
423,480,56
423,484,82
423,486,10
423,499,19
423,501,37
423,506,64
423,510,93
423,424,29
424,437,2
424,439,85
424,441,66
424,447,59
424,450,58
424,453,45
424,457,51
424,462,58
424,463,39
424,466,69
424,471,71
424,473,47
424,476,98
424,482,69
424,485,74
424,486,20
424,487,69
424,488,28
424,492,43
424,499,69
424,500,1
424,505,80
424,506,99
424,507,69
424,511,83
424,425,97
425,427,17
425,429,70
425,432,98
425,437,33
425,438,70
425,441,36
425,445,84
425,461,91
425,463,57
425,467,63
425,475,5
425,481,88
425,483,49
425,484,46
425,486,27
425,489,37
425,490,50
425,491,90
425,493,56
425,496,49
425,499,16
425,500,25
425,503,77
425,508,35
425,510,85
425,426,34
426,436,65
426,443,2
426,449,99
426,450,44
426,452,86
426,460,35
426,464,16
426,465,44
426,467,65
426,472,8
426,475,15
426,476,79
426,477,98
426,481,99
426,483,56
426,485,21
426,486,55
426,490,25
426,499,14
426,504,75
426,506,2
426,427,59
427,429,42
427,431,38
427,433,46
427,437,48
427,442,76
427,449,99
427,461,90
427,464,52
427,468,54
427,471,91
427,476,55
427,477,84
427,478,25
427,480,37
427,484,62
427,485,63
427,486,15
427,487,12
427,493,33
427,494,8
427,497,42
427,501,96
427,504,13
427,507,84
427,508,93
427,428,52
428,431,19
428,437,42
428,441,33
428,444,34
428,446,34
428,459,6
428,461,21
428,465,90
428,466,56
428,468,79
428,470,100
428,473,95
428,476,83
428,479,57
428,480,79
428,484,62
428,485,90
428,499,72
428,500,28
428,507,33
428,510,83
428,511,3
428,429,90
429,432,17
429,435,23
429,436,75
429,446,8
429,451,1
429,457,48
429,458,59
429,460,95
429,463,10
429,465,33
429,467,72
429,471,24
429,473,9
429,474,62
429,480,44
429,483,67
429,489,31
429,490,4
429,496,72
429,501,46
429,503,6
429,504,57
429,510,15
429,430,8
430,433,13
430,436,8
430,441,17
430,442,47
430,443,87
430,444,64
430,445,25
430,452,4
430,465,63
430,467,90
430,473,41
430,474,44
430,476,85
430,477,17
430,478,52
430,480,88
430,481,5
430,482,57
430,492,11
430,494,25
430,497,71
430,504,86
430,509,28
430,510,21
430,431,11
431,435,37
431,436,62
431,438,91
431,439,85
431,440,4
431,450,81
431,453,70
431,456,78
431,461,47
431,463,76
431,465,10
431,469,49
431,472,12
431,473,27
431,474,17
431,475,95
431,487,10
431,496,87
431,502,53
431,503,62
431,510,4
431,432,60
432,433,95
432,439,18
432,443,12
432,444,74
432,451,16
432,452,57
432,454,95
432,459,65
432,461,81
432,465,16
432,466,63
432,468,80
432,471,72
432,472,81
432,473,73
432,477,16
432,480,72
432,486,57
432,490,25
432,493,50
432,497,60
432,499,88
432,502,47
432,510,74
432,511,14
433,434,93
433,440,14
433,441,7
433,442,74
433,447,47
433,449,48
433,450,2
433,453,85
433,456,20
433,458,40
433,459,83
433,462,76
433,465,40
433,467,59
433,470,57
433,473,18
433,474,91
433,475,7
433,479,59
433,482,27
433,487,88
433,488,71
433,493,95
433,495,53
433,497,10
433,501,1
433,504,11
433,508,53
433,510,24
434,439,85
434,440,86
434,441,45
434,442,74
434,443,38
434,447,43
434,450,11
434,451,27
434,454,13
434,457,56
434,458,93
434,462,26
434,465,45
434,467,84
434,468,25
434,471,11
434,473,1
434,474,27
434,487,55
434,488,77
434,497,11
434,501,70
434,502,68
434,504,93
434,505,7
434,509,68
434,510,13
434,435,27
435,436,54
435,442,38
435,444,49
435,445,40
435,447,51
435,450,45
435,451,69
435,458,31
435,459,73
435,469,1
435,470,90
435,478,72
435,499,77
435,501,46
435,502,3
435,505,25
436,438,40
436,439,100
436,440,85
436,443,21
436,444,72
436,447,93
436,450,35
436,452,71
436,458,60
436,465,38
436,470,31
436,482,23
436,483,80
436,485,82
436,491,100
436,493,1
436,495,21
436,498,68
436,500,96
436,501,52
436,505,93
436,511,35
436,437,4
437,439,69
437,446,29
437,447,48
437,448,95
437,450,2
437,451,58
437,460,2
437,467,100
437,471,50
437,479,26
437,482,20
437,486,1
437,488,54
437,489,12
437,493,2
437,497,73
437,500,100
437,502,98
437,504,68
437,438,3
438,443,3
438,446,25
438,451,24
438,452,46
438,456,61
438,469,29
438,474,76
438,478,4
438,479,80
438,482,21
438,483,52
438,488,19
438,492,6
438,493,73
438,496,91
438,501,88
438,508,44
438,439,8
439,440,53
439,442,83
439,447,60
439,448,76
439,451,13
439,454,6
439,455,11
439,457,85
439,459,19
439,461,46
439,463,11
439,469,36
439,471,26
439,472,50
439,479,9
439,480,19
439,482,75
439,484,81
439,498,99
439,501,21
439,505,84
439,506,90
439,510,88
439,511,11
440,441,88
440,442,83
440,450,49
440,451,64
440,461,80
440,479,83
440,480,1
440,483,99
440,485,13
440,488,99
440,491,96
440,499,12
440,501,46
440,503,33
440,505,5
440,510,2
441,446,50
441,449,73
441,460,43
441,481,77
441,491,85
441,494,95
441,498,71
441,505,51
441,506,19
441,508,63
441,442,18
442,449,78
442,453,48
442,457,19
442,460,77
442,466,49
442,471,10
442,475,60
442,479,84
442,486,100
442,488,29
442,489,30
442,490,44
442,492,93
442,493,2
442,494,39
442,500,17
442,501,35
442,502,41
442,504,3
442,506,28
442,507,2
442,511,11
442,443,92
443,446,52
443,448,48
443,449,78
443,450,35
443,455,84
443,456,23
443,459,85
443,460,76
443,461,47
443,464,42
443,469,42
443,470,68
443,471,34
443,472,1
443,474,43
443,478,7
443,479,97
443,485,22
443,488,30
443,489,36
443,494,28
443,495,56
443,497,22
443,500,60
443,501,36
443,503,92
443,506,61
443,507,88
443,444,18
444,445,23
444,447,61
444,449,87
444,451,46
444,455,37
444,458,31
444,460,20
444,464,72
444,465,93
444,470,10
444,473,40
444,478,50
444,482,43
444,487,77
444,488,50
444,490,31
444,495,70
444,503,74
444,505,53
444,507,18
445,449,73
445,451,4
445,456,91
445,463,93
445,469,39
445,490,81
445,493,64
445,494,70
445,496,28
445,500,94
445,503,71
445,510,13
445,446,20
446,447,82
446,450,57
446,458,29
446,459,79
446,461,84
446,463,70
446,465,54
446,484,16
446,490,54
446,496,41
446,500,85
446,501,80
446,503,13
446,506,7
446,509,35
447,448,21
447,453,49
447,463,57
447,467,1
447,468,94
447,470,18
447,471,39
447,476,79
447,477,6
447,478,31
447,481,25
447,482,94
447,487,22
447,495,7
447,499,97
447,504,59
447,506,74
447,507,15
447,510,25
447,511,85
448,450,90
448,453,96
448,454,68
448,457,4
448,459,93
448,462,98
448,463,48
448,465,53
448,468,13
448,470,86
448,473,40
448,475,33
448,482,81
448,495,6
448,500,55
448,501,54
448,509,10
448,449,50
449,454,36
449,457,30
449,461,55
449,469,62
449,470,26
449,471,74
449,473,35
449,474,6
449,475,11
449,479,51
449,480,14
449,483,58
449,489,74
449,497,86
449,500,52
449,504,51
449,505,70
449,506,22
449,510,62
449,450,78
450,453,57
450,454,34
450,457,60
450,459,80
450,462,12
450,463,44
450,464,5
450,465,5
450,466,71
450,468,54
450,471,11
450,476,5
450,481,73
450,484,72
450,488,19
450,491,48
450,493,85
450,497,100
450,501,81
450,502,41
450,506,34
450,510,88
450,451,65
451,453,73
451,455,35
451,456,55
451,457,90
451,464,25
451,469,32
451,474,14
451,476,86
451,479,40
451,481,10
451,483,20
451,484,41
451,487,80
451,491,56
451,492,25
451,498,68
451,500,79
451,502,69
451,507,41
451,511,9
451,452,91
452,454,83
452,456,67
452,457,13
452,461,15
452,462,78
452,465,75
452,468,7
452,469,66
452,471,100
452,476,44
452,478,96
452,486,10
452,488,9
452,490,70
452,491,26
452,492,70
452,495,92
452,503,92
452,505,50
452,453,49
453,455,92
453,458,100
453,462,78
453,463,16
453,465,54
453,467,77
453,469,23
453,474,68
453,476,23
453,478,73
453,479,44
453,484,35
453,488,28
453,492,87
453,496,53
453,497,11
453,499,42
453,500,93
453,507,67
453,509,94
453,454,37
454,457,21
454,468,47
454,469,74
454,475,77
454,476,4
454,480,1
454,483,31
454,484,89
454,493,97
454,497,3
454,499,72
454,510,23
454,455,82
455,456,38
455,459,100
455,469,69
455,472,45
455,475,59
455,484,100
455,487,78
455,490,60
455,496,12
455,500,74
455,509,59
456,457,76
456,460,43
456,462,12
456,465,73
456,469,46
456,474,11
456,476,85
456,479,74
456,481,67
456,487,70
456,488,63
456,491,59
456,493,65
456,495,79
456,504,59
456,509,90
457,460,24
457,461,11
457,463,31
457,471,46
457,474,11
457,476,41
457,477,89
457,483,30
457,485,37
457,489,37
457,490,27
457,491,78
457,492,94
457,493,38
457,494,34
457,496,80
457,500,68
457,501,24
457,504,82
457,505,66
457,511,56
457,458,100
458,462,24
458,463,51
458,465,96
458,471,49
458,473,51
458,474,42
458,480,75
458,481,99
458,483,8
458,484,89
458,485,3
458,486,17
458,496,37
458,497,79
458,499,56
458,500,95
458,501,75
458,503,58
458,505,73
458,506,25
458,459,21
459,463,59
459,464,81
459,465,31
459,466,17
459,470,20
459,477,41
459,484,45
459,485,29
459,486,67
459,488,60
459,493,81
459,495,89
459,497,3
459,498,29
459,505,95
459,506,51
459,507,90
459,509,68
459,460,73
460,464,11
460,470,54
460,471,26
460,477,70
460,478,35
460,479,7
460,483,44
460,484,66
460,487,37
460,491,26
460,495,100
460,497,73
460,498,57
460,499,34
460,502,82
460,505,99
460,507,7
460,461,68
461,463,49
461,466,79
461,470,46
461,473,100
461,475,35
461,484,19
461,485,51
461,486,63
461,488,62
461,494,19
461,496,80
461,497,71
461,498,54
461,499,90
461,502,43
461,509,26
461,462,38
462,473,69
462,474,52
462,475,95
462,476,67
462,478,23
462,483,72
462,485,79
462,486,24
462,487,42
462,488,15
462,492,1
462,496,45
462,498,57
462,500,91
462,503,18
462,504,34
462,505,65
462,510,80
462,463,95
463,470,35
463,471,52
463,476,26
463,477,2
463,478,68
463,481,97
463,482,27
463,483,39
463,488,32
463,499,71
463,508,88
463,510,3
463,511,98
463,464,8
464,471,48
464,472,56
464,475,79
464,479,91
464,482,83
464,484,96
464,487,70
464,493,20
464,497,21
464,498,22
464,503,42
464,504,15
464,508,12
464,510,3
464,465,36
465,467,68
465,468,89
465,471,27
465,477,86
465,478,52
465,485,55
465,486,79
465,493,39
465,494,76
465,495,29
465,496,23
465,499,89
465,503,86
465,504,27
465,505,90
465,510,90
465,466,1
466,468,56
466,469,94
466,470,61
466,472,31
466,477,86
466,479,49
466,483,46
466,488,27
466,489,35
466,490,88
466,493,64
466,500,27
466,501,4
466,503,38
466,505,89
466,508,18
466,467,37
467,471,47
467,472,59
467,476,26
467,478,61
467,479,31
467,481,22
467,483,94
467,486,36
467,487,96
467,491,72
467,492,76
467,493,63
467,496,29
467,499,6
467,501,78
467,503,41
467,506,24
467,507,98
467,508,55
467,510,30
467,468,19
468,469,26
468,473,49
468,474,36
468,476,32
468,483,60
468,488,15
468,489,78
468,497,40
468,498,78
468,499,65
468,505,24
468,508,32
468,510,50
469,471,43
469,474,74
469,479,61
469,482,29
469,485,78
469,488,2
469,496,32
469,503,69
469,506,68
469,470,46
470,475,22
470,478,83
470,479,26
470,480,97
470,481,9
470,487,48
470,488,16
470,491,76
470,495,94
470,496,84
470,499,73
470,501,3
470,503,25
470,506,26
470,507,17
470,508,84
470,471,23
471,472,55
471,474,15
471,477,41
471,479,83
471,481,7
471,482,29
471,483,8
471,487,98
471,488,41
471,489,12
471,498,74
471,500,70
471,502,38
471,503,50
472,481,1
472,482,52
472,484,42
472,485,9
472,487,10
472,490,78
472,491,46
472,494,3
472,496,57
472,498,3
472,500,60
472,501,87
472,504,93
472,506,61
472,508,75
472,473,45
473,476,4
473,478,67
473,482,42
473,483,5
473,490,19
473,495,47
473,496,96
473,498,13
473,499,37
473,500,34
473,504,47
473,505,96
473,506,82
473,474,13
474,476,21
474,477,86
474,479,78
474,483,11
474,484,88
474,487,34
474,490,4
474,493,100
474,496,55
474,511,15
474,475,82
475,482,92
475,489,30
475,492,3
475,493,89
475,494,56
475,495,37
475,505,88
475,506,6
475,510,70
475,511,72
475,476,92
476,485,65
476,486,94
476,497,32
476,501,60
476,503,14
476,477,26
477,479,26
477,480,67
477,481,2
477,488,66
477,490,97
477,491,56
477,492,80
477,496,31
477,503,99
477,508,75
477,510,45
477,478,70
478,483,93
478,487,83
478,488,39
478,489,14
478,493,52
478,499,53
478,500,32
478,505,62
478,507,33
478,508,93
478,479,10
479,480,77
479,484,15
479,489,39
479,498,48
479,504,1
479,508,14
480,482,68
480,483,8
480,485,87
480,487,79
480,491,52
480,493,87
480,497,57
480,501,51
480,509,23
480,510,40
480,481,40
481,482,72
481,485,49
481,492,55
481,496,10
481,497,18
481,502,79
481,508,51
481,509,95
481,511,98
482,485,82
482,487,77
482,489,67
482,496,3
482,498,54
482,499,51
482,500,1
482,504,88
482,505,85
482,506,54
482,509,5
482,511,5
482,483,12
483,485,29
483,486,43
483,489,57
483,497,8
483,501,56
483,502,20
483,505,42
483,511,82
483,484,45
484,489,13
484,490,95
484,491,19
484,493,38
484,498,34
484,503,43
484,505,21
484,485,1
485,486,11
485,487,14
485,491,37
485,494,46
485,500,43
485,502,20
485,503,34
485,506,5
485,508,74
485,510,57
486,488,53
486,490,28
486,491,99
486,499,80
486,500,30
486,501,98
486,502,31
486,503,55
486,506,5
486,510,39
486,487,9
487,489,64
487,494,5
487,501,9
487,503,12
487,505,91
487,506,15
487,509,22
487,488,44
488,489,45
488,502,35
488,511,1
489,491,67
489,493,55
489,494,49
489,497,82
489,499,68
489,503,4
489,505,80
489,509,1
489,490,64
490,496,57
490,499,25
490,500,60
490,501,1
490,502,24
490,508,50
490,509,42
490,510,95
490,511,88
490,491,37
491,493,89
491,501,20
491,504,19
491,507,41
491,492,32
492,493,22
492,494,64
492,495,100
492,503,11
492,508,92
493,494,16
493,499,51
493,510,71
494,495,24
494,499,71
494,500,72
494,511,24
495,507,78
495,509,98
495,511,90
495,496,11
496,498,18
496,499,39
496,502,68
496,503,45
496,507,40
496,508,21
496,509,97
496,497,18
497,503,55
497,509,23
497,498,4
498,504,10
498,505,5
498,506,92
498,508,22
498,509,23
498,499,40
499,500,18
500,501,98
500,503,14
500,507,17
500,511,94
501,503,98
501,505,46
501,507,32
501,509,28
501,511,39
501,502,82
502,504,58
502,506,31
502,507,74
502,509,58
502,510,94
502,503,87
503,505,37
503,506,14
503,510,83
503,504,82
504,506,41
504,507,22
504,508,71
504,505,78
505,506,98
506,510,46
506,507,47
507,509,36
507,508,56
508,509,9
509,511,46
509,510,25
510,511,18
